"A new $56,000-a-year Alzheimer's medication that's leading to one of the biggest increases ever in Medicare premium‚Ä¶ https://t.co/agsDUrHVy5"
In 1968 when Biden graduated from law school the minimum wage was $1.60/hour which is the equivalent to the purchas‚Ä¶ https://t.co/NxaEHjPnJM
@MikeBetts43 @chrisg409ubc @Glassman1148 @Klee34036780 @Vanessa76_1 @tallnblonde1 @Annie20554592 @Godslightangel7‚Ä¶ https://t.co/tvymSeIUq6
"‚ÄúWe‚Äôre talking about rebuilding America, investing in America, building a better America.""https://t.co/isyf6kMfiP"
@Keck553 @Imagecaptured Can anyone confirm if this is an actual pic of Biden or was it photoshopped?  Unreal face.‚Ä¶ https://t.co/SB9Sl0pLUk
@MikeNaigIA @IAGovernor @KimReynoldsIA SHE didn't do this! President Biden and the Democrats did.
Trump Is CRUSHING Biden In Every Metric! The People WANT TRUMP BACK! https://t.co/N8Sn6LX5t6 via @YouTube
"@MikeNaigIA @IAGovernor @KimReynoldsIA Surely you mean, ‚ÄúThanks President Biden and Congressional Democrats!‚Äù Kim R‚Ä¶ https://t.co/r5V7NeRBLe"
Senate rejects Biden‚Äôs vaccine mandate for businesses https://t.co/Ub1gaEhTxd
Republican Sens. Chuck Grassley and Joni Ernst voted Wednesday to pass a Senate resolution that would invalidate Pr‚Ä¶ https://t.co/caiXqwN0O6
@B_1_1_529q The deep state is very active in putting out false info to keep patriots from taking matters into their‚Ä¶ https://t.co/Sm5LzFKzBE
WATCH: The executive order would cut the government's carbon emission by 65% by the year 2030. https://t.co/iYLF2pz0MT
@govkristinoem @argusleader President Biden's Bipartisan Infrastructure bill will bring almost $3 billion to South‚Ä¶ https://t.co/3nSYGHhAlN
@electriceric01 @dxnyfishy @JoeBiden i wouldn't say best but hes what we got and as long as trump is not in office im fine with biden
Biden order aims to make federal government carbon neutral by 2050  https://t.co/OTz6eWI996
@elonmusk Biden likes to take credit for actions in Obama's time.  How about when factories for the 27000 parts in‚Ä¶ https://t.co/xatLtkuBgf
"Great news!! ""The Senate voted to block the Biden Administration‚Äôs mandate that large private companies require emp‚Ä¶ https://t.co/ZsP9OIgs50"
Iowa Republican U.S. Sens. Charles Grassley and Joni Ernst voted Wednesday to pass a Senate resolution that would i‚Ä¶ https://t.co/fV4aasqOWa
@KevinP678 @Ethan__Tremblay @sumlikeitall @WHO13news Trump told the Taliban ahead of time we were leaving.  He brag‚Ä¶ https://t.co/0sp7CK48HU
"""I have always encouraged Iowans to get vaccinated, @ChuckGrassley told reporters ahead of the floor vote. ""The Bid‚Ä¶ https://t.co/WIdY7AV5hA"
"""Iowans should make the decisions about their own health care‚Äînot the federal government‚Äîand President Biden‚Äôs heav‚Ä¶ https://t.co/3o8gn9JtDk"
"The move comes as the #OmicronVariant quickly spreads through the U.S. and globally, and as Iowa continues to exper‚Ä¶ https://t.co/pUrtiAoegz"
"@Eric_Schmitt @JoeBiden . @Eric_Schmitt, you‚Äôre wrong at the start: Pres Biden visited various other states that vo‚Ä¶ https://t.co/Xt4Fh0WgYX"
@SenatorBraun @WhiteHouse Indiana- 14th in COVID deaths AND 80 more just today. Helluva job Senator. Make sure you‚Ä¶ https://t.co/CjDo9XXGy1
The Family Farm Action Alliance has requested the Dept. of Justice to investigate recent fertilizer price spikes.‚Ä¶ https://t.co/xSDb0EaUVV
GOP senate candidates allege Facebook's Zuckerberg spent millions to 'buy the presidency' for Biden ‚Äî but there's n‚Ä¶ https://t.co/K4ss4WoiRm
"Despite the 52-48 vote in the Senate, the House is unlikely to take up the resolution against the mandate for emplo‚Ä¶ https://t.co/faruxZslRt"
This cause is close to my heart - please sign: https://t.co/abgoPoN0FH
@cflisthebest @JoeBiden https://t.co/McitjrGbmF negative
Senate votes to nix Biden's vaccine mandate for businesses https://t.co/n3rDW0QK6F #SmartNews
WHAT IS WRONG WITH THEM!!!  Senate votes to block Biden‚Äôs vaccine mandate for businesses https://t.co/Gl7QrB2edz #SmartNews
@TeaPainUSA Maybe they use a cheap extension cord from thrift store. That‚Äôs not Biden‚Äôs fault.
"Senate passes resolution to defund, repeal Biden vaccine mandate https://t.co/no6zfOgtVh via @nbcnews"
@switchhalf @jordynsleftbrow You won't see President Biden and the First Lady attending the Opening or Closing Cere‚Ä¶ https://t.co/5u6YaWELIt
Joseph R. Biden: Tell Congress To Ban Lagging - Sign the Petition! https://t.co/5KEHqdj22x via @Change
YES! We should be providing free at home tests for all. via @NYTOpinion https://t.co/oYzTtbNNMg
Biden order would make U.S. government carbon-neutral by 2050 https://t.co/yzTTcj2z2A
President Joe Biden is signing an executive order that forces government agencies to invest in clean energy.  https://t.co/M7LzYkJstl
"Trump torches Biden in 'Fox &amp; Friends' interview, says admin is destroying America https://t.co/0oUeYvDBzs via @YouTube"
"Heard on NPR about Biden setting net-zero goals for the federal government, after Trump abandoned the plan that Oba‚Ä¶ https://t.co/S1Civ0SuVO"
U.S. President Joe Biden planned to sign an executive order vowing to transition to the acquisition of only zero-em‚Ä¶ https://t.co/iV5b5K6gJ3
POLL PANIC! Biden COLLAPSES To 22 PERCENT!!! https://t.co/QZDxTRATwr via @YouTube
How many apparent nationwide crises is Biden going to solve in about the same timespan as Target's return policy https://t.co/2nBKIVw0hu
"Biden is laying out how being able to afford insulin allows a parent to assure one's child, ""Don't worry. We've got‚Ä¶ https://t.co/gdMqdjfdsk"
"@washingtonpost I am noticing that as Biden's poll numbers decrease, the presence and profile of HRC increases. Tha‚Ä¶ https://t.co/0gSyZno2RT"
@KevinP678 @Ethan__Tremblay @sumlikeitall @WHO13news Biden‚Äôs campaigns were mostly virtual. I remember you Trumpocr‚Ä¶ https://t.co/VRm1O9i1zL
"WASHINGTON ‚Äî A new $56,000-a-year Alzheimer‚Äôs medication that‚Äôs leading to one of the biggest increases ever in Med‚Ä¶ https://t.co/yxvW4mjizP"
"@IAGovernor As an Iowan, I must ask since when does Iowa have a strong record of conservation? Why don‚Äôt we just ba‚Ä¶ https://t.co/XDwZD9RXK6"
@KevinP678 @Ethan__Tremblay @sumlikeitall @WHO13news And you screamed Biden was racist I‚Äôm sure.
Russian media calls Trump 'sorely missed' after Biden warns Putin of severe consequences for Ukraine invasion‚Ä¶ https://t.co/ERQwNTt2y7
@WouldKurt @hamloaf1 @Panosfrmgoranos @JoeBiden That says the same damn thing and proves my point the Biden is taki‚Ä¶ https://t.co/71yBDyhUoN
@hamloaf1 @Panosfrmgoranos @JoeBiden This was mainstream when Biden was elected
@hamloaf1 @Panosfrmgoranos @JoeBiden Try again https://t.co/mtqElCvW3S
@Panosfrmgoranos @JoeBiden Trump had already done that and then Biden reversed it and now he's taking credit for it again
‚ÄúThis is good news this morning. The Pfizer lab report came back saying that the expectation is the existing vaccin‚Ä¶ https://t.co/OUNsw3gjDU
@sexagenariatric I had a conversation with a very sweet woman who was blaming Biden for high gas prices. She really‚Ä¶ https://t.co/SqeF7Z4Bjs
These SHOCKING Poll Numbers Don‚Äôt Look Good for Biden https://t.co/iZLra06rC3 via @YouTube
Biden wants to make federal government carbon neutral by 2050. Says one expert: ‚ÄúIt doesn‚Äôt tell the private sector‚Ä¶ https://t.co/TmNgSmgskp
@christina_bobb Biden vote count never did add up. But no one is doing anything. Just our fake government.Doing it‚Ä¶ https://t.co/rbPKOehoLw
My governor forgot to thank Joe Biden https://t.co/Rdyv4JJHXI
@govkristinoem Thanks to Biden for the increased funding from the American Rescue Plan.
"Biden pushes free at-home COVID tests, but there's a problem  https://t.co/psBmbbJO1W"
Biden Commits Federal Government to 100% Zero Emission Vehicle Purchases by 2035  https://t.co/OWSkyMkMD6 via @commondreams
Biden Executive Order Fails to Confront Fossil Fuels   https://t.co/FD6SzJq13z via @commondreams
"Canceling $50,000 of student debt ""would relieve an enormous burden from borrowers while pumping billions of dollar‚Ä¶ https://t.co/IYooGWrVEl"
"A new $56,000-a-year Alzheimer's medication that's leading to one of the biggest increases ever in Medicare premium‚Ä¶ https://t.co/KLubR1jzCC"
@rollcall @RepDonBacon Is this the first time you've met Don Bacon? He calls any Democrat policy he doesn't like so‚Ä¶ https://t.co/PImgwvRBqT
President Biden Warns Putin Of 'Strong Response' If Russia Invades Ukraine https://t.co/rJQEw38zj3
Biden ‚Äòfights‚Äô climate crisis with kid gloves on https://t.co/trUCL5VX3v
President Biden Warns Putin Of 'Strong Response' If Russia Invades Ukraine https://t.co/6OvItDwNj0
@JoeBiden Someone gonna post a joe Biden ‚ÄúI did that‚Äù sticker on this??
Biden Leases Millions of Acres for Oil Drilling https://t.co/52wyUQfI0w via @YouTube
"President Biden will sign an executive order directing the federal government to get to net-zero emissions by 2050,‚Ä¶ https://t.co/3IA7jKiC8e"
@cenkuygur @JoeBiden Why not focus your efforts on getting Biden and the Democratic party out of power and NEVER vo‚Ä¶ https://t.co/ABINAQpvOp
@GOP The failure was during Trump's years. Biden is cleaning up the mess.
"Medicare‚Äôs Part B premium for outpatient care will jump by $21.60 a month in 2022, to $170.10, the largest dollar i‚Ä¶ https://t.co/XRUKEyrXCJ"
¬´Biden Sprays Colombia¬ª #NewWorldNextWeek ‚Ä¢  @shartstorm8d8 https://t.co/lczTtd48UQ
@Eric_Schmitt @JoeBiden So Missouri will be turning down the money and infrastructure projects in Biden's recently‚Ä¶ https://t.co/DAS1ZyVtBa
@JoJoFromJerz Reports are Hunter Biden was there and his laptop caught fire and started the whole thing.
Biden COWERS In FEAR! Immediately Giving In On The World Stage... What A... https://t.co/gfnyy0tCX4 via @YouTube
"I‚Äôm working hard to be your next Governor so I can cut your taxes, push back against Biden's reckless spending, and‚Ä¶ https://t.co/k7nfGmSGR3"
New video by Tim Pool: Biden Admin Held SECRET Meetings With Press To Manipulate Coverage As Democrats PANIC Over M‚Ä¶ https://t.co/s3EwOEiYrg
"Under the order, government buildings must use 100% carbon pollution-free electricity by 2030 and the U.S. fleet of‚Ä¶ https://t.co/keAqr4PFbP"
"Biden, Oil Companies Clash Over Price-Gouging Allegations https://t.co/karHkN4N3H"
Steve Scalise Blames Opioid Crisis ‚Äî That‚Äôs Existed for Five Years ‚Äî on ‚ÄòBiden‚Äôs Border Crisis‚Äô of Past 10 Months‚Ä¶ https://t.co/gOX2waKCkA
"@DuhartKimberlie They miss Donald! With him it was; one, two, three, or more crazy tweets, qoutes, or controversies‚Ä¶ https://t.co/UqUomVCO5Z"
New video by Timcast Clips: Joe Biden Threatens Putin https://t.co/4vZv0E6FB7
"@your_juannonly Fun fact, the Republican Party is the one who abolished slavery. (The point here being that when it‚Ä¶ https://t.co/7KVGkz0ayV"
"There are multiple problems with the proposal. For example, it's not yet clear how people will be reimbursed or how‚Ä¶ https://t.co/XPRCjzeEUC"
"@jamessasek Biden was born closer to Lincoln's presidency, than his own. Little fun fact I keep grappling with lol."
Iowans pay 2 to 3 times more for prescription drugs than people in other developed nations. These outrageous costs‚Ä¶ https://t.co/a0Nz77QXmN
President Joe Biden on Wednesday signed an executive order to make the federal government carbon-neutral by 2050. https://t.co/QZ3tNlTHFR
President Joe Biden on Wednesday signed an executive order to make the federal government carbon-neutral by 2050. https://t.co/G6YPc5eSK2
President Joe Biden on Wednesday signed an executive order to make the federal government carbon-neutral by 2050. https://t.co/71oWNKUw2B
President Joe Biden on Wednesday signed an executive order to make the federal government carbon-neutral by 2050. https://t.co/OUpL3QeLZn
@stephiegal because we keep doing the same things that didn't work in 2020 and double down plus when you have  Bide‚Ä¶ https://t.co/r2mnI7MQ7R
President Joe Biden on Wednesday signed an executive order to make the federal government carbon-neutral by 2050. https://t.co/8AsXHi89L4
President Joe Biden on Wednesday signed an executive order to make the federal government carbon-neutral by 2050. https://t.co/oPrQBzNz9T
President Joe Biden on Wednesday signed an executive order to make the federal government carbon-neutral by 2050. https://t.co/QcXub8TvYw
President Joe Biden on Wednesday signed an executive order to make the federal government carbon-neutral by 2050. https://t.co/NoUIol860V
President Joe Biden on Wednesday signed an executive order to make the federal government carbon-neutral by 2050. https://t.co/n1mxm3lWQ6
Biden order would make US government carbon neutral by 2050 https://t.co/E7N52z0DFK
"@catturd2 Since Biden thinks open borders is a good thing, then why doesn't he teach Ukraine how to do it.  Russia‚Ä¶ https://t.co/K3UUW1aA2D"
@IAGovernor Thanks to the Biden Administration for this funding.  Sorry you and the GOP opposed it and now claim credit.
Kremlin: No date set for more talks after Putin-Biden call  https://t.co/IaOqztoUsU
Biden has new brand for infrastructure deal he‚Äôs promoting https://t.co/QdLrWFV5fl
"President Joe Biden has signed an executive order to make the federal government carbon-neutral by 2050, with a 65%‚Ä¶ https://t.co/PET2Xvp1vr"
"Read this comment, and sign the petition. He is one of the most deserving people of this award. He has changed the‚Ä¶ https://t.co/YlChF8l6ts"
Joe Biden: Award George Perez the Presidential Medal of Freedom in 2022. - Sign the Petition! https://t.co/EmgCWSVmWU via @Change
Will Biden Use ‚ÄòSummit for Democracy‚Äô to Start More Cold Wars? https://t.co/kotIwUWmE6
Biden wants to make federal government carbon neutral by 2050  https://t.co/K4NCB8pPex
Dem Senator Jon Tester to vote with GOP to undo Biden vaccine rule https://t.co/g5gBdTsWyw
@RepLizCheney You mean Biden is actually doing better with the border by catching more and more people? I know it c‚Ä¶ https://t.co/jGisIanNrz
@KamVTV Only thing tuff with Biden is his underwear.
"President Biden said he was ‚Äúvery straightforward‚Äù with Russian President Vladimir Putin during their call Tuesday,‚Ä¶ https://t.co/LNV4mHHQ49"
A decision by the Biden administration to retroactively throttle back requirements for the volume of biofuels blend‚Ä¶ https://t.co/h3vJXvqxXa
@ReallyAmerican1 They want Biden to fail.
@EstaciaMoon @TalibanGooner93 @MichaelDrew1313 @Super_Kracker @mikelamb21 @PKoubar @BGB2187 @DonaldJTrumpJr‚Ä¶ https://t.co/dAEy9GgGTU
@PHMattWill here's the correct one: https://t.co/psBmbbKlRu
@AlanRademacher1 @SOhal9000 @dudeoflogic @KASalerno2350 @emisbackintown7 @Reality0077 @thehill @RepMattGaetz Biden‚Ä¶ https://t.co/khBiL8TPge
@DuhartKimberlie The msm has a fondness for bad (negative) news stories. Any time @POTUS Biden accomplishes somethi‚Ä¶ https://t.co/oWDPbthZwX
President Biden is rebranding his bipartisan infrastructure package as ‚ÄúBuilding a Better America‚Äù ahead of a Wedne‚Ä¶ https://t.co/4HLd6EnNHv
Presidential historians say that Biden‚Äôs first 100 days in office included an above-average # of MAJOR accomplishme‚Ä¶ https://t.co/FQ28Q78qJN
"At a time when our country is demanding cleaner burning fuels, which our biofuel industry delivers, the EPA decisio‚Ä¶ https://t.co/BoMIQ3m18l"
EPA‚Äôs announced reduction in blending requirements is yet another disappointment delivered to our renewable fuels i‚Ä¶ https://t.co/u96xWwxs7Q
@SOhal9000 @AlanRademacher1 @dudeoflogic @KASalerno2350 @emisbackintown7 @Reality0077 @thehill @RepMattGaetz A good‚Ä¶ https://t.co/Pnoic3autn
@JudyBurns @RonFilipkowski Russian President Vladimir Putin and US President Joe Biden shake hands at the Villa la‚Ä¶ https://t.co/ZZTEcr2vWi
"Saule Omarova, who has endorsed reforms that would ‚Äúend banking as we know it,‚Äù was tapped by the Biden administrat‚Ä¶ https://t.co/AXKbLM055e"
@IAGovernor Are you thanking President Biden and the Democrats for this
"Biden wants to send troops to Ukraine to guard their borders, but won‚Äôt secure ours. ü§¶‚Äç‚ôÇÔ∏è"
@BrentonTroyOh Don't you know the virus and it's many variants are the root of all the problems our country is faci‚Ä¶ https://t.co/ytYGF1gMyC
@MeghanMcCain I‚Äôll further add that Biden has achieved historic gains during his first year in office. Read up.   https://t.co/MeDBZFmXFO
@MeghanMcCain Presidential historians say that Joe Biden‚Äôs first 100 days in office have included an *above-average‚Ä¶ https://t.co/oU0bxXto3t
Of course dems are souring on the Vax mandates.   Just another reminder that Biden has ALWAYSs had horrible politic‚Ä¶ https://t.co/ejbmJqIFoF
The U.S. District Court for the Southern District of Georgia granted a preliminary injunction halting the mandate n‚Ä¶ https://t.co/rbb1qwXWss
@TQSherwood @RobertONeill31 @freedompimp2012 Biden himself.
@IAGovernor THANK YOU PRESIDENT BIDEN!!!
@IAGovernor Thanks Biden.
Trump's election lie falls flat again as right-wing Wisconsin group finds 'no evidence of widespread fraud'‚Ä¶ https://t.co/p15oSMup4V
Joe Biden fr doesn‚Äôt know what year it is and that man is president that‚Äôs crazy
Fuck the Bush family. Fuck the Biden family. Fuck the Clinton family. Fuck Fauci. Fuck LeBron James. Fuck Zuckerber‚Ä¶ https://t.co/Q1hmBGdElp
@TFitz_Esquire @JimHarroldOmaha There's that whole John Mulaney sketch where they're writing the Constitution about‚Ä¶ https://t.co/n51GzM6n2k
Biden returns land to Texas family after it was seized by Trump for border wall https://t.co/AFqQvMnWGg #SmartNews
@fake_biden Hope true as I am 3 doses with Pfizer. But still spotty 5G and Bill Gates has not found me‚Ä¶yet.
All three of President Biden‚Äôs  vaccine mandates affecting the private sector have been put on hold by republican j‚Ä¶ https://t.co/OlIG9cXa0l
Mixed Reaction To @JoeBiden Administration Announcement On Biofuels https://t.co/rRVoJkATaF
Joe Biden's Attorney Told Supreme Court: Better to Kill Babies in #Abortions Than Place Them for Adoption https://t.co/P5UTz98suq
Biden-Putin Talk Tuesday With Xi In The Wings - https://t.co/65L82ALdFO https://t.co/eiWzoI8YBJ via @PopResistance
He also supports legislation that would force states to legalize #abortions for basically any reason up to birth ev‚Ä¶ https://t.co/2GQn5Aaz60
"Though Biden professes to be a Catholic, he has the most radical pro-abortion agenda of any president in history. A‚Ä¶ https://t.co/YGMsKkTgQv"
@SenJoniErnst What has Biden done that would cause any of this?
".@RepAshleyHinson: November's jobs report ""shows exactly why we need to pump the brakes on Speaker Pelosi and Presi‚Ä¶ https://t.co/lhK10iWHPu"
"Arizona governor blasts Biden administration, sends National Guard to border as crossings rise https://t.co/o9B2wExRge"
"May 3: @KimReynoldsIA bragged about opposing ""overreaching, unconstitutional stimulus bill that does NOTHING but ba‚Ä¶ https://t.co/PCFgTUV0cL"
@cosa__jefe @Corddaryl No he just voted biden so that was his plan
"Just 22% of Americans want Biden to run in 2024, according to poll  https://t.co/ehifhZGjr3"
"@JonnyMicro ""Republicans are colluding with Russia! They're Russian puppets! Only Biden can... let them do whatever they want now"""
"She only has one emotion... rage. This is not news, everyone at this network should be fired. Are they setting up a‚Ä¶ https://t.co/tgoO3r392B"
"Nice to have a president that isn't afraid of Putin.....  CNN: Biden told Putin that 'things we did not do in 2014,‚Ä¶ https://t.co/WNe4jCmYLT"
@ChristopherJM This is a good thing no? Somehow I get the impression that Biden would know how to talk business wit‚Ä¶ https://t.co/EfXD8ZAUg1
"@kyle_scott87 @RadioMadison I get what you mean, no worries.  I don‚Äôt doubt part of the vitriol towards Biden is because he is Catholic."
President Biden Visiting Kansas City Today https://t.co/lTKJPLlNvZ
@Co2dy_Foster I would add Boosters and Biden
President Biden told Russian President Vladimir Putin during a video meeting on Tuesday that the U.S. ‚Äúwould respon‚Ä¶ https://t.co/p6F6ZQmk55
Judge blocks Biden vaccine mandate for federal contractors https://t.co/70WWDetyQ0
10 things you didn't know are in the Democrats' Build Back Better bill  https://t.co/yOW1gLQMAW
"ICYMI: Recently, @ITRwatchdog released polling showing Biden in big trouble in Iowa - 58% disapprove. Read more her‚Ä¶ https://t.co/TqqgFyEhR4"
"@2112Werewolf @IowaHawkeye68 Now are we going to include all of the deaths in 2021, that has surpassed the 2020 Cov‚Ä¶ https://t.co/NxPlgy4JFA"
Hunter Biden‚Äôs Laptop on steroids https://t.co/0gwjRH51Oy
Judge blocks Biden vaccine mandate for federal contractors in all states  https://t.co/yvLPoa6EOg
@daisyblue_1 @ChuckModi1 No. He's saying decades ago Biden championed the bill that allows CAF.
@janekleeb That‚Äôs terrible. Almost as terrible as millions of children starving in Afghanistan this year because Jo‚Ä¶ https://t.co/buEirpBMcV
Biden delivered a simple message on Tuesday's video call with Putin: invade Ukraine again and face painful sanction‚Ä¶ https://t.co/gUkmRYUTIC
President Biden visits Kansas City today to tout the recently-approved infrastructure bill. https://t.co/umz514Phb3
"Pres. Biden, first lady lay flowers at WWII Memorial's NJ pillar in honor of her father  https://t.co/l0lYSkLQHR"
@dtheavenger Ron Blossom wasn‚Äôt fired. His term has expired and Biden didn‚Äôt renew his appointment to the position.
@HarveytheHaint Biden is president! No more mean tweets! Pandemic over! Build Back Marginally (sort of) passed. Yayyyyy
Mixed reaction to Biden Administration announcement on¬†biofuels https://t.co/MQLJ8Vsmwq
The Senate rejected a bid to stop President Joe Biden‚Äôs administration from selling more than $650 million worth of‚Ä¶ https://t.co/JFbQN0m9LA
@lscain3834 @panagis21 Now I‚Äôm curious if I can: Harris Pence Biden Cheney Gore Quayle Bush Mondale ‚Ä¶ nope - I don‚Äôt know who Ford‚Äôs VP was.
Biden-Putin square off as tension grows on Ukraine border https://t.co/v9rKXEexcj
Biden-Putin square off as tension grows on Ukraine border https://t.co/gvFRUX0VCH
"The commander-in-chief reportedly laid out two paths: One involved confrontation. The other, de-escalation. https://t.co/MEv9c0Yl6q"
"@JoyAnnReid I feel like 2024‚Äôs headlines could read:  ‚ÄúJoe Biden just got re-elected by a landslide, with a Democra‚Ä¶ https://t.co/f25Opq07Xo"
Florida is Fuck Joe Biden country!  #FJB
Biden actually never said this https://t.co/I6R8vTWnAi
"Saule Omarova, who has endorsed reforms that would ‚Äúend banking as we know it,‚Äù was tapped by the Biden administrat‚Ä¶ https://t.co/QeKrF0bVUQ"
"@ContentedIndie I was ambivalent about leaving, but the actual withdrawal was horribly done and Biden bears most of the blame."
"@geoffkoch @d_leslie5 Dude, this was nearly 20 years ago. Try and keep up. Let's focus on Biden, not Bush."
The Biden administration moved to reject requests by small oil refineries to be exempted from ethanol requirements https://t.co/TTObnL6mO1
@anthonyzenkus Biden's the one who broke our criminal justice system. Can't expect him to solve a problem he's responsible for
"So you are proud of Biden and all his accomplishments. Which one is your favorite? Afghanistan , and the 13 America‚Ä¶ https://t.co/WIakFVPxR3"
Federal Judge Blocks Biden‚Äôs Vaccine Mandate for Federal Contractors https://t.co/gINPvcw7gx
Joe Biden could mess up a wet fart
Biden needs a little more than prayer.
5. Ukraine  üìä Detailed Stats: https://t.co/P5GYfvy8dW üì∞ News Related: Troy Record: Biden-Putin square off as tensio‚Ä¶ https://t.co/16ok3VhERJ
@IkehornR Another positive effort by the Biden administration.  Will the media ignore.  Will the Democrats fail to boast about this?
@TG22110 @ChristineParini Biden had to wait until board members' terms were up. No choice.
@1savage111 @AudrinaDaily @KeithOlbermann Now do Joe Biden
Anti-Biden Billboard Goes Viral &amp; Joe Biden Meets With Russia As Approva... https://t.co/7CANHr5Ogr via @YouTube
House Passes $768 Billion Defense Policy Bill https://t.co/RhETtpjYQ6
Re Biden nominating a Republican as one of the two members he adds to the USPS board as he ousts the turncoat Democ‚Ä¶ https://t.co/YMNn9sZRHy
@OhmyGaltx2 @PoptartReborn Shit I might have confused you I didn't like Biden or most of the other top picks at the‚Ä¶ https://t.co/hZZBxRvvqx
Biden-Putin square off as tension grows on Ukraine border   https://t.co/uY6hv3yILX
@CassyWearsHeels It will be just heartbreaking to the Chinese government for Biden and the Aussies to not attend th‚Ä¶ https://t.co/GjnplKr1xj
@danieltobin He‚Äôs doing the Dwight Schrute thing where he says he can raise and lower his cholesterol at will.   Pa‚Ä¶ https://t.co/p4zxBybB0j
@kempmat27 @NumbersMean @newbal123 @Trackon123 @ChrisJZullo @vipertuff @realDonaldTrump This popped up again today.‚Ä¶ https://t.co/kImqP90CpY
"Russia and China are testing Biden ‚Äî and so far, he's failing https://t.co/3SiO70oKi1 via @nypost"
Judge halts Biden vaccine mandate for federal contractors nationwide   https://t.co/J5dJDLLxyz
The Biden administration on Tuesday lowered annual production requirements for ethanol and other biofuels to accoun‚Ä¶ https://t.co/ZYVEqsgkU5
@nprpolitics ‚ÄúBiden‚Äôs pick to become a key banking regulator withdraws after GOP Senators engage in unsubstantiated‚Ä¶ https://t.co/cVcmuM7TXC
"@JerryHo46746037 Biden's been a failure his entire 50 year political career, that's not news. He's literally turnin‚Ä¶ https://t.co/Fg198Vc6fP"
"""I don't think he'll decide till after the midterm election."" @CharlieCookDC on whether President Biden will run fo‚Ä¶ https://t.co/3gq92uPnbY"
@NickAdamsinUSA I'm a Christian. How exactly is Biden oppressing me?
Psaki Punts on Authenticity of Hunter Biden‚Äôs ‚ÄòLaptop From Hell‚Äô https://t.co/IbNTrLvplV
Trump's election lie falls flat again as right-wing Wisconsin group finds 'no evidence of widespread fraud' https://t.co/iyqD5oxA3c
If Biden cancels school debt then it's only fair he sends that same amount of money to all americans to pay off a debt
@jimgeeting Washington Post is a rag not hardly worth wiping your behind with.  They constantly gave negative press‚Ä¶ https://t.co/CRTF4ZtZy7
"@POTUS Yes! Thank you President Biden, I am proud to be fully vaccinated!"
The Biden administration proposed on Tuesday a reduction in the amount of biofuels oil refiners have been required‚Ä¶ https://t.co/OSLGh8wfDH
Biden's Treasury Department takes aim at Trump and Putin with money laundering crackdown in real estate market‚Ä¶ https://t.co/jPxkGoh0CE
@ladyjane1323 @silverwilson @SheilaGross8 @TomJChicago That‚Äôs all you guys do it‚Äôs frustrating and so comical how y‚Ä¶ https://t.co/di1V3xzmFP
"@17RJB__ @no5gvax @SMoKE14971275 the deep state infiltrated many ""message boards"" to give false hopes and conspirac‚Ä¶ https://t.co/IDvnhZskjg"
"@zerohypert he didnt do squat. he said if he was president he would arrest hillary, he didnt reveal weiners laptop,‚Ä¶ https://t.co/lNgoejiMbt"
@Nguyen_anime3 @Sarah20hays @4_joc1 @Klee34036780 @chrisg409ubc @TrampInPCola @tallnblonde1 @lostandlovinit‚Ä¶ https://t.co/kpS9LvoKhQ
"There appeared to be no immediate breakthroughs to ease tensions on the Ukraine question, as the U.S. emphasized a‚Ä¶ https://t.co/G07y1670NQ"
@Faycheck @SonnyxDigital @TBates314 @DonaldJTrumpJr So... you‚Äôre saying Biden does look like pedophile?
Elon Musk calls for Congress to throw out Biden's entire Build Back Better bill: 'Don't pass it' | Just The News https://t.co/1Wq6mCGWSC
Biden‚Äôs COVID-19 Vaccine Mandate for Federal Contractors Now Blocked Nationwide https://t.co/zHA9tDGdjj   Download‚Ä¶ https://t.co/nIflg0z6bm
How Biden Is Reshaping The Courts https://t.co/T8zhi83v8I
"With Tuesday‚Äôs ruling, all three of Biden‚Äôs broad vaccine mandates affecting the private sector have been put on ho‚Ä¶ https://t.co/wxUMSM7YSY"
Court says Biden 'exceeded' authority issuing vaccine mandate for federal contractors.  https://t.co/5eClg2iE08
"Wait. Wait. After Trump‚Äôs kowtowing to Putin, Republicans are calling Biden weak in his response to Russia?  #gophypocrites"
"@PaulLeeTeeks @grinningbamE I did laugh watching this, but I also know Joe Biden would NEVER behave that  way."
"In 2020 WI election report, conservative org finds ‚Äúno evidence of widespread voter fraud. More eligible voters cas‚Ä¶ https://t.co/qjZi1HHPPP"
@ChuckGrassley You and your party are doing everything you can to obstruct an investigation into Trump‚Äôs attempt at‚Ä¶ https://t.co/xNv55kah8v
"@RepAshleyHinson Actually, you established tribal trumpist warfare against Joe Biden the day you set foot in D.C.‚Ä¶ https://t.co/E6iJTfbRfx"
Great news- Biden's COVID vaccine mandate for federal contractors has been ùóØùóπùóºùó∞ùó∏ùó≤ùó± nationwide! üá∫üá≤  #medicalfreedom https://t.co/xqtFsNFNum
Biden Withdraws Bank Regulator Pick After Congressional Pushback https://t.co/Hb6O2KoLHr   Download our app to read‚Ä¶ https://t.co/UXIQ0cyTmo
"@bidenflippedit MCLAIN, MISSISSIPPI Trump: 159 Clinton: 156  Biden: 164 Trump: 155 https://t.co/5RF8ThScgT"
@ChuckGrassley Gas prices have fallen for 4 straight weeks and oil prices are lower than when Biden took office.‚Ä¶ https://t.co/ipIPRXZHoh
Federal judge blocks another Biden Administration vaccine mandate https://t.co/Ghjh2pIzl7
"With Tuesday‚Äôs ruling, all three of Biden‚Äôs broad vaccine mandates affecting the private sector have been put on ho‚Ä¶ https://t.co/RFhexiYZRq"
@gazettedotcom His first mistake is putting a Biden/Harris sign behind himself.  He's going to get his doors blown off.
COME ON AMERICA! LET'S GO BRANDON! (Fuck Joe Biden!!!) LETS VOTE AND TAKE BACK OUR AMERICAN VALUES!! #letsgobrandon‚Ä¶ https://t.co/D9nSywKMLT
"With Tuesday‚Äôs ruling, all three of Biden‚Äôs broad vaccine mandates affecting the private sector have been put on ho‚Ä¶ https://t.co/B2ZwZq6eBJ"
Judge blocks Biden‚Äôs vaccine mandate for federal contractors https://t.co/FVrHDEPLRZ
The Biden administration on Tuesday proposed a reduction in the amount of biofuels that U.S. oil refiners have been‚Ä¶ https://t.co/6NUI8TSok8
President Joe Biden and first lady Jill Biden on Tuesday marked the 80th anniversary of the Japanese attack on Pear‚Ä¶ https://t.co/1fEkTfHWS7
"When the Republican wave comes next Nov, what needs to happen is to repeal the Patriot Act.   When Biden vetoes,  h‚Ä¶ https://t.co/Yaqc8RsFCY"
"@roseserao @WalshFreedom And if Biden was tougher on Putin, they would complain too."
"@Lenny2you @fromtheblueseat @johncardillo Under Trump, before 20 - ""OPEC had learned their lesson, and was back to‚Ä¶ https://t.co/7kApqNr4wO"
The Biden administration sought to thread the needle between warring oil and renewable fuel interests Tuesday by pr‚Ä¶ https://t.co/RxSURIjfKt
"So with one chart, Biden would like us to ignore the reasons he created so many jobs (people relaxing re: COVID), w‚Ä¶ https://t.co/eE9R5K5bvv"
"Omarosa aka Soviet trained Communist,  is out as Biden nominee for Comptroller of the Currency.  ü•≥ü•≥ü•≥ü•≥"
Federal judge blocks Biden's last remaining Covid-19 vaccine rule.....  https://t.co/AiaNNoQ688
"Biden Administration Tries to Soften RFS Cuts Blow With $800M Aid, Refinery Exemption Rejections https://t.co/9tz4S3JMlH"
- Why exactly does this chart not show the +/- of all the presidents? You‚Äôd think that Biden would love to tout how‚Ä¶ https://t.co/7EADtwhpEP
"- But this is incredibly misleading. Almost makes it look like Trump‚Äôs job creation stops, while Biden‚Äôs continues.‚Ä¶ https://t.co/ngxjlbxFKW"
"President Biden, you reap what you sow.  With today's decision to retroactively slash biofuel blending requirements‚Ä¶ https://t.co/YUDMbHwG6d"
Abortion Rights Advocates Want to Hear More From Biden Than Just Euphemisms https://t.co/J6IK27R4Jk via @truthout
"The U.S. Environmental Protection Agency called for cutting biofuel-blending quotas retroactively for 2020, while o‚Ä¶ https://t.co/lnpN0qTZ4G"
"The tribute wreath contained a wild sunflower, the state flower of Kansas, in honor of former Sen. Bob Dole, a war‚Ä¶ https://t.co/dc6CGlSomz"
"@prezfrankenste1 @chapinfay You silly clot! Must be one jammed in your head if you cannot see it-but then, what is‚Ä¶ https://t.co/0S8f5Nxp9g"
Biden to Pentagon: Keep the war machine running https://t.co/RdAsVYEODI by @jeremyscahill
A federal judge has blocked the Biden administration from enforcing a COVID-19 vaccine mandate for employees of fed‚Ä¶ https://t.co/sJCigraCUP
A concise distillation of the Biden Administration‚Äôs abject failure in Afghanistan and the potential consequences f‚Ä¶ https://t.co/WnzT5umBWI
A federal judge has blocked President Joe Biden‚Äôs administration from enforcing a COVID-19 vaccine mandate for empl‚Ä¶ https://t.co/pay7QAGJyg
"@NPR Let's be honest, Biden can't carry on a coherent discussion with anyone for 2 hours.  How many nap breaks did he get?  #defundNPR"
A federal judge has blocked the Biden administration from enforcing a COVID-19 vaccine mandate for employees of fed‚Ä¶ https://t.co/xz3fPqUglP
A federal judge has blocked the Biden administration from enforcing a COVID-19 vaccine mandate for employees of fed‚Ä¶ https://t.co/FvAl9gpETB
A federal judge has blocked the Biden administration from enforcing a COVID-19 vaccine mandate for employees of fed‚Ä¶ https://t.co/cbsZa0eL6s
Putin demands security guarantees from Biden to curb NATO expansion | Arab News https://t.co/IACbqQDXGR
A federal judge has blocked the Biden administration from enforcing a COVID-19 vaccine mandate for employees of fed‚Ä¶ https://t.co/DQqYtwyj6R
A federal judge has blocked the Biden administration from enforcing a COVID-19 vaccine mandate for employees of fed‚Ä¶ https://t.co/n2am5HWOAs
A federal judge has blocked the Biden administration from enforcing a COVID-19 vaccine mandate for employees of fed‚Ä¶ https://t.co/dzxMUmmGyP
Judge blocks Biden‚Äôs vaccine mandate for federal contractors https://t.co/CisYiWXonI
A federal judge has blocked the Biden administration from enforcing a COVID-19 vaccine mandate for employees of fed‚Ä¶ https://t.co/Br7NkG8rs9
A federal judge has blocked the Biden administration from enforcing a COVID-19 vaccine mandate for employees of fed‚Ä¶ https://t.co/6i7KsC4D9J
Cute Sankey diagram from the folks at @FiveThirtyEight.   #dataviz #DataScience #datafam #sankey‚Ä¶ https://t.co/zwFNgvSgOW
"Today, the Biden Administration‚Äôs mandate for federal contractors‚Äô employees to be vaccinated will be halted nation‚Ä¶ https://t.co/feeQknzqFI"
"Weird coincidence,  Biden/Putin meeting.... a bit later Amazon web services issue"
"No question. Editors need to reflect on why so many ""Trump voters still support Trump"" stories were deemed newswort‚Ä¶ https://t.co/sHHSiBbsYX"
@regnis_singer @Rob069 @ImSpeaking13 Because he would rather make kids suffer than have 1 second on inconvenience i‚Ä¶ https://t.co/eD4gI7QM9H
@n2play @GusFantastico @alexnazaryan @MollyJongFast Biden will be impeached in 2023. But there's no way he'll be co‚Ä¶ https://t.co/Npw9TB93ru
Biden to meet with Putin over Russia troops on Ukraine border https://t.co/j2KOTiizRo
".@RepMMM: Since President Biden took office in January, inflation has soared to its highest level in over 30 years,‚Ä¶ https://t.co/rvJAwhhPiV"
"Pres. Biden, first lady lay flowers at WWII Memorial's NJ pillar in honor of her father  https://t.co/l0lYSkLQHR"
"@fake_biden Everyone seems to be getting away with it, so what the hell..."
@AlundLFCFan Before Biden?!
"Since President Biden took office in January, inflation has soared to its highest level in over 30 years, with gas‚Ä¶ https://t.co/6DU03V8ShN"
Texas could test one of Biden's core political bets  https://t.co/HSmq1dBNrN
"Isn‚Äôt it crazy how the media can go through and dig up Kavanaugh‚Äôs high school yearbooks, but they can‚Äôt be bothere‚Ä¶ https://t.co/0LhCTu4MMT"
"MAJOR RULING, FOLKS.  Federal Contractor Mandate is now blocked.  https://t.co/WMNNCDDfRx"
@MarshaBlackburn Biden is owned by the Chinese government. We have a least 50 congress men or women who are communi‚Ä¶ https://t.co/fHgkzsMOeA
"The leader-to-leader conversation ‚Äî Biden speaking from the Situation Room, Putin from his residence in Sochi ‚Äî is‚Ä¶ https://t.co/EOKVH3RKJl"
Biden-Putin square off for 2 hours as Ukraine tensions mount https://t.co/Ooh2ojp79j
U.S. House Democrats are asking President Joe Biden to take stronger action to restrict oil and gas production in t‚Ä¶ https://t.co/zG7J0mOyZ2
Biden points to drug prices in call for Senate social spending vote https://t.co/FfQ2kK69Dl
1. Ukraine  üìä Detailed Stats: https://t.co/P5GYfvy8dW üì∞ News Related: CNN: Ukraine: Biden and Putin speak at a crit‚Ä¶ https://t.co/XiiXcIQsRA
"No matter what party you vote, President Joe Biden is a weak, feckless and ineffectual human. I won't make the mist‚Ä¶ https://t.co/otLuWLsUEx"
Biden-Putin square off as tension grows on Ukraine border https://t.co/v9rKXEexcj
Biden-Putin square off as tension grows on Ukraine border https://t.co/gvFRUX0VCH
"@Cindiluuwhoo @LOLGOP @GreatDismal ...Afghanistan from the previous administration, vaccinating only 60% of America‚Ä¶ https://t.co/GLcvjQbnCF"
"@KDbyProxy @ASFleischman Perhaps because he thought the prior DOJ got the law right?  I mean, Biden jumped the gun‚Ä¶ https://t.co/ofDobzE5kf"
"@ASFleischman The subpoena relates to communications with an (at the time) sitting President, which probably receiv‚Ä¶ https://t.co/LMSUqif7hE"
@GOP Hey haters Biden marked today by visiting the WWII memorial one of many memorials that BLM tried to destroy an‚Ä¶ https://t.co/vYRbPkVeO9
I applaud President Biden‚Äôs [insert neoliberal aesthetic-focused non-achieving and non-impactful thing]  Great! üòπ https://t.co/CVr02YfmgR
"The wreath at the memorial contained a wild sunflower, the state flower of Kansas, in honor of former Sen. Bob Dole‚Ä¶ https://t.co/ApAngJyuwL"
"But sure, blame Biden for high gas prices. Doesn't have anything to do with corporate greed and your rising prices‚Ä¶ https://t.co/7vpEpJYh6Q"
Don‚Äôt forget that Biden said he would cancel student debt to get elected and then didn‚Äôt.
Small businesses are the engine that drive America but the Biden admin is making it nearly impossible to run one. https://t.co/I8SF82EsVS
Jen Psaki Gets TRIGGERED When Reporter Revisits Hunter Biden's Laptop https://t.co/GWW3Zv2DtU via @YouTube
@Lenny2you @fromtheblueseat @johncardillo That's not proving your point. Gas prices averaged $3.20 per gallon under‚Ä¶ https://t.co/vRsnV5FOBx
This right here? This is a failure and why Democrats will continue to lose: They never fight to win and are happy t‚Ä¶ https://t.co/j2N9Ii2usS
"If you're mystified about Biden's approval rating, look no further. https://t.co/bZS6ysEoRR"
"People probably gonna blame Biden for this, too https://t.co/J0xuwFHYgw"
"President Joe Biden and first lady Jill Biden visited the World War II Memorial in Washington, DC, early Tuesday mo‚Ä¶ https://t.co/rKAtmb6FJx"
@MatthewIA03 @NunnForCongress @DMRegister I would clarify that you want them to say whether they think Joe Biden le‚Ä¶ https://t.co/3iaWKYPm3y
"3rd Circuit's chief judge takes senior status, giving Biden chance to tilt court https://t.co/rd2zjQZk4z #SmartNews"
Biden and Putin talking now as fears of a Ukraine invasion grow  https://t.co/QQwb2bXsFI
@IAmPoliticsGirl @lindyli @Teri_Kanefield I also think that the Democrats feat that if they started arresting polit‚Ä¶ https://t.co/jiAW3qD2nL
@SenJoniErnst You mean the pipeline Trump allowed to be built? And now it is Biden's job to stop it?
Democrats mull forcing Manchin‚Äôs hand on Biden‚Äôs $1.7T spending bill https://t.co/VK4ZyiXXfY
@SenTedCruz Caused by inflation that started with COVID WHEN OUR ILLUSTRIOUS 45 PRESIDENT DIDNTTAKE IT SERIOUSLY AN‚Ä¶ https://t.co/HuiB9uoTst
"Biden's polls aren't low because of bad ""coverage.""  They're low because the economy is struggling and families can‚Ä¶ https://t.co/o20Ca13Aos"
The leader-to-leader video call is expected to be one of the toughest of Biden‚Äôs presidency and comes at a perilous‚Ä¶ https://t.co/CEflz69FbF
Deportations of undocumented immigrants declined dramatically in the first half of 2021 compared to the previous ye‚Ä¶ https://t.co/aLOTpc0nuI
All of Iowa's Republicans in Congress voted to certify electoral college count. I believe that if not for @RepMMM's‚Ä¶ https://t.co/bWCyFkVHY0
"Iowa women named here (@SenJoniErnst, @RepAshleyHinson, and @RepMMM) would probably object to being called ""moderat‚Ä¶ https://t.co/aw5pds0Kuw"
@POTUS abandoned 1000‚Äôs of our fellow American citizens to their fate w/ the Taliban &amp; imported 10‚Äôs of 1000‚Äôs of r‚Ä¶ https://t.co/sAIpDl3FxD
.@RepMMM: Americans‚Äô pocketbooks are hurting due to the failed policies and excessive spending of the Biden Adminis‚Ä¶ https://t.co/ymU1i08NLS
"After Success in Seating Federal Judges, Biden Hits Resistance https://t.co/kV3mMCgi9H"
President Joe Biden on Tuesday marked the 80th anniversary of the Japanese attack on Pearl Harbor with a somber vis‚Ä¶ https://t.co/EZPzPi6Zx0
WASHINGTON (AP) ‚Äî President Joe Biden on Tuesday marked the 80th anniversary of the Japanese attack on Pearl Harbor‚Ä¶ https://t.co/zWHpSZNOiy
Biden says US boycotting Olympics by not sending officials to China.....Oh I am sure China shaking in their boots o‚Ä¶ https://t.co/fzkmwpAmNx
"@RougeWhAdvisor Today we have yet another chance for Biden to embarrass our country, A man with no spine. Guess it‚Ä¶ https://t.co/PjAXBNcDPn"
GOP: No more endless wars!  /Biden withdraws from Afghanistan/  GOP: Not like that!
GOP/Fox: Dems are weak on defense! Biden bends over for Putin! We need a tough guy like Trump!  Also GOP/Fox: No ne‚Ä¶ https://t.co/iPmIzytEuc
This is exactly right. Is Abrams unimpressive? Absolutely. Was Biden unimpressive? Are the guys elected in GA Senat‚Ä¶ https://t.co/NwtE7aCnRR
Biden visits WWII Memorial to honor fallen at Pearl Harbor https://t.co/irkyn8Vl1O
Biden accused of ‚Äòdoubling down‚Äô on Trump move to strip US immigration judges of union rights https://t.co/8fQghvwYWe
What‚Äôs Biden going to mess up today?
Joe Biden‚Äôs America SUCKS!  #Bidenflation
"@AdamKinzinger It's like there are 2 presidents, Biden, the legitimate one, and 45 who still has power over most of‚Ä¶ https://t.co/Mpe7KcCDkJ"
"Things to know today: Biden, Putin to hold high-stakes talk today; storm threatens havoc in Hawaii; meet the Heisma‚Ä¶ https://t.co/FTsslJHdv9"
@JoanEspositoCHI @AP @ZekeJMiller They're obviously GOP and don't know that Biden is so much better than Trump in everything he does.
"@kuhriss7 @munchpeenallday @KCCINews That video has been doctored. For months, Jones screamed about how the electio‚Ä¶ https://t.co/CFDzmPaUJi"
"Things to know today: Biden, Putin to hold high-stakes talk today; storm threatens havoc in Hawaii; meet the Heisma‚Ä¶ https://t.co/EPY5lF3o6P"
"Things to know today: Biden, Putin to hold high-stakes talk today; storm threatens havoc in Hawaii; meet the Heisma‚Ä¶ https://t.co/1wsylg9qFA"
"Things to know today: Biden, Putin to hold high-stakes talk today; storm threatens havoc in Hawaii; meet the Heisma‚Ä¶ https://t.co/9qX5pIUd5r"
"Things to know today: Biden, Putin to hold high-stakes talk today; storm threatens havoc in Hawaii; meet the Heisma‚Ä¶ https://t.co/vkHueutgy4"
"Things to know today: Biden, Putin to hold high-stakes talk today; storm threatens havoc in Hawaii; meet the Heisma‚Ä¶ https://t.co/31XKk5rGv6"
"Things to know today: Biden, Putin to hold high-stakes talk today; storm threatens havoc in Hawaii; meet the Heisma‚Ä¶ https://t.co/eNbYI6RsfQ"
"Things to know today: Biden, Putin to hold high-stakes talk today; storm threatens havoc in Hawaii; meet the Heisma‚Ä¶ https://t.co/Hw4d3MvdOq"
"Things to know today: Biden, Putin to hold high-stakes talk today; storm threatens havoc in Hawaii; meet the Heisma‚Ä¶ https://t.co/cKE7vRJre7"
Biden to warn Putin over Ukraine invasion; dangerous storm threatens Hawaii; plus more top news https://t.co/ct1VoSTy8Z
@An_Aria_Blooms The rest of the @DNC railroaded @SenSanders by dropping out right before Super Tuesday because he w‚Ä¶ https://t.co/NzmlKrqcPz
Real article....White House calls out @HunterBiden scheme.....bout not Hunter Biden üôÉüòÜ https://t.co/ryMroCuAq3
Biden to warn Putin of economic pain if Russia invades Ukraine https://t.co/ec83uW8Dru
A key virtual meeting between President Joe Biden and Russian President Vladimir Putin is set to take place today. https://t.co/KUNYb1nrQI
@DonaldJTrumpJr tell dad to put biden and his son's files on his new social media site so they finally investigate‚Ä¶ https://t.co/gHJF8x0kK6
"So, is withdrawing from Olympics retaliation against China for revealing business deal with Biden that may had paym‚Ä¶ https://t.co/3GxXJ7wZLk"
@N0trealnow @pixeliza @GavinC423 @StephenMoore The postal service is an independent executive agency. Biden can‚Äôt m‚Ä¶ https://t.co/tLvJx37dNI
From this opinion piece: President Joe Biden has spoken passionately about the ‚Äúclear and urgent choice‚Äù we face as‚Ä¶ https://t.co/sxzeL7cPKO
@nessabay95 @DavidJo34271242 @TrumpWarRoom @realLizUSA Yeah. I bet Biden couldn‚Äôt even spell covfefe correctly
@ladyjane1323 @SheilaGross8 @TomJChicago Blah blah blah. That's what your going with then we have no reason to cont‚Ä¶ https://t.co/ecq9ucMZxE
Section 137507 of Biden's Build Back Better Act (page #2070):  Extension from 2021 to January 2026 of the special r‚Ä¶ https://t.co/rA1cKU4lHh
Section 31021 of Biden's Build Back  Better Act (page #684):  Five billion dollars has been appropriated for pandem‚Ä¶ https://t.co/buDxWoYw9U
Section 31022 of Biden's Build Back Better Act (page #686):  1.25 billion dollars has been set aside for marketing‚Ä¶ https://t.co/BUhVLY44t7
Section 137102(b) of Biden's Build Back Better Act (page #1948):  No more social security number requirement to cla‚Ä¶ https://t.co/p0VznwXHFg
@ladyjane1323 @SheilaGross8 @TomJChicago The fact anyone in their right mind is so programmed to think Biden had 10‚Ä¶ https://t.co/N1J3O5T0uo
"The Cold War ended 30 years ago this month, but one unresolved issue is now creating some of the deepest U.S.-Russi‚Ä¶ https://t.co/ZGtOwhGsBy"
Former Trump Lawyer Who Claimed Congress Didn‚Äôt Have to Certify Biden‚Äôs Win Says He Has to Abide By Subpoena From C‚Ä¶ https://t.co/aW7zmlIXVy
@larrybwildin @KCCINews Is Darrell a Biden terrorist?
"U.S. athletes would still compete under such a boycott, a step that President Joe Biden had said he was contemplati‚Ä¶ https://t.co/mPH9Ti7JXP"
@brikeilarcnn @washingtonpost @Milbank For example; Biden was criticized for  difficulties encountered in the plann‚Ä¶ https://t.co/u3Ny4XxBiE
"@ABlueDotInSC @ImMicahNelson @kekili143 @DSmith9130 @chipfranklin Tell us, what are your thoughts on Hunter Biden? https://t.co/gFkUhBxeBj"
@ChuckGrassley Chuck seems really upset that President Biden is actually trying to accomplish (via the Build Back B‚Ä¶ https://t.co/oGbNXjE89i
"@NeuroRebel tell that to the dem establishment with all their talk of ""settle for biden"""
@monikaroseneal @Pattonator2 @SteveDeaceShow The Big Lie.  He continues to push the narrative a year later.  The 1/‚Ä¶ https://t.co/l1544ld8wX
Biden touts savings on insulin and other drugs for Americans   https://t.co/VSgT0xhJfm
"Politically, it falls into the category of ""swung away from Biden, but also swung toward Kelly"". Trump+46.3 and McS‚Ä¶ https://t.co/J5dN0CNhIv"
@NevaAyer @SLT20201 Biden would squash that loser trump again and again https://t.co/pSP11WFtk3
@AreMond2 @SunniRoe I love President Biden and the First Lady. They're simply the best!!
"@Thomas24601 @BGInews @GregLadky @thomas24601 were saying the same thing, I think. Never know how people chose to i‚Ä¶ https://t.co/r26oviP4D7"
Biden-Putin talks on Ukraine crisis rooted in older dispute https://t.co/Q46mPXPBJf
"Tagging @TheOnion for the joe biden uses scif, jill doesn't story https://t.co/BFv6bum8qV"
The Biden administration is looking to expand reporting requirements on all-cash real estate deals to help crack do‚Ä¶ https://t.co/pWry8O30u6
Now do Joe Biden https://t.co/6TAGSVGtqf
"üì£ New Podcast! ""Biden's Bill Allows the IRS to Snoop You?"" on @Spreaker #back #better #biden #build #irs #kfab‚Ä¶ https://t.co/gMkHqBl1vP"
She will blame it on Biden &amp; the Democrats! Or on the far left female Democrats! üí£üß®üí∞üí∏üí£üß®üí∏üí©üí©üí©üëÄ https://t.co/UCZTxYQM2D
What really would be something is if Biden could force NBC not to say ‚ÄúChinese Taipei‚Äù when referring to Taiwan‚Äôs o‚Ä¶ https://t.co/FR9HEcWNgV
"@Cindiluuwhoo @LOLGOP @GreatDismal I'm not saying Trump handled his 10ish months of the pandemic well, but we elect‚Ä¶ https://t.co/e9JU5aw59k"
"U.S. athletes would still compete under such a boycott, a step that President Joe Biden had said he was contemplati‚Ä¶ https://t.co/7hzwkp9UKA"
"@Cindiluuwhoo @LOLGOP @GreatDismal Yes, he handled the opening of the pandemic poorly, but at least he stopped stud‚Ä¶ https://t.co/ohhtVwZ86h"
@zerohypert I said trump is better than biden but just because someone is better doesn't mean you must accept every‚Ä¶ https://t.co/t6u8dvWkFs
"@globaltimesnews I think that President Biden,is not going to stand up for democracy in the world because he fails‚Ä¶ https://t.co/R7lbCyMlGi"
"üì£ New Podcast! ""Chairman Adrian Smith? And Why Biden's Diplomatic Boycott isn't Enough"" on @Spreaker #adrian #biden‚Ä¶ https://t.co/1wX292Iyx1"
@donwinslow @BusinessInsider President Biden may want to replace Garland.
Biden commission punts on whether to recommend expanding Supreme Court https://t.co/vCPQ4PZiXi via @nbcnews
"Biden Continues Drilling Boom on Public Lands Despite Campaign Pledge, Analysis Shows  https://t.co/EnVGyd5EPw via @commondreams"
@YearRooster @wolverinesegg @Tom_Neverwinter @Trumpster1002 @ltucker8044 @DevinNunesMulet @LauraLeeBordas‚Ä¶ https://t.co/VBON8U9Ebd
"""We are meting out punishment to those who need our compassion,"" warns Oscar Chac√≥n @ALIANZAAMERICAS‚Ä¶ https://t.co/u1ueYXIzrt"
"@ColdVanillaChai that's so childish, just say ""f@*$ you biden"", is it that hard for them to do?  why hide it behind that stupid phrase?"
School officials roped off half of the playground at a Virginia elementary school in an effort to keep students fro‚Ä¶ https://t.co/ELB7VybDn0
"As part of Biden's Build Back Better plan, a Medicare drug negotiation program would be established. https://t.co/3t0XsBJfIM"
We‚Äôre revamping our Instagram - give us a follow @ruralunited where we‚Äôre working hard to highlight crucial parts o‚Ä¶ https://t.co/cTNpmOFfVi
@Abby4Iowa Thank you for pointing out what party banned Medicare Rx price negotiations. It should be stated each an‚Ä¶ https://t.co/DOZccbHUk3
@PaulDeaton_IA @SecDebHaaland I have been very pleased with Biden‚Äôs appointments (except possibly Merrick Garland).‚Ä¶ https://t.co/xV29xqbgSk
"@newstarcadefan @susannaspeaks5 Not voting for Secretary Clinton because she, wasn't likeable, got us Donald! Out o‚Ä¶ https://t.co/OgiVNut0zv"
@Tberg725 The worse take ever.  Who is the media is treating Biden badly?   Many of the cover for his ass.  No one‚Ä¶ https://t.co/v5AeihPO1u
Paul Krugman argues the GOP is 'pro-COVID' and is trying to 'keep the pandemic going' https://t.co/V1HLwPK3hn
Deportations of undocumented immigrants declined dramatically in the first half of 2021 compared to the previous ye‚Ä¶ https://t.co/x3QYur0rTo
Biden Administration Is Approving Oil and Gas Drilling at Faster Rate Than Trump https://t.co/u9NKNXI6wR via @truthout
@fake_biden Billion. https://t.co/tklNPmVrOt
"@marthamallory1 @sutt9055 @SenSchumer That I agree with, I think though this helps that case. If Biden helped those‚Ä¶ https://t.co/e30HEC1agc"
"@OpnMndExtLeft I called him afterwards. Told him if he wanted to be a real bad ass to just say ""fuck Joe Biden"" nex‚Ä¶ https://t.co/aZAWWrLRwy"
@davidfrum A 50/50 Senate with two Democrats who might as well be Republicans and it's all Biden's fault. Really?
@anet2111 @POTUS Thank you President Biden this will make a huge difference to many people in the country.
This Trump-era ploy to privatize Medicare is quietly being continued @HHSgov and needs to be stopped. We do not nee‚Ä¶ https://t.co/rmp4yru8tD
@bushgib @KimV_WA @GeorgePapa19 You say that cause your a Bush?( just kidding here)  PS please show us the data whe‚Ä¶ https://t.co/k4LdRrWF5I
"Once again, @POTUS falls short of the incredibly low bar set by Jimmy Carter.   https://t.co/21em8xEMed  Biden caught half-steppin‚Äô again"
"This is just more of what we have come to expect from @POTUS Admin.   Meaningless, politically driven posturing.‚Ä¶ https://t.co/zX4Thm6qAi"
"@gfkw47 @munkymyk @davidmgins @HunterJCullen @AOC Seriously? We‚Äôre in the state we‚Äôre in because of Biden, Harris a‚Ä¶ https://t.co/yQjaqzARwi"
This is literally like saying ‚ÄúI‚Äôm not gonna shop in a store as a protest‚Äù but still buying their stuff online.   B‚Ä¶ https://t.co/twNulmdN8k
Biden's domestic policy package was passed by the House last month and awaits Senate action. https://t.co/YaZ8ndjxO7
@RieneRichard @cmrl4205 @RpsAgainstTrump Gas is about $$3 a gallon here.  Sounds like you need a better job.  Don‚Äôt‚Ä¶ https://t.co/oUoUncZ7P6
@Pattonator2 @SteveDeaceShow It doesn‚Äôt jive with Steve‚Äôs anti vaccine stance.  The anti vaccine crowd wants the va‚Ä¶ https://t.co/uArqV2sFlY
"U.S. athletes would still compete under such a boycott, a step that President Joe Biden had said he was contemplati‚Ä¶ https://t.co/6kJht8zmmA"
"COVID-19 put millions of children at risk of learning loss, child marriage and malnutrition. Many of them were stru‚Ä¶ https://t.co/oV8N3kPrjp"
Biden Claims Fauci Might As Well Be President https://t.co/5mDLt496bn
President Biden is Orangie DaPunk‚Äôs president too. https://t.co/OvqNTDpcVJ
US plans diplomatic boycott of Beijing Winter Olympics. https://t.co/6d4xU4YgD7
@LOLGOP @GreatDismal ...and it doesn't make the rest of us that *are* trying feel any better. It just makes Biden/D‚Ä¶ https://t.co/23kfsWXCCU
@izmks16 @Glassman1148 @MTStringer1 @Vanessa76_1 @woodman4tb @Annie20554592 @dogsdontliket @MikeBetts43‚Ä¶ https://t.co/InndOYN00V
@LOLGOP @GreatDismal Can we just not with this shit? Bidrn has now been president for 50% more deaths than the amou‚Ä¶ https://t.co/AuK9J9rzA0
"Good grief, folks.  Merrick Garland is simply a pathetic shill for the Biden administration.  SO glad this man neve‚Ä¶ https://t.co/jnr8CsoYZv"
"If Biden wants to cancel up to 50k of school debt then he needs to give all americans who dont have school debt 50,‚Ä¶ https://t.co/srWOefmxC1"
"@sairentohiru Ngl, they couldn't have made that headline sound more like a real Joe Biden quote."
"@N0trealnow @pixeliza @GavinC423 @StephenMoore Biden had to, the Executive branch can‚Äôt make rules for the Legislat‚Ä¶ https://t.co/q7Pc4CM3Ip"
BREAKING: @PressSec announces a full diplomatic boycott of the Beijing olympics over China's human rights abuses. N‚Ä¶ https://t.co/FsxQwHfvOg
"@Pinboard https://t.co/Un47X2gsyf  Lmfao yeah Biden's not doing anything, except for half of the things you want him to."
Biden Finds A New Scapegoat For Surging Gas Prices https://t.co/qWKPZ6jNn6
'I spent my teenage years trapped in my grandfather's cult': The story of Hunter Biden's bastard son.
Fox News Flips Out Over Biden's Raspy Voice https://t.co/CDL3mMVXsW
NPR Uses Double Standard For Joe Biden's Economic Numbers https://t.co/RVCM93LWzn
Biden to slap new sanctions on Russia to dissuade Putin from invading Ukraine https://t.co/mXFIEOj4Uc
Trump lashes out at Biden after media reports on his positive COVID test before first debate https://t.co/n5SdAyeACs
@ladyjane1323 @SheilaGross8 @TomJChicago What has Biden done that is of any good for the people who pay his salary‚Ä¶ https://t.co/rBnvUqFDMs
@Beautyof2 @SandraShoemak13 @TomJChicago You have not explained why he wasn‚Äôt good and what Biden is doing is destr‚Ä¶ https://t.co/KAk6dp8nIb
Biden to discuss prescription drug benefits in Build Back Better Act https://t.co/JthEcsv30n
@October1859 @SashaBeauIoux If Biden did it we‚Äôd vote for him too. You‚Äôre learning an important lesson about politi‚Ä¶ https://t.co/1KzvDImQOF
"Complete failure of leadership by the Biden Administration. For months, Republicans have offered real solutions to‚Ä¶ https://t.co/LGiGoi7og4"
@CidPhys90 @joeblow52467902 @JoeBiden I don't support blanket student loan forgiveness but I do think it's fair to‚Ä¶ https://t.co/tV1IZJ5vrh
"Our reps, be they GOP or Democrat, should not get away with false attributions of cause. The current inflation is n‚Ä¶ https://t.co/XmZhJRpCfw"
"Current and former presidents, senators and fellow veterans remembered Dole, who died at 98. https://t.co/A0atA1MRTo"
"Make Hulk Hogan join the cast of ""The Curse of Oak Island"". https://t.co/8xOJ6KhLK9 via @Change"
"@GOPLeader And Trump appeased and kowtowed to Putin. Without Putin's help, Trump wouldn't have one a first term. So‚Ä¶ https://t.co/ah3Hzj7wdz"
‚ÄúThe Biden administration has only appointed 22 state directors for the Agriculture Department‚Äôs Farm Service Agenc‚Ä¶ https://t.co/LyNZ5ypw5q
@bigbird2022 You act like Trump incited hate when Obama and Biden did the exact same thing Trump did.
A permanent Chinese naval base off of our East Coast would be a severe threat to our national security.   Biden can‚Ä¶ https://t.co/70RxkEkuEG
President Biden just had a potentially pre-cancerous colon polyp removed. . . #getscreened #colonoscopy‚Ä¶ https://t.co/h19UGsfKJ7
President Biden Announced That At-Home COVID-19 Tests Will Be Reimbursed‚Äîand You Should Add This...https://t.co/8De0ur2731
Pass @POTUS Joe Biden's prescription drug plan and allow Medicare to negotiate drug prices directly with pharma companies.
Neither Trump nor Biden deserves to be treated well by the media. Anyone in charge should be critiqued - this is how we grow people.
@SenJoniErnst OMG!!!  Too funny.  ‚ÄúAmerican credibility.‚Äù  American credibility was all but destroyed by the person‚Ä¶ https://t.co/ftwMIvWgtu
Tucker Carlson asked Hunter Biden to help him get his son into college https://t.co/sDbc7kowgU
Statement on President Biden‚Äôs visit to Minnesota https://t.co/d4ObgX33FN‚Äôs-visit-minnesota via @mnaflcio‚Ä¶ https://t.co/rO0mziE9Zi
@Awake823Mama Biden yard signs
Biden Making Trip to Missouri this Week to Tout Infrastructure Package https://t.co/ycUPKly7Nm
"@AluraJenson Good morning Alura.  Good quote. Alura Thomas Jefferson once said ""Ambition Must Be Met With Ambition""‚Ä¶ https://t.co/g9QaZ5ClN6"
Maybe this week will not be another false start for the laughable nonexecution of a legal timeline for the RFS prog‚Ä¶ https://t.co/hdBF37UR1l
"This year‚Äôs event at the Kennedy Center‚Äôs main opera house represented a return to political normalcy, with Preside‚Ä¶ https://t.co/kjnPQ5KcCY"
Biden to Pentagon: Keep the war machine running https://t.co/RdAsVYEODI by @jeremyscahill
@JoeyMauro1 @maxtmcc Agree. Biden would've trounced him
@alessi_tracy @TomJChicago Why cuz the fact anyone can admit to voting for Biden isn‚Äôt something I would brag about‚Ä¶ https://t.co/OT3VWGFJos
@TomJChicago This is why America is as fucked up as it ever had been right now is the reckless mindset like this gu‚Ä¶ https://t.co/eEVFc9YCrN
Did anyone actually believe Biden had a plan to shut down the virus?   May as well berate him for not fulfilling hi‚Ä¶ https://t.co/e7kMjrbC7O
Biden's [insert any government program] is a joke. https://t.co/qgFhSa3JQg
@RepStefanik Impeach President Biden now
Here are the honorees for this year's event. https://t.co/0RO4jittRZ
Biden only finished what the previous administration started. https://t.co/SeMfB9xWBd
@brikeilarcnn @washingtonpost @Milbank And that chart simply confirms what anyone watching the media over the past‚Ä¶ https://t.co/IcoRlPGvR7
Biden Gets Standing Ovation at Kennedy Honors After Trump Boycott https://t.co/XE5rJiyprT #SmartNews
@brikeilarcnn @washingtonpost @Milbank He's right. Treating both adversarially is one thing ‚Äî but treating them equ‚Ä¶ https://t.co/GymaHKzNmw
Republicans have been eager to blame rising prices on President Joe Biden and a new animated video Sen. Joni Ernst‚Ä¶ https://t.co/tMXJQMnFxx
"President Joe Biden has said he‚Äôs considering a diplomatic boycott, under which American athletes would still compe‚Ä¶ https://t.co/1PjnCx0jkC"
Putin helped hack our 2016 election because he feared @HillaryClinton's deep knowledge of the needs of the relative‚Ä¶ https://t.co/pH2sXTtX5H
Dana Milbank Proves Biden Coverage Is As Negative As Trump's https://t.co/n8ZbrEJYHg
@no5gvax He is better than biden if that's our only 2 options.
@wolverinesegg @Tom_Neverwinter @Trumpster1002 @ltucker8044 @DevinNunesMulet @LauraLeeBordas @itsaboutdamnti1‚Ä¶ https://t.co/FrsMG5gu2R
"@GOP You're lying. More jobs have been created in Biden's term than in Trump's, gas prices are coming down, the sup‚Ä¶ https://t.co/oWRqqWp0II"
President Biden visits Kansas City this week to tout his major infrastructure package. https://t.co/zGUgZFauhr
These are tough times for America. You and I are tough people. The Biden-Harris Regime is determined to impose a RA‚Ä¶ https://t.co/jovD26rZQW
@Dumily_Chambers Actually I was talking about Biden but you are too blinded in your one-sidedness to see that aren‚Äôt you.
@HillbillyHighl1 @fake_biden Thought it was Dan Quayle who couldn't spell potato?
Ernst calls on Biden to be 'very clear and very strong' in call with Putin as US concerns grow over Russian militar‚Ä¶ https://t.co/bZGZtaQlre
@VictorDelMar4 @JoyAnnReid EWTN and Relevant Radio spout this crap all the time. We had a nasty situation at a book‚Ä¶ https://t.co/QQmfoYjiAW
What do you wanna tell Joe Biden right now ?
