"Biden orders federal buildings, vehicles to adopt renewable energy by 2050 https://t.co/jBUFRsQtjt"
@MandHF @umichvoter worse than states that voted for trump (or biden) by 30?
Biden to decry democracy 'recession' at White House summit https://t.co/s2mIsD2Y1S
"When has he ‚Äúvoted against what‚Äôs best?‚Äù He‚Äôs voted with Biden on all his judicial nominees, all but 1 cabinet nomi‚Ä¶ https://t.co/pDdhkus3RU"
Biden andPutin Meth-addicted troutswim
"@UncleYpmuj @ilinniarsiman idk whether this is true or not  its certainly true that in the first 10 months, more jo‚Ä¶ https://t.co/fZAz5WZKAC"
Cant share the article Bc it‚Äôs an email but you can contact https://t.co/tIYzla8xrV &amp; be part of a lawsuit vs Joe b‚Ä¶ https://t.co/rNTK5vOCwp
Biden to pay tribute to 'American giant' Bob Dole at Capitol https://t.co/rpml2Q2JKR
#CancelStudentDebt  Biden! You promised.We are the only nation that has put a burden on students of 50-100k with an‚Ä¶ https://t.co/FJ4nbFIfY5
That high?! https://t.co/eRQ1rC2JdM
"It definitely is conservative, in broad strokes, but the devil is in the details. Biden‚Äôs definition of ‚Äúfair share‚Ä¶ https://t.co/dl39BHKXKD"
@Ellars @anonymo01473379 @riggedgov additionally if you divide the clintons by the democrats you get biden - bernie‚Ä¶ https://t.co/HZWrt97ZN2
@marwilliamson @sherilynfenn1 Sinema and Manchin need to be primaried out in 2024 in favor of better Democrats who‚Ä¶ https://t.co/LurHhRJfq4
"‚ÄúGiven me a Lever and I will Move the Earth:‚Äù Biden orders greening of Federal Gov‚Äôt, buying of EVs and Solar Panels https://t.co/UnJZsSDqts"
"I admit, I helped steal the 2020 election for Biden. Open the attachment and see how the plan worked. https://t.co/cu6Nak7lxr"
"Beards against Biden.  Let‚Äôs go fellas.  If liberal women can have beards, we can too #BeardsAgainstBiden https://t.co/AvetN1aE7c"
@GOP The stock market is at an all time high 9 months after Biden took office and the GOP still continues to lie about it!
@GOP Compared to Trump... Biden is a GENIUS!
@GOP Trump screwed the middle class and now is blaming Biden for his incomitance!
Talks on Ukraine would pose challenge of their own for Biden https://t.co/5Vq7DjFBXS
"Saying it could be like #Afghanistan underestimates it, #Ukraine is a #regionalpower, so any Russian force would fa‚Ä¶ https://t.co/mR63QKqT87"
@MonsterVetArt @kyrstensinema Exactly! And it‚Äôs BS. She‚Äôs very supportive of Biden‚Äôs whole climate and social agend‚Ä¶ https://t.co/28CPGsjag1
@MonsterVetArt @kyrstensinema She supports Biden‚Äôs whole climate agenda
This is a silly symbolic vote that will either die in the house or Biden‚Äôs veto but what an ass backwards country https://t.co/MMhnJCy3Vj
"Biden wins ten of these.  I actually think the central college district, the black belt district, and the Hampton R‚Ä¶ https://t.co/4r7xCYIRZF"
@mkolken Not according to @WHCOS it is the fault of the media for Biden‚Äôs support. Matt should you not be more inte‚Ä¶ https://t.co/d8LbKFJg8n
@fake_biden @_Norah__D_ Another disgusting display of ridiculousness in America.
@KLBrookshear $22/10 N95 masks(USA Made) on Amazon right now so maybe Biden renigging on his Free Masks promise(lik‚Ä¶ https://t.co/uHW40yTlNa
Biden Orders Federal Vehicles and Buildings to Use Renewable Energy by 2050 https://t.co/9bRevDdGbk
"@ChuckCallesto And Biden won Wisconsin by what, 10,000 votes? It‚Äôs like this in all the swing states"
@SpeakerPelosi How the heck can taxing Americans more money secure anyone? I thought you were going after the big b‚Ä¶ https://t.co/m04KWaZoL1
JUST IN: Senate Passes Resolution To Nullify President Biden's Vaccine M... https://t.co/cJzhdasdSP via @YouTube
The Senate narrowly approved a resolution Wednesday to nullify the Biden administration‚Äôs requirement that business‚Ä¶ https://t.co/cGRKNjf15j
'Fatally Flawed!' GOP Senator Demands That Biden Reverse Vaccine Mandate https://t.co/dEQYJKVJMK via @YouTube
Senate rejects Biden vaccine-or-test mandate; 2 Democrats vote with GOP https://t.co/MB4MGXiS0u
@detroitnews Biden won‚Äôt be alive in 2035 so who gives a shit what he says.
"@donwinslow Biden will veto, so no practical impact.  But, still, what does it say that the US Senate is siding wit‚Ä¶ https://t.co/rVtowX6Rnx"
We lost the country again. The Justice Department turned a blind eye. Biden turned a blind eye to the fascists. We‚Ä¶ https://t.co/twuEMUpeD6
‚ÄòProfessor or comrade?‚Äô Republicans go full red scare on Soviet-born Biden pick https://t.co/SGzbXUleyL
üëç on @YouTube: JUST IN: Senate Passes Resolution To Nullify President Biden's Vaccine Mandate https://t.co/wxWzz7I2xh
@mercola Scary because he has the power! Biden will do whatever he says!
"@ChuckRossDC Biden on the wrong side of things?? No way!  Shit, he called Rittenhouse a white supremacist!   How quickly we forget."
The federal government moving to decarbonize itself has big ripple effects for the rest of the economy: https://t.co/7kpn1qujCb  @RMIPolicy
BREAKING NEWS: Senate rejects Biden's vaccine mandate for businesses but U.S House unlikely to take up the measure.‚Ä¶ https://t.co/DJISVrQHx3
Democratically controlled US Senate votes to overturn Biden vaccine mandate. No thanks to Michigan Senators Gary Pe‚Ä¶ https://t.co/JPN4IOxVUh
"The Senate on Wednesday voted to nix President Biden‚Äôs vaccine mandate for larger businesses, handing Republicans a‚Ä¶ https://t.co/cbhG6gKV48"
@MattWalshBlog My theory is that Biden/Hunter/Deep State is working with Russia and Ukraine.  Russia is sending a b‚Ä¶ https://t.co/lFdbVNiOSH
"@LcpOpen I‚Äôd be more worried about 2. 10 is Biden+9, 2 is only Biden+2"
@LukewSavage Just imagine Biden in this setup
That‚Äôs what I was trying to tell my GOP brother-in-law who was moaning abt Biden‚Äôs policies punishing him for  bein‚Ä¶ https://t.co/fwRve4IoQy
@scottlincicome Joe Biden with a nominee's family member?
@Jones94456378 @MeghanMcCain This is the biggest joke and lie I ever seen some people are clueless about what's goi‚Ä¶ https://t.co/yD8nILATuP
The order directs the government to replace its fleet of vehicles with electric cars and trucks by 2035. Government‚Ä¶ https://t.co/WX9NbY6rG0
BREAKING NEWS: Senate rejects Biden's vaccine mandate for businesses but U.S House unlikely to take up the measure. https://t.co/Cfn8qUdGYX
Every Democratic lawmaker: We can count on Manchin to come through for us and pass BBB.   Trump: Manchin will fold‚Ä¶ https://t.co/Sm4svCXKa2
"üè¢üè¢üè¢ Agree or disagree on the policy goal, doesn‚Äôt the US Constitution still provide for three separate &amp; equal bran‚Ä¶ https://t.co/kn97JGcc4j"
BREAKING NEWS: Senate rejects Biden's vaccine mandate for businesses but U.S House unlikely to take up the measure. https://t.co/Cd7jw7NGTT
"Canceling $50,000 of student debt ""would relieve an enormous burden from borrowers while pumping billions of dollar‚Ä¶ https://t.co/8z0qdQOxhO"
"All they're looking for is a headline with ""fraud"" in it. What they found was that Joe Biden's win was entirely leg‚Ä¶ https://t.co/FSJ0sDOR0s"
The Senate has rejected the Biden administration‚Äôs vaccine requirement for businesses with 100 or more employees. https://t.co/8JgN7OXeW9
@smerconish don't you wish Trump was still the President? Biden has this Country of ours on our knees. Things &amp; dai‚Ä¶ https://t.co/8PBlAeojnh
Sleepy üí§ Biden gets to find out tomorrow. https://t.co/juD7UjTjvJ
JUST IN - U.S. Senate votes 52-48 to repeal Biden's federal vaccination mandates. Senators Tester (D-MT) and Manchi‚Ä¶ https://t.co/WACTtk4oqx
"Biden to award three Medals of Honor for combat actions in Iraq, Afghanistan https://t.co/MbvIaERyBh"
"One day after Gov Whitmer said President‚Äôs vaccine mandate would cause state government to lose employees, US Senat‚Ä¶ https://t.co/QFYyz027K2"
Senate aims to reject Biden's vaccine mandate for businesses https://t.co/7DrH9djaiM
@SenJohnBarrasso @POTUS And tomorrow Republicans will be complaining that President Biden isn‚Äôt doing enough to get‚Ä¶ https://t.co/XxkpKcQzqH
Biden pledges government will stop buying gas-powered vehicles by 2035 https://t.co/IgV23DsjRW
Another major setback for Pres Biden‚Äôs ill conceived one size fits all federal vaccine mandate‚ÄºÔ∏è https://t.co/rkXsdFztT0
Senate Passes Measure Nullifying Biden‚Äôs Vaccine Mandate On Large Companies | The Daily Caller https://t.co/6i9LMaERTC
"@Slate Silly, shallow 'reporting'. Stop already, for god's sake. I don't need to remember a line from a Biden speec‚Ä¶ https://t.co/EqOLawPOJX"
@tedlieu Intelligent people know that J6 was a HOAX to prevent auditing of the rigged4biden 2020 election and to pr‚Ä¶ https://t.co/q1z3bW41Cy
"There is no such thing as ‚ÄúBiden‚Äôs vaccine mandate.‚Äù It provides a CHOICE: get the shot, or get tested and wear a m‚Ä¶ https://t.co/atTz51kepk"
Another Judicial Watch Victory: Delaware Supreme Court Demands Answers on Biden's Hidden Senate Documents - 1850 Bo‚Ä¶ https://t.co/2QufhaWDbn
I guess the Senate wants COVID to kill everyone. So disappointing.  https://t.co/jr8YCMu57a
"Nice move!  Senate passes resolution to defund, repeal Biden vaccine mandate https://t.co/DloB1zND6g"
"I paid $2.79 a gallon for gas today, down from $3.09 a week ago. THANKS BIDEN! #thanksbrandon #ThanksBiden‚Ä¶ https://t.co/rmQaHTcF6P"
@RSBNetwork Yes he did. No normal person with a working brain truly thinks Biden won.  #LetsGoBrandon
"@jody07948800 @CurtisIngraham1 @IngrahamAngle She should, even if she has one idea, it's one more the Biden has."
Exclusive ‚Äî Rep. Greg Murphy: Charge Biden Administration with Murder https://t.co/hWBn4TJ9CA via @BreitbartNews
@FOX2News So hospitalizations are higher under Biden is what you are saying?
@BenjaminDStone 1. Hurts Joe Biden 2. Gerrymandering/Senate means they have souls to burn 3. Hurts Joe Biden
BREAKING: Biden executive order nudges US toward ‚Äònet-zero emissions‚Äô by 2050  https://t.co/ootcmohlpp
@CDCgov Biden administration just announced development oops I mean arrival of 4th New variant. It derives from col‚Ä¶ https://t.co/oEKg06EZkp
Biden administration just announced development oops I mean arrival of 4th New variant. It derives from cold air mu‚Ä¶ https://t.co/9sjPrJPVmn
"‚ÄúThis Video Should Be Pulled:‚Äù Mistakenly Leaked Email Reveals Biden‚Äôs FDA Pressured Google To Censor ""Problematic""‚Ä¶ https://t.co/VAybEAbSKJ"
Exclusive ‚Äî Jordan: Biden Admin 'Goal Was to Go After Parents' in NSBA Letter https://t.co/f8cOlh5e4G
Biden launches ‚ÄòBuilding a Better America tour‚Äô on Kansas City trip https://t.co/e6AGmW2meX
Finally Joe Biden does something https://t.co/lms5btw4C5
"@JasonColeSr1 @FoxNews Seriously? One republican said it, not Biden, not Harris. Not any general, just one person w‚Ä¶ https://t.co/SjplslE6sg"
Wow my electric bill is going up $121 a month‚Ä¶. Thanks President Biden üòñ
"Joe Biden likes little girls, but people like @DeanObeidallah ignores that shit because he's an idiot.‚Ä¶ https://t.co/q6N7GVfosE"
"Manchin and Tester are disgusting. Do we have to appease these stupid asses in everything? Mandates are working, an‚Ä¶ https://t.co/i76DfVIjX8"
@realTuckFrumper Yeah because Biden is an avenging God!!
Jeff Dunham Joe Biden video https://t.co/RxgNj4oxH4
@WhoopiGoldberg u have gone delusional in ur old age!! Biden hasn't  done anything  but DESTROY  America!!
@primalpoly So the MSM can talk about Biden's decisive politicing and virility to dispel any talj of senility.
Media will not admit Biden has severe dementia until he totally can not speak!!! Pitiful!! https://t.co/PhvS5BTtDM
"@phoenixrisng821 I meant it was tight for Biden and Kelly in AZ, not for Biden nationally"
"Political and Business Leaders Share Views on Covid-19, Inflation, China, and Biden's Social and Climate Bill https://t.co/g8lmputf94"
UPDATE-U.S. government to end gas-powered vehicle purchases by 2035 under Biden order https://t.co/vZenwthtRW
"@StucknDaMid She‚Äôs smelling  what‚Äôs up.  Biden numbers in tank, economy about to tail spin.  No doubt his admin han‚Ä¶ https://t.co/y5rD2RwoWR"
Walberg seeks to prohibit Biden from shutting Line 5 without Congress' OK https://t.co/fNYYTUajjC
"Yes I know, very optimistic of me to assume Biden and the next republican will only last 1 term."
It's okay if Biden doesn't forgive student loan debt. I'll still owe just as much when the next Dem president rolls around in 2028.
The US needs to stay out of the Ukraine turmoil! Let European NATO nations deal with the shit in their neighborhood‚Ä¶ https://t.co/MoZti7BF8H
Per @AILANational president @AllenOrrEsq - ‚ÄúThis is a welcome step as the Biden administration begins to restore th‚Ä¶ https://t.co/YPoo5ns2Ng
Biden has new brand for infrastructure deal he's promoting https://t.co/JVXGIz9HcQ
President Joe Biden cited ‚Äúencouraging‚Äù new evidence Wednesday that existing COVID-19 vaccines offer some protectio‚Ä¶ https://t.co/ztyAcuZ166
"New #biofuels proposal from #Biden #EPA still increases environmental harm, per my #RFS lookback on @ConversationUS https://t.co/p1tiGjGIf7"
"@DineshDSouza Until we get to a place where policy/politicians are willing to work from the middle out, we go nowhe‚Ä¶ https://t.co/N36Xd40Uvi"
"Biden tells his questionable train story again, this time with different details...| The News Junkie https://t.co/SvLCjeHkC6 via @BitChute"
The White House having a meeting with some press members asking them for more fair treatment of¬†President Joe Biden‚Ä¶ https://t.co/M15nxfHboE
@JSRoss5 I mean the media treats him like the cliffhanger of a mid-season finale. I‚Äôm kinda glad tho cause it gives‚Ä¶ https://t.co/1bfjd2pma2
@esglaude   SERIOUSLY! What is wrong w/ this panel?  WHY hasn‚Äôt anyone told the truth &amp;stop sympathizing w/ Meijer!‚Ä¶ https://t.co/Czxzs9MojR
Yippee the number is in Biden Administration gives America a new debt of 30 trillion dollars thank you basement dweller let's go Brandon
Biden's catastrophic collapse of American leadership  https://t.co/FJBzlqubEy
Thanks Biden https://t.co/iuyhrelPf2 #axiospm
"In addition to a long-term goal of being net-zero emissions by 2050, Biden says the federal government will have to‚Ä¶ https://t.co/Vk48Sdp3JP"
@JoyBehar I can't believe what I heard on your show - if the Republicans get back the county you're done?  Biden is‚Ä¶ https://t.co/PRuexEpOT2
"@JMilesColeman @zach_solomon1 @michigeese_ @Aseemru This actually looks like a great map! 7-4 Biden, 1 ultra-compet‚Ä¶ https://t.co/fTZpoLgnnN"
From Truman to Biden: U.S. hegemony in the name of democracy https://t.co/bJdg4wLmEc via @cgtnofficial
@trackertrial2 40 million joe Biden voters or what ever the number is
JOE BIDEN IS SIGNING OUR FUTURES AWAY 666
The American Rescue Plan is the most expensive spending bill in decades.   The reckless spending by the Biden Admin‚Ä¶ https://t.co/feCmfNWfEG
"@GOPLeader @RepAndyBarr Two can play this effing game.  Don‚Äôt approve any acts, laws, etc., that republicans sponso‚Ä¶ https://t.co/6v1yJ2QkfS"
@shilohwalker @erynalyson She hasn‚Äôt voted against Dems yet since Biden took over. She‚Äôs a damn mess but she‚Äôs definitely not the enemy.
ITS TOO LATE  https://t.co/PecKwIr639
"@LeilaLstorvad @fake_biden Seems like it is being bred out of the world sometimes, doesn't it.üò¢"
President Biden is ordering the federal government to dramatically shrink its carbon footprint. https://t.co/H3gZuLOq0p
"Obama didn‚Äôt accomplish it in his second term, and Donald Trump saved Christmas. But make no mistake Joe Biden is i‚Ä¶ https://t.co/sMKmPm9snT"
WTF?  Senate Republican push to block Biden's vaccine mandate secures Democratic support - Reuters https://t.co/3fNrGUt83m
"Please read my quote tweet,  Democrats raise alarm on the 'disaster' of child tax credit checks ending as Manchin s‚Ä¶ https://t.co/LcjWZ5JSOd"
@graham_krackr Oh I thought you were talking about 10. 7 is definitely double digit Biden
@phoenixrisng821 Kelly and Biden also barely won. AZ is always tight. I think Sinema will run but her stubbornness‚Ä¶ https://t.co/ytUIQ5j74x
"Even with tariffs, @AmChemistry says imports of plastic products from China rose. @Steve_Toloken has the story for‚Ä¶ https://t.co/UbcxDLA1NU"
@graham_krackr No it‚Äôs like Biden +8.5
Line 5 https://t.co/3g2TaoCEsQ
I knew it wouldn't take long for the @GOP to blame Biden. However I'm a bit surprised they beat @FoxNews to the pun‚Ä¶ https://t.co/ivdBNSDZ41
Opinion | The ugly truth Biden can‚Äôt conceal from the world about the U.S. - The Washington Post https://t.co/5unTGJqNSL
Looks like they threw Luria under the bus by giving her a Biden+2ish district. 10 is Biden+8.4ish and there are thr‚Ä¶ https://t.co/sbje7n25So
Other provisions of the order include making 100% of federal government vehicle acquisitions zero emissions by 2035‚Ä¶ https://t.co/QNzo1ebbvA
The Senate is poised to approve a resolution Wednesday overturning the Biden administration's requirement that busi‚Ä¶ https://t.co/D9LQ16gN3N
Watch: Migration Expert Describes Mass Deaths on Biden‚Äòs Trail of Tears https://t.co/Hi3mL91VSQ via @BreitbartNews‚Ä¶ https://t.co/8CCOWXvjE4
@fredB2015 @Chris_SactoCA @davidmgins None of us are Biden supporters bub.
"@Aseemru Lol yeah, it did vote for Biden by like 9 I think"
The Senate is poised to approve a resolution Wednesday overturning the Biden administration's requirement that busi‚Ä¶ https://t.co/I5CwCdyzd0
DREAM ON DOG https://t.co/ga9DiPUb4d
"Trump tested positive for Covid few days before Biden debate, chief of staff says in new book  https://t.co/0R06YECTtG"
Biden order would make US government carbon neutral by 2050 https://t.co/sJHhl7gjkX
Senate Takes Aim at Biden's Vaccine Rules for Employers https://t.co/ppLE1Ey7sk
@CharriseJLane The devils keep trying to push getting the vaccine but one thing they are not really talking about i‚Ä¶ https://t.co/M7GDEQwYr2
"National Lampoon‚Äôs Ukrainian Vacation  Biden: Do you know what the penalty is for invading Ukraine?  Putin:  No, I‚Ä¶ https://t.co/tGRDPhJg1r"
@shareurmic @AfroAmericanJay Did u vote biden/harris? How influential do u feel?
THE BIDEN ADMINISTRATION IS RIFE WITH WELFARE FRAUD ABUSE AND CORRUPTION
Senate aims to reject Biden's vaccine mandate for businesses https://t.co/QJfDrqXKpc
"@RNCResearch Trump talked a infrastructure bill for 4 years. (he kept saying it was ready to go, just like his bigg‚Ä¶ https://t.co/j0WvdQu4l6"
"President Biden speaking at an infrastructure event in Kansas City, Missouri.  Stay updated: https://t.co/yRWN8cspi9 https://t.co/sazOx2ORFa"
NYT Decided To Openly Lie About Criticism Of Biden‚Äôs Fed Pick. Will There Be Any Consequences? | The Daily Caller https://t.co/7Xn0dBDNku
Can democracy still deliver? Biden convening global summit https://t.co/evesBvQKJk
Biden to address Russia-Ukraine tensions in talk with Putin https://t.co/Aot4Mc4zC4 via @YouTube
Links:   https://t.co/G9XmVpQ5ry  https://t.co/TcdXt6YVR1  https://t.co/bzm7yAod1q
"For those counting, Biden admin #SummitForDemocracy commitments on media freedom so far:   ‚û¢ Launch global Defamati‚Ä¶ https://t.co/7HKmTOIWu8"
https://t.co/f8PGuwNIwm SMGDH... @NRSC @SenateGOP how desperate can you get? It was proven that @Facebook @Meta wer‚Ä¶ https://t.co/83SohZzn9v
@RandStan420 Joe biden by a lot
"@tify330 Exactly!! And she actually votes with Biden, unlike some Dems in the House üôÑ"
The federal government is going carbon neutral. https://t.co/TXx1MfXfSv
I've been calling on @POTUS and @VP to do something about the ever worsening crisis at the southern border for almo‚Ä¶ https://t.co/BetUt0JHat
Mo Brooks Calls for Full Select Committee Investigation into Hunter Biden https://t.co/xNtc9GCRAH
White House Threatens to Veto Senate Effort to Nullify Joe Biden Coronavirus Vaccine Mandate https://t.co/ZYMuW9zWUQ
A yes. He likes Biden too much to screw him over https://t.co/DwPFdDPMrf
Biden Voters for the win AGAIN!!!!!!!!!!!! https://t.co/H0ajkSleHa
@MedlinWrites @Noahpinion The geographical consolidation of slavery played a crucial role in forming southern natio‚Ä¶ https://t.co/3JMaiqn1qI
"If this actually happens by 2027, I will be shocked: Biden‚Äôs directive pledges the government will transition to pu‚Ä¶ https://t.co/9jpGigWIro"
Biden order would make US government carbon neutral by 2050 https://t.co/t5VhGafQvj
"""When asked specifically what measures the U.S. was prepared to impose, Sullivan declined to elaborate.""  It's more‚Ä¶ https://t.co/JPe2RH9vd1"
"I had to make this for a Spanish final, so now you have to live with Fairy Biden the way I do. https://t.co/vZvDNGWWCJ"
This cause is close to my heart - please sign: https://t.co/xJByfmkB9k
@NickRiccardi Yes but when the D‚Äôs took Trump‚Äôs bait to fight below the line they opened themselves up for this. Bi‚Ä¶ https://t.co/naPkmcMC2U
It replaces past references to the bipartisan infrastructure framework and hews closely to Biden‚Äôs separate ‚ÄúBuild‚Ä¶ https://t.co/0q80D30JP6
History is recorded by the winners for future generations. Let‚Äôs see the nation‚Äôs direction after 2022 &amp; 2024 elect‚Ä¶ https://t.co/yKs4ERywiA
@reesetheone1 We had a new Congresswoman who represents the heart of Detroit opposing Hillary later on she opposed‚Ä¶ https://t.co/ue4k7kifmT
@dcg1114 Yes I agree that was the straw the broke the camels back. That was the first time for many Americans they‚Ä¶ https://t.co/gMF5msE2jq
This cause is close to my heart - please sign: https://t.co/DGhPAvarXq
A new poll shows that 22% of Americans want President Biden to run for re-election. Where do you stand?  Story:‚Ä¶ https://t.co/IrNCoKqCKX
"Gov. Whitmer says President Biden's COVID-19 vaccine mandate a 'problem,' report says https://t.co/m2kc7G6vZa via @freep"
@TheStalwart Also does she not have a security detail they could've reached? Is that like a part time gig in Finlan‚Ä¶ https://t.co/OPUTFbOwMT
Omarova was the wrong person for the job.   She knew it and President Biden knew it.   She would have stamped out a‚Ä¶ https://t.co/PbDHboKhq0
@JDVance1 Biden will jump into a war to distract everyone from all the missteps he has taken during his first year in office.
https://t.co/tIYzla8xrV sues Joe Biden https://t.co/052gVWhfJ7
"No, @JoeBiden and @KamalaHarris said no such thing. Rather, they said that they would listen to the professionals a‚Ä¶ https://t.co/unLeEX2d1C"
Biden to order end of gasoline-powered vehicle purchases for federal fleet by 2035 https://t.co/wq7pwpgzGA https://t.co/bi2xtqZLpl
@JMeanypants Joe Biden needs to be stopped! #SchmearCampaign
"I hope they tried again with ""Fuck Joe Biden"" https://t.co/WAtJIyFBW3"
"Biden raised the price on everything so  later down the road, he can reduce the price and liberals think he‚Äôs a genius.ü§¶üèº‚Äç‚ôÄÔ∏èü§¶üèº‚Äç‚ôÄÔ∏è"
Absolutely ridiculous   RNC chair links Biden to Fox News Christmas tree fire: 'This is a huge problem for Democrat‚Ä¶ https://t.co/CEtSShKBUD
"@jpoptrix None of this Matters, Congress is just putting on a show, if Biden were serious, he would allow Garland t‚Ä¶ https://t.co/SrFauScY3b"
"President Joe Biden has signed an executive order to make the federal government carbon-neutral by 2050, with a 65%‚Ä¶ https://t.co/yCpThi2bY3"
@JohnMoolenaar The article does not state that Biden causes inflation.
Why are Americans so unhappy with Joe Biden? | Robert Reich https://t.co/LlomGkgGWB
"@JackPosobiec Hunter Biden needs his Ukraine check to keep coming in though, bro"
@BrianDelaine @Darthalene410 @POTUS Now you expect Biden to stop a freight train.
@BrianDelaine @Darthalene410 @POTUS Well then stop telling everyone else who disagrees with you that they‚Äôre brainw‚Ä¶ https://t.co/fck3P4W44Q
This is rich. https://t.co/L40VVqZNpl
UPDATE-Biden pledges end to gas-powered federal vehicle purchases by 2035 https://t.co/vZenwthtRW
CNN is a fucking joke. Conveniently left out the fact that there's also a massive tax break (SALT deduction) for th‚Ä¶ https://t.co/z8lTMUpZN0
@devinsilvia BIDEN NEEDS TO HEAD TO LONG BEACH AND START SLINGING CRATES
"2 GOP Senate candidates, Masters and Vance, have dropped allegations of fraud to claim a new conspiracy theory: tha‚Ä¶ https://t.co/vpH50kjBHJ"
The Biden administration will return the land of a Texas family after the property was seized for Trump's racist va‚Ä¶ https://t.co/7Ua9opaZxm
@slingbling @liberal_macho @wsyx6 Everything was way down when Biden took over. This is not a win
Dem Senator Jon Tester to vote with GOP to undo Biden vaccine rule https://t.co/J27zfhQDHG
Biden pledges end to gas-powered federal vehicle purchases by 2035 https://t.co/JQkBy7GLgi via @nationalpost
@FrankLeePlain @gusvattes @MichaelBerrySho @RepDanCrenshaw Democrats claimed there was ‚ÄúRussian collusion‚Äù which is‚Ä¶ https://t.co/e7olxp295h
"NEW NAME -- President Biden's $1.2 trillion infrastructure bill now is called ""Building a Better America."" https://t.co/ZIGwLKM70S"
Biden: 'Severe consequences' for Putin if he attacks Ukraine https://t.co/ZuexqLE8G7
"@SecretAZ12 @RheaLucysLala @SparrowHeart23 Oh please, Biden doesn't even know who Jim Bob Duggar is."
"$56K Alzheimer‚Äôs drug avoiding Biden‚Äôs cost curbs, for now https://t.co/6A4QHfx1GR"
"Fake *President Biden, the military industrial complex, war mongering establishment republicans and China would lov‚Ä¶ https://t.co/6kAEj3PGTV"
@thehill @LeaderMcConnell Biden has brought jobs back after Donald Trump had the worst job loss in 80 years.  Biden‚Ä¶ https://t.co/Ts878HdNAu
This cause is close to my heart - please sign: https://t.co/gkCltehkZG
"Speaking in Montcalm County, Michigan Gov. Gretchen Whitmer made perhaps her strongest remarks about the president'‚Ä¶ https://t.co/l5kfnT3pdS"
"Republicans ready new push to defund, repeal Biden vaccine and testing policies https://t.co/Y5mthdftMT via @Yahoo"
@fcretired @CherylBlueWave @iampatricialong @cnavib @BadrobotLinda Your First Clue is the Following:  trump is on T‚Ä¶ https://t.co/qIUt7mE48B
I just signed a petition: Tell Joe Biden to Cancel Student Loan Debt before 2/1/22. Sign here: https://t.co/cibKExz4pY
@MeghanMcCain You KNOW it‚Äôs NOT Bad which is why you GOP ‚Äòinfluencer-only goalers‚Äô have to say it is. How do u reco‚Ä¶ https://t.co/Ukbs5GYCPU
@HolesMad Are you clueless or something? President Trump had nothing to do with the virus that came from China and‚Ä¶ https://t.co/D0LtG0HNDR
Biden gave the Russians the go-ahead on it's pipeline that all of Europe will use and the cash will fund Putins mil‚Ä¶ https://t.co/punwnVBMMk
LIBERAL MARVEL  JOSEPH QUESADA BIDEN Iron MAN SPREADING THE(Y/THEM) Hulk BLACK LIVES MATTER Widow Howard the Duck G‚Ä¶ https://t.co/cPCNiMHVb4
@washingtonpost CNN: this is bad for Biden because. . .
This cause is close to my heart - please sign: https://t.co/GaOCTRtU5K
@PRagain02 @queen_of_hell92 Does one have to love Biden to be a #Resister though? 'cause I feel I am as anti-MAGA a‚Ä¶ https://t.co/cT5fZumEpw
@JoeBiden Biden wants the media to lie to the American  people and give him positive press!! The fact is biden had‚Ä¶ https://t.co/idph8TuC0o
'The Five': Democratsüêë fleeüëã Biden over fearsü•∫of being 'smoked in the üó≥Ô∏èmidterms' The Great Democrat schism has beg‚Ä¶ https://t.co/PPG8s8LeVN
"@GOPChairwoman I heard Nancy Pelosi, Chuck Schumer and Biden were the ones who lit it on fire. And Kamala was just‚Ä¶ https://t.co/8Vv8gnTyFs"
"Yes please, @POTUS @VP https://t.co/IuMbHhcGia"
@WOODTV Whoah! I thought COVID was a secret liberal plan to get Joe Biden elected? What happened to that?
"@jbouie @HeerJeet Blacks were pivotal in choosing and electing Biden, and now are upset that he and his style of De‚Ä¶ https://t.co/dSrFBcrB2g"
ANOTHER DEFEAT? -- The U.S. Senate may vote today to overturn President Biden's national vaccine mandate for busine‚Ä¶ https://t.co/cq7bMlyt1m
@FiveTimesAugust https://t.co/9ITUQuH5kK  I wonder how that's going for him.
Well done Biden Voters!!!!!!!!!! https://t.co/jkqJqOpQa4
@beeswontsting Biden instituted an agreement Mike Pence and Donald Trump made with The Taliban. He shouldn't have d‚Ä¶ https://t.co/Tq9a71zN2n
Who is with me when I say Merry Christmas and Screw Fauci and Biden!
"And he won't mandate masks, and we won't leave our people in Afghanistan, and his Build Back Better legislation won‚Ä¶ https://t.co/akeWaJGTsT"
"@AstroB_Boy They're too afraid to just say ""fuck Joe Biden""   Some crowd was chanting fuck Joe Biden but on TV they‚Ä¶ https://t.co/fsB3GZbgYb"
"@LionelLara3 I am done watching all news and worrying about anything political, Biden has let us all down."
"@TekStol @politicususa Duh. Or, you could sit around all damn day and let the stressed out MSM try to convince us t‚Ä¶ https://t.co/VqLRHptdVG"
"Gov. Gretchen Whitmer said Tuesday that she‚Äôs opposed to President Joe Biden‚Äôs vaccine mandate, suggesting it would‚Ä¶ https://t.co/NaJyzuNoKd"
WATCH: MSNBC Contributor Calls for Biden to Deploy a ‚ÄòFederal Takeover‚Äô of Elections in Texas https://t.co/kNgGBvYwxZ
The national news outlets have spent more time on Fox‚Äôs Christmas Tree Fire than the Putin/Biden teleconference‚Ä¶ https://t.co/5gtvHDpGRK
"Joe Biden does not visit Pearl Harbor and Joe Biden did not visit Oxford Michigan.  He is a total disgrace, not onl‚Ä¶ https://t.co/eOeb4byAe7"
Pete Buttigieg slams Elon Musk's criticism of Biden's EV agenda: 'We believe in the benefits of union jobs' https://t.co/GsOZBayeaz
The @DNC needs a big win . Something needs to pass in Congress that helps people and changes lives . Also if Biden‚Ä¶ https://t.co/A6c0TN8ERd
How I PERSONALLY helped rig the 2020 election for  Biden. https://t.co/cu6Nak7lxr
How many United States Embassies will Biden have to evacuate?
"@JamesFLoveIV @jenn_mb_22 @glennkirschner2 One thing that we are all anxious about, is the repubs taking back Congr‚Ä¶ https://t.co/LWRgTG8EBN"
My dad called me today to tell me to take my Biden bumper sticker off my car. Him and his friends think I‚Äôm going t‚Ä¶ https://t.co/9rQYaMutyr
biden should dye his hair black or blue. one of those colors
"President Joe Biden is promoting the idea of free at-home COVID-19 tests, but the policy might add barriers for Ame‚Ä¶ https://t.co/xJOuM44ppY"
"@MattLRobison It blows my mind that we have had a year of Trump managing the pandemic and a year of Biden doing it,‚Ä¶ https://t.co/PmksxXArpI"
@reesetheone1 Yep in Michigan Biden got almost the same black support as Hillary The black vote increased over 4 %‚Ä¶ https://t.co/MTKB4cs4dN
"@IngrahamAngle First you spew conspiracies that 5G is a bad thing, now you complain that China is leading in 5G. Yo‚Ä¶ https://t.co/nUBBTKysNh"
@Gemini21BLM @jules1327 The media isn't helping.  They're all but promoting it. Instead of focusing on the positive‚Ä¶ https://t.co/KvOfAGCziE
45% of Americans are facing hardships due to inflation under the Biden Administration according to a recent Gallop‚Ä¶ https://t.co/25YlvhGKRB
Why isn‚Äôt Biden visiting/the Wakashau  families? Jen Sucky say it‚Äôs because it will take too many resources? Do you‚Ä¶ https://t.co/Zb8b6gVScp
Biden Withdraws Radical Banking Nominee Saule Omarova https://t.co/D5I5bbQxco
The Democrats will do nothing as they are the party of appeasment.‚Ä¶ https://t.co/x0531nVrTC
There have been some recent developments that may have an impact on your facility in regards to the Biden administr‚Ä¶ https://t.co/61lPGZr2OR
@joncoopertweets @Leahgoldstein70 *Biden mails DeJoy his pink slip. Should take effect by Steve Bannon's court date.
There have been some recent developments that may have an impact on your facility in regards to the Biden administr‚Ä¶ https://t.co/M0CnwvVbLE
"@hugolowell When the GOP sets up the Hunter Biden Select Cmte they'll have public hearings by Feb 1, 2023. They'll‚Ä¶ https://t.co/L1z2z9BsHM"
"Very disappointed in @GovWhitmer for her stance here,.. The vaccine mandates ARE NOT the problem!   https://t.co/7n1Yg5ZrUl"
"States, Native American tribes and U.S. territories will receive $7.4 billion in 2022 to improve water quality and‚Ä¶ https://t.co/PM1yZgJabF"
"Whitmer opposes Biden's vaccine mandate, worries about exodus of state workers https://t.co/bj5n73sDlz"
Energy common sense is out the window with Biden. https://t.co/UXX4x6VgP2
@JakeEvansGA Why are we letting him get away with this and nobody wants this nobody wants to keep paying $4 a gallo‚Ä¶ https://t.co/jU9ftY8RZv
"Rather than promoting a new cold war in the name of democracy, it would be better if Biden concentrated on strength‚Ä¶ https://t.co/Nb0UFcx7Q4"
@TetsuoYarbrough @docrocktex26 @GOP I saw Biden is holding some kind of democracy summit when we‚Äôre on the precipic‚Ä¶ https://t.co/aUHfS6zgCD
"Biden's ""America is back,"" a call for new Cold War https://t.co/9FiCXWMc6v"
@briantylercohen Clearly Hunter Biden‚Äôs laptop overheated on purpose and caused this fire.
@karenleedl @brookeyicp @PaulCogan Along with Biden.
10 things you didn't know are in the Democrats' Build Back Better bill  https://t.co/FVbvFIS54u
üè¢üè¢üè¢ President Biden didn‚Äôt listen to Michigan businesses and doesn‚Äôt care about the serious problems his proposed o‚Ä¶ https://t.co/9w4vLRv2Wx
@ScottMGreer Biden has to pressure Allie‚Äôs to do this for it to work
It wasn't 'a problem' when she shut down our friend's shops and restaurants.  Always remember that your issues are‚Ä¶ https://t.co/qhVYt1mj3l
@SenatorBraun Countdown until he blames Biden for not doing enough on Covid‚Ä¶
"Here are some hot takes on the White Paper on Democracy released by the State Council Information Office, just in t‚Ä¶ https://t.co/EBNAUIyLq9"
President Biden Warns Putin Against Invading Ukraine During Video Call https://t.co/cQrZpLQ9e9 via @YouTube
President Biden Warns Putin Against Invading Ukraine During Video Call https://t.co/ZiZgxMiN7R via @YouTube
@MmelsZuma Not Biden
The Biden administration has finally acknowledged Tesla exists. https://t.co/v6mfov89AF https://t.co/nbWt8eXqwH
The reason Biden handed over Afghanistan? https://t.co/o1tSRKSFUf https://t.co/zUKNOFt5I5
America is a  Blood bath Crime going up every place Joe Biden and Democratic Party and left wing   media Their poli‚Ä¶ https://t.co/2Fg5CS5pR7
Now what will Michigan employers do in response to this latest court decision? I've heard from several workers at l‚Ä¶ https://t.co/zd2hTwP21d
"https://t.co/yLMpqij5dh 12/8 - Andy went above, Dave didn't even ask. Biden and Putin meet. Blood pressure going up‚Ä¶ https://t.co/tAJBfYcW2q"
"https://t.co/03Vbp3xcWA 12/8 - Andy went above, Dave didn't even ask. Biden and Putin meet. Blood pressure going up‚Ä¶ https://t.co/EwLK49k9TP"
I just signed a petition: Tell Joe Biden to Cancel Student Loan Debt before 2/1/22. Sign here: https://t.co/yz3JZrr1ZD
@OscarTh89099589 @ProjectLincoln To blame Hunter Biden!
"@ProjectLincoln It‚Äôs a false flag, Tucker did it himself to blame Hunter Biden."
Biden bout to fucc this shit up so bad... I never thought I‚Äôd say this but gimme Trump bacc atleast you honest and‚Ä¶ https://t.co/ijEcLE7mTe
"A labor shortage can cause employers to pay workers higher wages and provide better benefits.  ""The U.S. doesn‚Äôt ha‚Ä¶ https://t.co/4Uid2N3tRV"
"When it comes to other potential candidates, 12% of voters say they want Vice President Kamala Harris to run, 4% sa‚Ä¶ https://t.co/pQ6cRalAwP"
A federal judge on Tuesday blocked President Joe Biden‚Äôs administration from enforcing a COVID-19 vaccine mandate f‚Ä¶ https://t.co/s1MFuoA0c6
Biden Blocked.. Again https://t.co/oiMlSVsbND
"Longtime Mainstay of Bazelon Center, Jennifer Mathis Joins Biden Administration as Deputy Assistant Attorney Genera‚Ä¶ https://t.co/4ZmvZVKjQ0"
"Judge blocks Biden‚Äôs vaccine mandate for federal contractors (No surprise, appointed by It‚Äôs a Hoax Trump - could b‚Ä¶ https://t.co/ZyAYajpWD3"
It's rumored that bombastic blustery Biden threatened to sic Corn pops on Putin  Biden Leaves Putin Shaking in His‚Ä¶ https://t.co/CkUB1vuhME
Biden Leaves Putin Shaking in His Boots  ‚Äî or Probably Not  https://t.co/8ZMaNHb5La
"@johnpavlovitz @BJHare The United States would be last place I‚Äôd visit if I lived overseas, especially after seeing‚Ä¶ https://t.co/tpu9tvstD2"
Republicans would prefer more people die to further their political agenda. Insane. Republicans ready new push to d‚Ä¶ https://t.co/sxVritqX5T
"Joe Biden set the Fox News War on Christmas tree on fire, as an exclamation point on yesterday‚Äôs warning threats to Putin."
‚ÄúMic problems‚Äù-sure.  Mic Problems Leave Biden Bumbling In High Stakes Meeting With Putin https://t.co/xQaxDj2qT8 via @dailycaller
White House 'working behind the scenes' with media to get positive coverage https://t.co/U6gkOIMbLQ via @nypost. 28‚Ä¶ https://t.co/vu1bUZfPRj
Biden after speaking with Putin:  ‚Ä¶ Oooops wrong pic https://t.co/uutNiWmCwi
"COMING UP ON #WMMN Jared Halpern, Fox News Radio, we'll recap yesterday's Biden/Putin call.  https://t.co/jl6I5HdLtO"
"I love it when #CNN #MSNBC #NBC #abcnews report on how the Biden Admin. is supporting a government of the people, b‚Ä¶ https://t.co/moc0Pm2m1h"
@Jack__Daniel___ Because he is.  And Biden is trying to figure out where he's at and if it's naptime lol
New COVID variant hits &amp; everyone has a conspiracy theory. Amazon Web Services goes down the day Biden &amp; Putin have‚Ä¶ https://t.co/ENbv10yPMs
I love it when #NBC #CNN #MSNBC #abcnews reports how Biden's economy is doing well for Americans and not lowers the‚Ä¶ https://t.co/oWfttZQIEh
GOOD MORNING. What does it mean to live in a country where the House just passed a $768 billion defense bill w/ lit‚Ä¶ https://t.co/oSBr6jAkaV
Federal judge halts Biden jab mandate for federal contractors in all 50 states - LifeSite https://t.co/DjmbjPYXQX
@fake_biden It‚Äôs nice they all have matching weapons of war.  Charming.
"@Morning_Joe This poll isn't fair at all. Biden people and businesses(if they are even a thing), don't advertise th‚Ä¶ https://t.co/JRN6roZYhK"
Peekaboo we see you !  REPORT: Media Companies ‚ÄòMeet In Secret‚Äô With Biden White House To Discuss More Favorable Ec‚Ä¶ https://t.co/AdEf7Y26fO
"@kylegriffin1 Their only goal, and they openly admit it is to ""destroy Biden's agenda"" not help the citizens, not l‚Ä¶ https://t.co/ktrw3hHzSK"
It's amazing!! All these Liberal trolls on Twitter... You would think Biden's approval rating would be over 32%... a nation divided...
President Biden shows he's still a masterful politician! #Democrat #DemocratsDeliver #DemocraticParty  https://t.co/EwrBET3Al6 via @YouTube
@jcraven22420 @DioCyde @LisaFaire5 @mmpadellan He STILL fighting with you? He blocked me yesterday after the whole‚Ä¶ https://t.co/8i2JO3cLPb
Biden delivered a simple message during Tuesday‚Äôs video call with Putin: invade Ukraine again and face painful sanc‚Ä¶ https://t.co/0nqIzVYRuv
Gretchen Whitmer says Joe Biden vaccine mandate a 'problem' https://t.co/S2c9KWEJdf
"Only 22% of Americans want President Joe Biden to run again in 2024, according to a recent poll.  WHAT DO YOU THINK‚Ä¶ https://t.co/XOrzGfr67Y"
Second Senate Democrat to buck Biden on private sector vaccine mandates  https://t.co/udSHT2msIl https://t.co/GYEcxTLmTK
@JosephRReagan It‚Äôs not Biden‚Äôs fault that 30% of the country is conditioned to automatically disbelieve anything h‚Ä¶ https://t.co/cIHIFzf5OM
Lowering consumer costs for insulin:  #VBID   https://t.co/Dpkru8TdP6
Somebody‚Äôs up for re-election in 11 months. https://t.co/aSLrBt90Fl
"EXCLUSIVE: Democrat-Media collusion REVEALED  ""Biden regime demands the media fall in line, White House holding sec‚Ä¶ https://t.co/XFCHpa5uya"
@TommyPigott Who surrendered Afghanistan to the Taliban without a compete detailed exit plan? Not Biden.
@RNCResearch Who surrendered Afghanistan to the Tailiban? Not Biden.
"@KeithOlbermann @FoxNews They will blame it on Hillary,Obama,and Biden."
@thehill @GOPLeader @GOP just like Donald Trump you are willing to keep the pandemic going.  You will lie about it‚Ä¶ https://t.co/cC4rG9fhWi
@AmericaFirstMan @SleepyOldJoe It's rumored that bombastic blustery Biden  threatened to sic Corn pops on Putin
@SleepyOldJoe It's rumored that bombastic blustery Biden  threatened to sic Corn pops on Putin
@TODAYshow    Biden needs to tell Putin you in vade the Ukraine we're getting involved
@NatsAndCats @laralogan @AfgFactChecks I'll type this slowly so you can keep up. The Taliban knew if they crossed T‚Ä¶ https://t.co/DsSlKJIKIX
Biden-Putin talks: No breakthrough amid Ukraine tensions https://t.co/6lCDVQHirO
@KingAwesomeDawg @PodcastJuggalo @animal_manor @HaterTheWaiter @PimpRonRon @QbertCobain @SSRob44 So true!! Now we k‚Ä¶ https://t.co/pEc9h0JyXL
"Tucker Carlson, American Traitor 4ratings, trump butt sucking soldier sided with Putin over Ukraine, saying Preside‚Ä¶ https://t.co/KyxFdEqwFy"
Opinion: Someone has to pay for student debt forgiveness and it doesn't solve the problem https://t.co/adXXDXyUCS
"ICYMI: @GovWhitmer on a potential loss of workers from President Biden's #COVIDvaccine mandate:  ""It's going to be‚Ä¶ https://t.co/aKAfczKMrF"
House Passes $768 Billion Defense Policy Bill https://t.co/lexOTVRacU
‚Äú‚Å¶@elonmusk‚Å© went on to call the electric vehicle and charging infrastructure subsidies in the bill ‚Äúunnecessary.‚Äù‚Ä¶ https://t.co/506bd3Bhwd
@fake_biden Totally agree with you. This is beyond ignorance. The children are killing the children and parents are allowing them to do so
@fake_biden Utterly disgusting.
Whitmer signals apprehension with Biden's COVID vaccine mandate https://t.co/2utYywqbiG
Biden's WOKE crap! https://t.co/MprJlMSxPw
President Biden warns Putin of new sanctions if Russia invades Ukraine https://t.co/riOXEeHuoC
"Inflation Emerges as a Key Concern for Voters, WSJ Poll Finds https://t.co/EclEjKbdcQ"
how much time does federal government devote simply to presidential appointments? If a small college has to fill 10‚Ä¶ https://t.co/7ULvhJa1dM
@EvrodCassimy Biden won't do nothing! He's soft hey Russia move your junk away from the Ukraine border!!!!
"@BrianDelaine @POTUS The inflation started under Trump.  Still it‚Äôs the pandemic that‚Äôs to blame for that, not Trum‚Ä¶ https://t.co/2aoUhsFYIN"
cc: national political writers  https://t.co/EQbfrCJXhQ
Mark Meadows falsely claims Biden's 81 million votes in the 2020 election don't represent 'a real number' Meadows a‚Ä¶ https://t.co/22UejYm1Go
It's rumored that bombastic blustery Biden threatened to sic Corn pops on Putin https://t.co/iqqRIEc46q
@catturd2 It's rumored that bombastic blustery Biden threatened to sic Corn pops on Putin
@Davar_Echad @catturd2 It's rumored that bombastic blustery Biden threatened to sic Corn pops on Putin
@EvrodCassimy Oh NO not McGeorge keep moving‚è≠ McGeorge tired of herring your blah blah we've heard it over an over! Make en stop Biden!!
"Voters Pessimistic About Economy, Biden‚Äôs Leadership, WSJ Poll Finds  First survey in The Wall Street Journal‚Äôs new‚Ä¶ https://t.co/qt6cP8ktvA"
@EandPCartoons It's rumored that bombastic blustery Biden threatened to sic Corn pops on Putin
@ConservOmatic It's rumored that bombastic blustery Biden threatened to sic Corn pops on Putin
This SCOTUS Report is dumb.  No mention ofüëâ Talmudic structure Nullified entities amici curiae filings Foreign feal‚Ä¶ https://t.co/R3eAm1KgWl
The world is becoming more dangerous under Joe Biden https://t.co/yVheIDuz6r via @nypost
@helloitsmilo Joe Biden got some giant hands bro
@ScottMStedman Let‚Äôs see how they make this Biden‚Äôs fault.
@Gritty20202 Can someone Photoshop Joe Biden doing his thing here? https://t.co/0ZsM9TyvWi
@RepJeffries @RogueElle What has Biden done?
"@TropicaliJaye They gonna blame Biden, aren't they üòî"
"Biden, Putin hold two-hour video call amid tensions in Ukraine https://t.co/E3KEnrts7a"
@fake_biden @hugolowell Right?!
@NosesMalone @rudepundit Riiiight. Because Congress and the red state legislatures would‚Äôve worked with Sanders SO‚Ä¶ https://t.co/WdQM5LsRvT
We make a mistake as conservatives criticizing Biden‚Äôs dementia. His dementia is the least concerning thing about h‚Ä¶ https://t.co/8C14o1B9SC
This nigga biden givin ukraine $300 mil but i cant get my student loans waived?  https://t.co/vtHIF23WBG
Yet some of you hold fast to your view that the Donald/Biden surrender to the Taliban was a good thing  https://t.co/fIKKogPJyH
Context. Biden is hosting a summit with Putin over Russia planning to Take over Ukraine https://t.co/pc8GJEnvgr
"@Route_60plus We have called this press conference today, to voice our grave concern, over the Biden administration‚Ä¶ https://t.co/NzH1pq7ufH"
@ArtOfTheFu @MZHemingway Went from 'yes we can' to Joe Biden
Someone needs to put blundering Biden pic in https://t.co/8Sj2SeJDuu
Take the hashtag. Let‚Äôs go Biden! #LGB
Is anyone surprised? Biden failed to ‚Äúshut down COVID‚Äù (will this be the lie of the year?) &amp; now he‚Äôs flailing.  No‚Ä¶ https://t.co/MVrdLWiZMO
Biden-Putin talks yield no breakthrough in Ukraine tensions https://t.co/HlR9h9IcOp
"Wow.  Don't you think, as I do, that the GOP has a lot of nerve accusing Biden of being weak with Putin?  This afte‚Ä¶ https://t.co/mzi2JcccBZ"
unpopular opinion: Joe Biden is fucking shit up! how you gone fuck over china that make literally everything like what!
Can anyone name a campaign promise that Biden has kept?
Biden warns Putin against Ukraine invasion https://t.co/0wCHN760pz via @nbcnews
"@BabaMegana Biden agreed to lift the boycott on Nordstream-2 today, so this is possible, but I trust Putin to keep‚Ä¶ https://t.co/wCcJUmcC9E"
Biden forgets to turn mute off with Putnam. What a clown. Listen to his sick laugh #TikTok https://t.co/pkWC2r7cZR
‚ÄòCourt Packing‚Äô Issue Divides Commission Appointed by Biden https://t.co/Bh1CVa9FvX
@graham_krackr The house passed one that puts Harris in a Biden+1 seat.
Let us hope tensions and threats reduce.  https://t.co/zNYgGxeX1h
House Passes $768 Billion Defense Policy Bill https://t.co/PPD5fe8ZVJ
Biden Threatens Putin With Sanctions if Russia Invades Ukraine https://t.co/MeoGZuPkqY via @nytvideo
"‚ÄòGreetings, Mr. President‚Äô: Biden and Putin Hold 2-Hour Virtual Summit https://t.co/k9Y8RoKzI6"
Senate Confirms Chris Magnus to Lead Customs and Border Protection https://t.co/6cyrotRR5p
What would you say to Joe Biden right now üòÇ
And why are farmers complaining about Biden and Democrats? Trump tilted toward the oil interests. https://t.co/09eWtg7xYW
‚Å¶@GovWhitmer‚Å© ‚Å¶@gretchenwhitmer‚Å© what you really mean is you are concerned that being on board with the mandate may‚Ä¶ https://t.co/tVbAW5Eipf
At least he's not sucking Putin's cock. Biden is busting his balls https://t.co/kgyK1ViUib
"Advice To Biden, Putin , And China's President! The World Dosen't Need Any More Wars!!"
"8/23/2020 (@libertytarian)  Biden: Take Muzzles Off Experts, Rest of You Put on Masks!  üì∫ Full Segment:‚Ä¶ https://t.co/kZxwDYtf1q"
How Hospitals Have Been Paid to Kill Us!  https://t.co/r2iHwUqqZY  https://t.co/wwbDkKhfuY  https://t.co/7urx1PvsiX‚Ä¶ https://t.co/j3HPSgJPfd
@dcg1114 It‚Äôs done and over with. Ron Klain shot the moon and lost. Ron sat there while Biden spoke to GOP members‚Ä¶ https://t.co/G19eomECCp
Silly me! And here I thought the person we all elected President was named Biden. https://t.co/IkKLMnYrgB
Military should defy Biden‚Äôs illegal orders going forward. #fjb
"Shorter Biden: Fuck around and find out, Pooty. https://t.co/vKmgmWWAlf"
Joe Biden has been president for 11 months with a congressional trifecta and it seems like the media story almost e‚Ä¶ https://t.co/L6GKgknQzK
big step forward. https://t.co/UgTJfhoZ1Q
‚öñÔ∏è Good decision. Another legal setback for Pres Biden‚Äôs unlawful vaccine mandate. https://t.co/VT6WQS78On
"This bill provides our servicemembers with a 2.7% raise, prohibits the Department of Defense from dishonorably disc‚Ä¶ https://t.co/OUNqw2eY33"
"@DOAEshow #ArmYourselves Don't be silly. Biden can't keep Thailand and Taiwan straight.  The less confusion, the better."
"Trump won Vegas Latinos. Why? ‚Äî He didn‚Äôt win them, but they did swing towards him. New assembly district 28 (61% H‚Ä¶ https://t.co/akqeB52PP0"
"@Socialiberalist @JoeBiden Hey everyone, paid üíµ plant ü™¥ here doing the bidding of the Biden‚Äôs."
"@mikepompeo If you were an Intelligent person, you would know the Biden administration has no control of any of tha‚Ä¶ https://t.co/iuNXikZykz"
"@business I agree with Elon 100%.  Stop giving away money that the government does not have, Biden is going to destroy the economy"
With Biden in office I don't have to stock my liquor..instead I start each day with virgin coffee.
@seanhannity @IngrahamAngle @marklevinshow @MZHemingway what are the Rhinos in the @gop doing Biden destroying Amer‚Ä¶ https://t.co/SuT0af42Sh
What a great idea! Wish Biden would do it . https://t.co/P7JIZjod0H
"""Either the U.S. and NATO provide us with ‚Äúlegal guarantees‚Äù that Ukraine will never join NATO or become a base for‚Ä¶ https://t.co/xCkHo1rf78"
"@Slate Unfortunately, I‚Äôm still trying to bleach my brain from the previous president‚Äôs nonsensical word salad. I‚Äôm‚Ä¶ https://t.co/YdgKIrc3wz"
"@shelbyb28 @RepSwalwell I voted for Biden, I wish he would talk more about all of the popular things in the bill. I‚Ä¶ https://t.co/QrWba5T75D"
When the President affects the wallet and dinner table negatively...President Biden continues to fail in policy and‚Ä¶ https://t.co/8s5OizhgMm
@glennkirschner2 @YouTube What a disgrace. A freight train of insurrection is headed down the tracks and Biden and‚Ä¶ https://t.co/8fDmCpwC0l
"@disclosetv Another day, another judge blocking Biden‚Äôs vaccine mandates/requirements for nothing."
We strongly agree with Governor Whitmer: Joe Biden‚Äôs one size fits all vaccine mandate is a ‚Äòproblem‚Äô. A big proble‚Ä¶ https://t.co/2Vy46eK5ki
@CautiousLefty Shouldn't it be 49.45% for Biden?
"I was in Hong Kong in 2019, right before China started its crackdown. It‚Äôs a wonderful, unique, successful city tha‚Ä¶ https://t.co/I2YHuo0cXr"
Federal Judge says Biden administration exceeded its authority. https://t.co/SlL78CTvqp
Been training everyday to have a mind like Joe Biden
Wealth 101 - From Biden to Obama the TRUTH about Boomer Wealth Transfers... https://t.co/a4qzdmDuAJ via @YouTube
üëç on @YouTube: Jen Psaki Gets TRIGGERED When Reporter Revisits Hunter Biden's Laptop https://t.co/cEXVGv1NrK
"@DonaldJTrumpJr Oh Biden's a husk of a person, we all know what Putin thinks of him and we don't have to speak Russ‚Ä¶ https://t.co/2Zwv7WLzgD"
Federal contractors were facing a Jan. 18 deadline to be fully vaccinated. https://t.co/8ADpwpr1an
@SenTedCruz How is it Biden's fault? Who's standing in the way of the defense funding bill? Where were you for 4 ye‚Ä¶ https://t.co/xOI0AfCuoe
We already knew they would find nothing   Trump's election lie falls flat again as right-wing Wisconsin group finds‚Ä¶ https://t.co/ZSVGO9LDoL
Biden to withdraw embattled banking regulator nominee https://t.co/cbAYiSKEUt
NEWS: Just 22% Of Americans Want Joe Biden To Run For President Again https://t.co/H3NFauLKrM
"Gov. Gretchen Whitmer tells business leaders President Biden's #COVID19 vaccine mandate is a ""problem."" Her remarks‚Ä¶ https://t.co/QLpkWApPQR"
@SenTedCruz And now the people of Afghanistan will starve to death because of Biden
@deedorseyy @mama_pause @RonFilipkowski @theliamnissan It's what they don't want. They don't want Biden to succeed.‚Ä¶ https://t.co/6dRTmRM4sF
Putin knows better than to test The United States and its allies. President Biden reiterated this during his call w‚Ä¶ https://t.co/DlMgOmJJuH
Joe Biden should FOLLOW!!!ü§ó https://t.co/oJnyHHa6Fn
"Well, this is unexpected: My work was cited by @NolteNC in...@BreitbartNews. And not in a critical way, either. https://t.co/kCZQ6R9vbI"
Not sure who I hate more Trump for trying to overthrow America or Biden for letting him get away with it. In Americ‚Ä¶ https://t.co/apULkyivBv
BIDEN IS SPENDING MONEY NOW BECAUSE THERE WONT BE NO MORE
@BA_is_BA @Meganashley_911 @POTUS Yet Biden and Democrats were the 1st ones bashing the vaccine. Plus the vaccine a‚Ä¶ https://t.co/8WOABo5DMk
Trump JR. Biden‚Äôs JR lmao @DonaldJTrumpJr @DanScavino https://t.co/dCuuBJVcxL
From my point of view fwiw   The hate Joe Biden   Buh thays scart shittless of Kamala https://t.co/lVTFknoDsq
@BA_is_BA @Meganashley_911 @POTUS Is it the same pandemic Biden said he had a plan to stop or the one he said any a‚Ä¶ https://t.co/Fb5qraw3ON
Biden Administration‚Äôs COVID-19 Mandate to Federal Contractors Now Blocked¬†Nationwide https://t.co/mI3zoGLPYy
@kyleolson4 Now she‚Äôs even saying the Biden mandate is a ‚Äúproblem‚Äù ‚Ä¶ she‚Äôs been absent for months and now this?? Desperate
"@POTUS About time!! Well done, President Biden üëç"
"In 2020, Donald Trump called it ‚ÄòOperation Warp Speed‚Äô, now some doctors are calling on the Biden administration to‚Ä¶ https://t.co/4IWBMKdVYD"
‚ÄúGas prices under Biden are out of control!‚Äù ü§• https://t.co/UakK8qof7W
"‚ÄúIf that mandate happens, we‚Äôre going to lose state employees.‚Äù We commend Governor Whitmer for speaking about the‚Ä¶ https://t.co/bt68zISPwp"
@JoJoFromJerz A republican somewhere  reading your tweet thinks pearl Harbor actually happened today and blames Biden.üòêü§¶üèΩ‚Äç‚ôÄÔ∏è We‚Äôre F*‚Ç¨|&lt;‚Ç¨|&gt;!
üö®üö®Can‚Äôt believe @SenJonTester and @Sen_JoeManchin would rather see people not get vaccinated and possibly die becau‚Ä¶ https://t.co/BRtLxDT7Si
"What should Americans expect from the Biden, Putin phone call? https://t.co/VqHi6pBnpf via @YouTube"
True. But Biden sure is trying. https://t.co/8nJ0Ut4CcC
"Democrats control White House, House of Reps, &amp; Senate. But US continues to fuel Saudi Arabia's war on Yemen.  ""Pro‚Ä¶ https://t.co/j8feS6vvI7"
@PalmerReport The whole lot of them should've been arrested on January 7th. They should've been executed on the Nat‚Ä¶ https://t.co/eEKIabfTEz
@POTUS Biden raised the price of insulin just to show he will lower the price.
@russ_newell @therecount That way they can blame the Biden administration in 2022. Part of the plan
@yeawelltoldu @JerryLingle I havent seen Biden seeking fairer outcomes in the Rittenhouse trial (he said he support‚Ä¶ https://t.co/gp2TwoSV83
Good Tuesday evening. I‚Äôll be on @CNN @NewDay tomorrow morning at 7:00 AM ET to discuss the Biden/Putin call and mo‚Ä¶ https://t.co/0uoeZuXJAS
Mo Brooks Calls for Full Select Committee Investigation into Hunter Biden https://t.co/zBbxe3y8Bh via @BreitbartNews
@JerryLingle @yeawelltoldu And Biden is revealing how desperate establishment Dems are to keep society in status quo
"""wHy hAsN'T joE BiDEn eNdEd tHE pAnDeMIc?"" https://t.co/nkdxx5MkcY"
@DavidEggert00 Why isn't she taking Biden's advice to businesses by implementing it on state workers and not worryi‚Ä¶ https://t.co/9fi9e6iiOP
"@MattBruenig Let's sunset this Jen Psaki thing. She fucked up, which she surely knows as we all do by now. Only ser‚Ä¶ https://t.co/3PaDr48aC1"
"It's Official We are a Shithole Country, let's all Thank the Fat Orange Terrorist  Judge issues nationwide injuncti‚Ä¶ https://t.co/SUD2z6TvyJ"
@DavidEggert00 I thought @GovWhitmer said she won't enforce Biden's vaccine mandate?
@TeaPainUSA This is horrifying but I have a hard time believing trump would take a position below President. He wou‚Ä¶ https://t.co/Yf8vOBPfjR
@TrumpRussiaTies @ChuckGrassley That would put Biden at 20ish. Including people who dont vote is stupid.
Will we go to war? I think #Biden and #Putin should either put on Call of Duty or Battlefield and go #PPV with it..‚Ä¶ https://t.co/X0gMlZtI1B
Then they will impeach Biden and Harris and guess who is #3 in line? https://t.co/tt6hLev7Z1
"If Biden vax mandate goes into effect, Whitmer admin has to decide how to implement it for state workers. It can ei‚Ä¶ https://t.co/cErdC8hf3l"
"@ap290033 @JackiCordova3 @RSBNetwork Although it should say ""Joe Biden is THE President"""
@DanCrenshawTX Biden is a Marxist? Huh... wonder how...
"@districtai I said this a few days ago, but no fucking way will they do it...  Way too profitable right now, financ‚Ä¶ https://t.co/Jl1EaKOgHF"
Michigan Gov. Whitmer calls Biden‚Äôs vaccine mandate ‚Äòa problem‚Äô for businesses https://t.co/1BS7wZIYNK via @BridgeMichigan
We're watching them cheat in real time. Are Biden and the Dems just going to watch Republicants cheat them out of t‚Ä¶ https://t.co/9kmwCDh5Rh
"So those stupid MFs are going to say ""NAY"" to Biden anyway. They're locked in. Where he's losing support is from pe‚Ä¶ https://t.co/PUc4Qgbwjz"
Let me explain why Biden's numbers crashed. First of all there is 35 - 40% of the country that are ALWAYS gonna shi‚Ä¶ https://t.co/5UWWCQlSyD
"Q: Biden promised nothing would fundamentally change, and it hasn‚Äôt, so why are people less scared and angry than t‚Ä¶ https://t.co/uWLnkIeIIW"
Poll: Only 37% of Democrats Want to See Biden on 2024 Ticket https://t.co/X8zLpk3xgc
Poll: Only 37% of Democrats Want to See Biden on 2024 Ticket https://t.co/X8zLpk3xgc
Support for Biden Collapses on Main Street U.S.A. as Inflation and Supply Chain Concerns Rise https://t.co/zopZAionEJ
@NancyTracker Back to square one for Biden
Biden nominee withdraws name to lead OCC banking watchdog https://t.co/VxC2K99Wku
Bait and switch misdirect. Watch carefully their next nomination.  Wolf in sheep‚Äôs clothing.   Biden Withdraws Bank‚Ä¶ https://t.co/ZoUq94H5kl
"This country is a fucking joke. Conservatives are all about taking down Biden ‚Äî you don‚Äôt have to like the guy, but‚Ä¶ https://t.co/LHHNXwHHIX"
Yes. Manchin is a huge Biden supporter which is why I don‚Äôt think he‚Äôll fuck him over on BBB or anything else https://t.co/alTVtEfzj8
Biden'süßªpick for #bank üè¶ üêï‚Äçü¶∫watchdog pulls outüëã after GOP accusations of communism. ü§î https://t.co/j9rWnIJG3U https://t.co/yZUuoLhYyo
