A Rare Word of Praise for the Biden Administration | by @jimgeraghty  https://t.co/x3oKpqQg1S
"Senate votes to nullify Biden's vaccine requirement, with two Democrats joining all Republicans https://t.co/PSBbgAzsn6"
Senate votes to nix Biden's vaccine mandate for businesses  https://t.co/WTLmuiumhJ
was biden admin recognizing juneteenth as a federal holiday this year random? a year we occupied wall st w/ a meme‚Ä¶ https://t.co/qVXnWFZFGU
@lfreemansafrica I saw my Mom sitting near Central Park with a White Male that looked like Joe Biden with Dyed Red Hair.
Biden Declares Infrastructure Decade As Banished Trump Seethes https://t.co/BIhzCESlAB via @politicususa
"@ElizaArcturian @andersonDrLJA I understand that ,it is convincing the sheep. They have been distracting people for‚Ä¶ https://t.co/ULwn0DGq7e"
President Joe Biden signed an executive order that directs the federal government to achieve a goal of net-zero car‚Ä¶ https://t.co/r4ODPwewkn
President Joe Biden signed an executive order that directs the federal government to achieve a goal of net-zero car‚Ä¶ https://t.co/9aHFWt70Cq
Kyle Rittenhouse challenges Joe Biden to a meeting during interview with Glenn Beck https://t.co/QDm7KDB24Z
Appellate Court Upholds the Biden Administration Vaccine Mandate for Florida Health Care Workers https://t.co/ff2gr70z9d
@babybeginner @CEJacksonLaw @ripx4nutmeg The CT court case brought forward by the natal girl athletes could have ga‚Ä¶ https://t.co/BtbmvquQig
Biden to Pay Tribute to ‚ÄòAmerican Giant' Bob Dole at Capitol https://t.co/l9DQGK7TBm
Poopy pants Biden The perfect Storm
"M.N.: This is not a ""Concession"", but smart &amp; balanced diplomatic move. Russia's grievances should be heard &amp; addre‚Ä¶ https://t.co/UhLqnfZvuh"
@bmay How long till Dorries tweets about Biden being too ‚Äòwoke‚Äô then deletes it?
The great ‚Å¶@DanHenninger‚Å© sums it up perfectly: Lib¬≠er¬≠als ab¬≠hor fed¬≠er¬≠al¬≠ism. They don‚Äôt trust the states on abo‚Ä¶ https://t.co/4iMoR3F0lf
Kevin McCarthy: Biden admin‚Äôs ‚Äòwork from home‚Äô policy for federal employees looks like a scam https://t.co/u1DXFfCTkn #FoxNews
@ScarletnGrey1 @crossvine2 @pcrritesgood @ChrisMurphyCT That‚Äôs different. Dems stood against Trump‚Äôs policies on pr‚Ä¶ https://t.co/etkTEY0j5C
Biden wants to convene meetings between Nato allies and Russia - Google Search https://t.co/hVMiCsBLNX https://t.co/8FmtLfQbJo
@QuintonLucasKC @ClayTravis Biden admin can‚Äôt even get the mayor of KC‚Äôs name right.
Biden wants to convene meetings between Nato allies and Russia - Google Search https://t.co/sAU7MKmJfg https://t.co/KcALcNBEaI
@fake_biden She hasn't had anything long and hard in her hands in a long time.
Biden wants to convene meetings between Nato allies and Russia - Google Search https://t.co/kGxLetCnqB https://t.co/CSYF4hGkiX
"Biden Wants Russia to Stand Down, but Troops in Ukraine 'Not on the Table' | https://t.co/cbGUZ5u2Ql https://t.co/eFjoorkzYk"
Biden wants to convene meetings between Nato allies and Russia - Google Search https://t.co/XUsBNTI1vx https://t.co/kj6Qi7HWGp
@MyUKnumber4 I'm not running for president of the US in 2024 because I don't want others to think I'm as stupid as Joe Biden.ü§™
@idistavizo President Biden soiled the white house with shit
@M_Baranowski President Biden soiled the white house with shit.
Biden Admin. Asks SCOTUS to Reject Harvard L.S. Case https://t.co/rqQdjZaI7S This tweet sponsored by ChessLaw
@savannahpeace @LizSimma What a bunch of BS! Nothing but a bunch ofkooks that are easily manipulated with false &amp; s‚Ä¶ https://t.co/Eq1VAl4tcC
Can Biden‚Äôs ‚Äòdivisive‚Äô democracy summit deliver? Can Biden‚Äôs ‚Äòdivisive‚Äô democracy summit deliver? https://t.co/0g9WDRi8mD
Senate votes to repeal Biden federal vaccine mandate for businesses https://t.co/Z1nz4wvD3t #FoxBusiness
"@bannerite This is insane, considering Biden's cowardice and silence on Voting Rights at home, as well as numerous‚Ä¶ https://t.co/dEeMw3BbQr"
@hodgetwins @KamalaHarris Joe Biden as a lifeguard
"The Biden Administration claims it is working to stop a humanitarian crisis from worsening, but it‚Äôs acting on its‚Ä¶ https://t.co/tJ1PkQgAcJ"
"@MarshaZKean @nowthisnews yeah, we don't know that, because Biden is not a racist. Don't @ me with that tired old,‚Ä¶ https://t.co/le4E2eujGJ"
CNN host Don Lemon is blasted for SERENADING Joe Biden over small 5 cents drop in gas prices https://t.co/s6wF2EYVGI
Operation Crossed Swords: NATO + Russia - Google Search https://t.co/udOfAn2ACf https://t.co/clihxDegGe
"Biden Warns Russia That If They Invade Ukraine, America Will Evacuate Haphazardly And Leave $86 Billion In Weapons‚Ä¶ https://t.co/9WDLBwcwAq"
Student debt in the U.S. has ballooned to over $1.7 trillion since Congress first allowed college students to borro‚Ä¶ https://t.co/ENV9CHqgUJ
@DFADCoalition @POTUS This is just wrong.  Republicans are the problem.  Joe Biden is doing what he can.  He only been in one year
@DFADCoalition @WhiteHouse @POTUS Did anyone put up anything about trump on this building and what he was doing to‚Ä¶ https://t.co/evQDypvsW6
Joe Manchin Sounds Fed up With Biden's Planned Spending https://t.co/6dBDrMlBXw
"‚ÄúLabour rules, as they are administered, are impossibly complex and clearly people in the Biden administration unde‚Ä¶ https://t.co/ynQ68PNq2k"
"The new poll shows startling gains for the GOP among Hispanic voters, with a nearly 30-point swing to the right in‚Ä¶ https://t.co/Pnw2U3BBry"
@DianeToucan @GerrishLisa Biden promised to unify the country. We are more divided. Biden promised to end the pande‚Ä¶ https://t.co/NvW3TcUjhy
"After Facing Opposition From GOP, Biden Pick for Top Financial Regulator Post Withdraws  https://t.co/jRyPxkdxM5"
"üßëüèΩ‚Äç‚öïÔ∏èHope it's not me. Biden/Harris DOJ needs to look in to these Token ONE Black on Juries, in predominantly Black‚Ä¶ https://t.co/tXY2DPlRX3"
@KNaughton711 No fan of Biden but I am a fan of the truth and your classification of Trump's withdrawal non-plan fr‚Ä¶ https://t.co/ifNjsFA8Wv
"I'm sorry but a ""Diplomatic"" boycott of the Olympics is the pussy ass version of Biden's ""Economic sanctions"" he th‚Ä¶ https://t.co/axF6X4jtFJ"
@joncoopertweets @CalltoActivism why are you wasting time on a done deal? As soon as the two DeJoy supporting Board‚Ä¶ https://t.co/WYbqEubLmX
"@francesthoughts @maureenjohnson By their own reasoning, shouldn‚Äôt republicans be doing a lot more testing so they can make Biden look bad?"
"Judicial Watch, DCNF score victory in lawsuit over Biden‚Äôs Senate records - https://t.co/pboh1D3wpM"
Why targeting Trump by going easy on Biden is insane for journalists¬†üî•üî•üî•üî•üî• https://18.222.132.116/why-targeting-tru‚Ä¶ https://t.co/BYXgFwYhQo
Great informative article.   Obama biden should be on jail. Our real president Trump concentrated to fix our countr‚Ä¶ https://t.co/ilRL49FktC
@Mediaite @MSNBC @JoyAnnReid President Biden will never do it but it should probably happen; citizens of Texas are‚Ä¶ https://t.co/VQqI1x2FEO
"The GOP has learned that if they convince the base that Democrats are leftist radicals, it doesn't matter what the‚Ä¶ https://t.co/3mF56RVILK"
Biden and the Dems appear to be so stupid that they didn't learn the primary lesson they should have taken from the‚Ä¶ https://t.co/0pTS7VO77o
Poll: 46 Precent Believe Joe Biden‚Äòs Presidency Has Hurt America https://t.co/jnX4VsAzBA via @BreitbartNews
Don‚Äôt even think to give any ‚Äúautonomous rights to Donbas‚Äù to deal with Putin. The only way to talk to Russia is th‚Ä¶ https://t.co/OhmXuQZUz2
Joe Biden is a Donald Trump Democrat and the Green Party is a Democratic Party wannabe
Senate votes to reverse Biden vaccine mandate for private companies | Washington Examiner https://t.co/iRokmovLVB
10 things you didn't know are in the #Democrats' Build Back Better bill https://t.co/a0cmmLyOUM
@mkraju So Biden strolls into the Oval Office and w/in 11 months blows through almost $5 TRILLION dollars.  As a re‚Ä¶ https://t.co/rWb4kxmnfL
"@csbeckett @Rainbow_Bodies @JuliaRaifman @EpiEllie Biden admin has the ability to remove these obstacles, and choos‚Ä¶ https://t.co/5D5VdsY2v3"
Senate Passes Legislation Aimed at Blocking Biden‚Äôs Covid-19 Vaccine Rules for Employers https://t.co/ItmU3z8tpA
Senate Passes Legislation Aimed at Blocking Biden‚Äôs Covid-19 Vaccine Rules for Employers https://t.co/TUdcGMd6Bn
Senate Passes Legislation Aimed at Blocking Biden‚Äôs Covid-19 Vaccine Rules for Employers https://t.co/MvqOPw5ttA
Senate Passes Legislation Aimed at Blocking Biden‚Äôs Covid-19 Vaccine Rules for Employers https://t.co/gzI1ri8LmI
Senate Passes Legislation Aimed at Blocking Biden‚Äôs Covid-19 Vaccine Rules for Employers https://t.co/L77yyCLwST
"Senate Votes 52-48 to Repeal Biden's Vaccine Mandate....If Resolution Passes Dem-Controlled House, Biden will Veto‚Ä¶ https://t.co/AZ9lzClSe7"
Why doesn‚Äôt Biden mail free Covid tests to all Americans?  | Ross Barkan https://t.co/rA6stbEXUa
"@milesalex42 @PoliticalBry @POTUS You do realize Biden, is the only one standing in between a full on dictatorship right?"
From @WSJopinion: The White House nominee for Comptroller of the Currency was too radical even for several Senate D‚Ä¶ https://t.co/BKtJ18EwAg
The Senate approved legislation aimed at nullifying President Biden‚Äôs vaccine-or-test mandate for private employers https://t.co/SzL964LVd5
"Tesla founder Elon Musk, West Virginia Sen. Joe Manchin and other business and political leaders discussed everythi‚Ä¶ https://t.co/t2SZa1UNZb"
"87 millions about to be targeted by the IRS, congrats to you tards that Supported Biden https://t.co/FCQUXzqFJF"
"""Senate votes, symbolically, to dismantle Biden vaccine mandate."" by BY EMILY COCHRANE via NYT New York Times https://t.co/naDc4NF6m8"
@AesPolitics @POTUS Fact he thinks Biden has a 48% approval rating is impressive üòÇüòÇ too bad it‚Äôs only 31%
Multimillion-Dollar Tax-Free Activists Want to Soak the Rich with Biden‚Äôs Agenda https://t.co/4Jqs30HdjV https://t.co/WlfznqSIpD
"@RBReich The House and Senate gave the  Pentagon 24 Billion MORE than Biden requested, but 1.8 Billion for many dif‚Ä¶ https://t.co/PEqCO76vkN"
And foster care homes by DeSantis. There‚Äôs an emergency Court Hearing on Friday. Texas tried this &amp; failed in Court‚Ä¶ https://t.co/hsQtgugBNZ
"""Senate votes, symbolically, to dismantle Biden vaccine mandate."" by BY EMILY COCHRANE via NYT New York Times https://t.co/qtjEsx1rkB"
Biden Commits U.S. Government to Net-Zero Emissions by 2050 #ActOnClimate #WasteLess [Video]: The executive order d‚Ä¶ https://t.co/0FDCwQdgcB
Biden Commits U.S. Government to Net-Zero Emissions by 2050 #ActOnClimate #WasteLess [Video]: The executive order d‚Ä¶ https://t.co/21waoUEge2
President Joe Biden orders federal government be carbon neutral by 2050; Congressional hearing looks at secret tax‚Ä¶ https://t.co/xbCksq6Iwa
"Finally someone with a brain,fuck Biden and his stupid perplexed that supposedly voted for the has been https://t.co/L607qaAU5I"
The Senate narrowly approved a resolution to nullify the Biden administration‚Äôs requirement that businesses with 10‚Ä¶ https://t.co/udz3wGl3Um
"""This administration can say we have concerns about how elections are being conducted in this particular state... I‚Ä¶ https://t.co/CRjT72KS8R"
The revolving door between the Pentagon and the military industry never stops spinning. The latest to walk through‚Ä¶ https://t.co/fSHSnlOeyl
Biden to pay tribute to ‚ÄòAmerican giant‚Äô Bob Dole at Capitol https://t.co/5KqAHQRpWb
"‚Äò120721 Biden Calls Putin Saudi Missile Sale Protest, Confederates in the Court Room‚Äô on #SoundCloud #np https://t.co/rhXJirRFEM"
#Cannabis news https://t.co/K9YsHLrA0Y
"@BernieSanders While healthcare workers work hard during the pandemic and we call them heroes, Biden wanted to get‚Ä¶ https://t.co/vr8dQWpwU8"
@PramilaJayapal It‚Äôs all because of the Biden subsidy plan for the ford et al which I think IS unfair to Tesla whic‚Ä¶ https://t.co/k0WUZxhjd6
@PNWSelina @AdamCrigler Ha! BS. They are attacking news their corporate sponsors have decided to be fake and add th‚Ä¶ https://t.co/zWpu27i2jS
"@WhiteHouse @WHCOS @POTUS @VP Support for Biden plans via Monmouth poll:  Infrastructure plan for roads, bridges, t‚Ä¶ https://t.co/4clRrHaiCD"
"@KJP46 @WHCOS @POTUS Support for Biden plans via Monmouth poll:  Infrastructure plan for roads, bridges, trains, in‚Ä¶ https://t.co/WK12NQYGGP"
"Spectacular, SuperHeroic, SuperBuddies And Buddies..=-)..It's her Super Special Magical Birthday..=-)...Senator And‚Ä¶ https://t.co/fotS8FFIqK"
"@ChrisMurphyCT @WHCOS Support for Biden plans via Monmouth poll:  Infrastructure plan for roads, bridges, trains, i‚Ä¶ https://t.co/hyo8pBqpxR"
@NorthBelle4 @chris_notcapn Stop. Just stop. Schumer knows it won‚Äôt pass the house. So does Biden. And In any case biden vetoes it.
"@CrazyG10249 @NBCNews Keep your friends close and your enemies closer. To cut off talks, we learn nothing. Trump go‚Ä¶ https://t.co/ymRUpsyqKe"
And kisses To your lovely self Senator And The lovely Kirsten Gillibrand..=-)..First Lady..=-)..Dr..=-)..And The lo‚Ä¶ https://t.co/dZvW1iaWCH
Biden wants the US government to eliminate CO2 emissions by 2050 https://t.co/PEUm5GVPji https://t.co/R1Q9BONpcj
@NBCNews He seriously think Putin cares? We're going to have a cold war with both Russia and China by Easter. Biden‚Ä¶ https://t.co/G4lt2cbBjD
Omicron updates: üîµ Biden calls #Omicron cause for concern NOT panic- https://t.co/3P6siIDmR2  üî¥ CDC has strengthene‚Ä¶ https://t.co/EOq1BTkN9O
Senate rejects Biden‚Äôs vaccine mandate for businesses https://t.co/8Lq5dFW72a
U.S. Senate passes Republican bill to overturn Biden vaccine mandate https://t.co/CRmOrZThoh https://t.co/FZkqGVQtAj
@RepMeijer @rdfNet7 @WHCOS What Biden did in Afghanistan is unbelievable he should be dishonorably discharged
#News United States President Joe Biden's vaccine mandate for private businesses is facing massive opposition in th‚Ä¶ https://t.co/moDQn2Kkrf
@PhDee @Javiergon88 @ReutersFacts ü§£ü§° she is so useless and unliked that #Biden is going to dump her soonü§£ü§°‚ùÑÔ∏è
"@henrymcmaster You're not fighting Biden., you are fighting FOR the virus! https://t.co/sGQ7rjQiCU"
The Immigration Policy Successes and Failures of the Biden Administration - https://t.co/RSxQyKv5ql
also President And The SuperCool Joe Biden..=-)..I Think still..=-)..Everyone In my House..=-)...Along With me..=-)‚Ä¶ https://t.co/NOL9Pk0xZ9
Biden Administration Unveils Plan to Focus on ‚ÄòProsecutions of Criminal Misuses of Cryptocurrency‚Äô ‚Äì Regulation Bit‚Ä¶ https://t.co/uq3S1EDakD
@PatcohenNYT @nytimes Another ‚Äúbad stuff ‚Äòbout Biden‚Äù piece from the paper that strove to normalize a wannabe dicta‚Ä¶ https://t.co/tUdf778fZx
"President And The SuperCool Joe Biden..=-)..honestly, My SuperStar SuperBuddies..=-)..I Don't know why..=-)...Have‚Ä¶ https://t.co/Oj5AuGOwhE"
"As Tensions Rise, Biden Weak on Russia, China, Iran, Mexico &amp; Afghanistan - The Jewish Voice https://t.co/FSsm5doH46"
Analysis: Twisted Covid politics scramble Washington's partisan battlefield https://t.co/BL82ctLflR https://t.co/me6dbSZGtg
How Biden is reshaping the courts --&gt; https://t.co/OuL223tGls
16 Big Thank You Hugs Senator And The lovely Kirsten Gillibrand..=-)..President And The SuperCool Joe Biden..=-)..F‚Ä¶ https://t.co/qwLTcySrmI
"@POTUS You need a booster shot too, President Biden. Stop evictions, resume retroactive PUA UI until the disease is‚Ä¶ https://t.co/2ltEguT57z"
Biden Orders Federal Vehicles and Buildings to Use Renewable Energy by 2050 https://t.co/rMTEkGTzrK via @instapaper
@SowaTheArrogant Supply chain is a worldwide issue and they keep trying to blame Biden‚Ä¶and go knows how crazy these‚Ä¶ https://t.co/qMRn5bORJU
Sanders to Biden: Cut back looming Medicare premium hike - Las Vegas Sun Newspaper https://t.co/vRMvurlUcS
K..Continuing..=-)..A Big Group Hug Senator And The lovely Kirsten Gillibrand..=-)..First Lady..Dr..And The lovely‚Ä¶ https://t.co/3xKoNUVDur
@2legit1970 @lulucabeza The Biden administration can‚Äôt control what Biden has to say.
"The people going to hospital today, &amp; dying, are overwhelmingly the ones that didn‚Äôt get vaccinated. The people dyi‚Ä¶ https://t.co/XnOmTPhudX"
"Republicans have chosen to cause hatred towards masks &amp; vaccines, to try to make Biden look like he‚Äôs doing a bad j‚Ä¶ https://t.co/Y4Xlq88wnQ"
Joe Biden is not the aggressor Zelensky is not the agressor Putin is the agressor. The US by virtue of it's positio‚Ä¶ https://t.co/mteHnOgHZO
"The White House spokesperson was asked why the administration doesn‚Äôt just send out free COVID tests, as other coun‚Ä¶ https://t.co/jwHEU78gYG"
Biden reverses Trump rule on ‚Äòbeautiful‚Äô old lightbulbs and bans non-efficient bulbs ‚Äì The¬†Independent https://t.co/iPKpI45oqd
"Democrat Jon Tester of Montana and ""democrat"" Joe Manchin of West Virginia proudly join their Republican pals in th‚Ä¶ https://t.co/G1kX2qZIIL"
And 2 More Big Group Hugs Senator And The lovely Kirsten Gillibrand..=-)..President And The SuperCool Joe Biden..=-‚Ä¶ https://t.co/DMA0yuI9rs
My poem for Joe  Do the Biden's  Like money more than  The  Citizens?
I just wrote a @theactionnet letter: Tell the Biden Administration: Use the Procurement Powers of the Federal Gover‚Ä¶ https://t.co/41kLPbKZF1
We Can Make It 2 Big Group Hugs Senator And The lovely Kirsten Gillibrand..=-)..President And The SuperCool Joe Bid‚Ä¶ https://t.co/2ozH7EhXE6
@Tom4nash @bobsalpha1 @RadioFreeTom @What46HasDone @ericowensdc @TWLadyGrey @PretenderKeith @dcherring Weird how Cl‚Ä¶ https://t.co/owlujs32vZ
PIERS MORGAN: Biden's attempt to muzzle media is a desperate move ¬† https://t.co/M3ll8Vi1yE via @MailOnline
And We Can Bring In One Of My SuperStar Buddies..=-)..The lovely Taylor Swift..=-)..Are We Ready For SuperPartying‚Ä¶ https://t.co/qsuL4RcQZF
@emperoreagan Clinton &gt;&gt;&gt; Obama &gt; Biden
@AlmaBona @gigibuddapdx @Sinner_Lilith @theTennPatriot @MinnesotaExpat @LadyReneeMarie1 @Flattielover @shrekthepunk‚Ä¶ https://t.co/MnpE5VV4T6
@ChrisMurphyCT Biden should think about recess appointments if necessary.
@FierceFinish @TrumpJew2 The problem is -  'Become a President' - became a sort of thing among politicians and elit‚Ä¶ https://t.co/7Wcuz7EpRo
President Joe Biden needs to fire every Trump appointed official in the United States government.Period! https://t.co/X0gHZEQac3
Also We Can Make It..=-)..34 Big Group Hugs Senator And The lovely Kirsten Gillibrand..=-)..President And The Super‚Ä¶ https://t.co/gNbr2OXft8
"We the People Win: 5th Circuit Court Slams Biden Regime's Unlawful ""Mandate"" https://t.co/Ydlm7TgtS2 via @BitChute"
Our latest look at market research news https://t.co/g3AQyvVag6 #bidenapproval #biden
"The ads come from Building Back Together, a Democratic group whose mission is to sell the Build Back Better agenda.‚Ä¶ https://t.co/i3eV0nIKb2"
Does Nathan Explosion write @JoeBiden speeches because I'm seeing a lot of similarities.  #quote #Biden‚Ä¶ https://t.co/jGcGXBqClL
"As Russia Moves 175000 Troops to Ukraine Border, Biden Tries to Convince Putin Not to Invade: CBN News https://t.co/MT2hayeYbg"
@Gingy4Usa @nasrene41 @AdoptMiamiPets What the hell is wrong w/the U.S. keeping these Kill Shelters open? Biden pls‚Ä¶ https://t.co/4pvygeHMec
"@WaywardWinifred Aldo trump has this, Biden has $pipp, are SPACs deals being used as a political money laundering scheme?"
@BullyMaus @ericowensdc @TWLadyGrey @dcherring @RadioFreeTom @bobsalpha1 @PretenderKeith What mild decent?  Newsfla‚Ä¶ https://t.co/cr6uIlL5f7
"President Joe Biden signed an executive order to make the federal government carbon-neutral by 2050, with a 65% red‚Ä¶ https://t.co/hjU3CggyV8"
"Have you ever felt a moment of hatred? Republicans ready new push to defund, repeal Biden vaccine and testing polic‚Ä¶ https://t.co/r1MqePUksG"
95 House Democrats urge the Senate to pass Build Back Better before Biden's monthly child tax credit runs out https://t.co/lByhwuEUNs
Biden forgot about #PearlHarbor he met with #Putin instead when it's supposed to be #AmericaFirst https://t.co/h0OpRxyMQz
Democrats Raise Alarm on 'Disaster' of Child Tax Credit Payments Ending https://t.co/SmeAEw12IM
@shayne571 @What46HasDone @ericowensdc @RadioFreeTom @TWLadyGrey @bobsalpha1 @PretenderKeith @dcherring That's what‚Ä¶ https://t.co/gqeWhfW0Vh
@chrislhayes Biden could release vaccine IP to üåç  I will not get my booster until Biden releases the vaccine IP  Et‚Ä¶ https://t.co/3wQcE2q3m7
The views are always beautiful from the top üòª https://t.co/AtxiviU38M
.@BBCHARDtalk Thumbs up to the interview with Climate Envoy John Kerry.  Such a great messenger for the Biden admin‚Ä¶ https://t.co/qjr32paUSV
"Joe Biden has no idea where he is. ‚ÄúI got hairy legs, kids used to touch em, tho‚Äù"
@laurenboebert HA my little opal spitfire  for sure   I love it. You are prepared THATS the great thing  You find f‚Ä¶ https://t.co/K4snDkp7Lp
I hope Pres. Biden doesn‚Äôt become the Neville Chamberlain of the next Great War. Hopefully he‚Äôll lead this summit s‚Ä¶ https://t.co/SjiLCXN3Sb
President Biden signs executive order to make federal government carbon neutral by 2050 https://t.co/2kNlI9Qrcg
Senate votes to repeal Biden federal vaccine mandate for businesses   https://t.co/SsIIYxIQlk
U.S. Senate votes 52-48 to pass a resolution to repeal President Biden's vaccine mandate for private employers. The‚Ä¶ https://t.co/i9U1XaysTT
I cannot believe this crazy s***!  Democrats are stupid. Why are they trying to undermine @POTUS They are helping u‚Ä¶ https://t.co/1dHS2kmHN2
Who could have seen this coming?  Coronavirus Deaths in Joe Biden's First 10 Months in Office Surpass Death Toll Un‚Ä¶ https://t.co/ttnW3CRWWa
"@engele @alfromDLC I‚Äôm not.   Biden wasn‚Äôt my third choice, but it‚Äôs not the left that‚Äôs kneecapping Biden."
@laurenboebert Did the Koch brothers give you a calendar with one pithy statement a day that both attacks Biden and‚Ä¶ https://t.co/SixX7HvvmV
The enemy of our enemy is not our friend in this situation because our fellow Americans are not actually our enemie‚Ä¶ https://t.co/fAAdsRxK8v
@CapacityBoost @JordanUhl @ArnoRosenfeld paintings or investing in his company would bring favors from the Presiden‚Ä¶ https://t.co/yut4IzqVtH
@RhodesRomance @TLindsey_Coach @Dan_in_BKK @mikesacconetv @tri26 @DARollins @boston25 @SenatorSinema Even Biden had‚Ä¶ https://t.co/cg75sfFbUt
Biden to Decry Democracy ‚ÄòRecession' at Summit That's Drawn Ire From the Uninvited https://t.co/jamXQQ3bQ0
@MikeBetts43 @LindaRosenbaum2 @feo_nira @Godslightangel7 @Glassman1148 @dogsdontliket @MTStringer1 @Vanessa76_1‚Ä¶ https://t.co/2TKi7OtWey
@MikeBetts43 @Glassman1148 @Godslightangel7 @dogsdontliket @MTStringer1 @Vanessa76_1 @najjar_richard @tallnblonde1‚Ä¶ https://t.co/6LZhLKjs7K
@CapacityBoost @JordanUhl @ArnoRosenfeld 3) Even assuming that Hunter is guilty of something serious enough to warr‚Ä¶ https://t.co/m5xdx3ylay
@engele @alfromDLC BBB contains a lot of the agenda Biden ran on‚Ä¶ You did vote for it.  The left supports HIM. That‚Ä¶ https://t.co/LlzGBIrYqj
Biden: US Troop Deployment To Ukraine 'Not On The Table' Right Now https://t.co/RA6PViwqmQ https://t.co/4DQE79EVJy
Musk invokes Milton Friedman in condemnation of Biden spending bill ‚Äòtrickery‚Äô #ClimateAction #WasteLess [Video]: T‚Ä¶ https://t.co/B9Q2z5dYDL
Musk invokes Milton Friedman in condemnation of Biden spending bill ‚Äòtrickery‚Äô #ClimateAction #WasteLess [Video]: T‚Ä¶ https://t.co/3yiJ6T2GRl
Biden to pay tribute to 'American giant' Bob Dole at Capitol https://t.co/LZImsVYJLo
@davidjdurkin4 LGB!!! Everything that lying biden touches turns into a catastrophe ü§Æ
"Biden, Putin phone call ‚Äònot going to go well‚Äô: Gen. Kellogg ‚Äì Real News Daily Report https://t.co/t8GoBSme8K"
"3 years ago:  Ablow asked Hunter if his dad can ""recall details"" with the ""dementia and all."" Hunter responded that‚Ä¶ https://t.co/LIeqRGIJFq"
@markh44083196 @alfromDLC Fight back with what? The Right can‚Äôt be shamed. They have already said they will not rel‚Ä¶ https://t.co/pOB5MmiaYp
@CapacityBoost @JordanUhl @ArnoRosenfeld Warning:  This may take several tweets.  If you are interested in this top‚Ä¶ https://t.co/j5EGYDLGHw
@Glassman1148 @MikeBetts43 @Godslightangel7 @dogsdontliket @MTStringer1 @Vanessa76_1 @najjar_richard @tallnblonde1‚Ä¶ https://t.co/VxudNZjIR8
I WISH we have the Joe Biden that conservatives think we do. they think he's so far left and he's gonna hunt all th‚Ä¶ https://t.co/RVflxXaEo8
üòÇüòÇüòÇüòÇüòÇüòÇüòÇüòÇüòÇüòÇüòÇüòÇüòÇüòÇüòÇüòÇüòÇüòÇüòÇüòÇ  Biden Warns Putin Taking Military Action against Ukraine May Incur 'Very Real Costs' https://t.co/bo6jsf0Ugj
"""Democrats, big and small D, are not behaving as if they believe the threat is real. Some of them, including Presid‚Ä¶ https://t.co/kpBsKNkraO"
"The federal government's buildings and contracts for goods and services will be carbon neutral, and its fleet of ca‚Ä¶ https://t.co/YnACroycnW"
The hideous legal obstacles facing DOJ‚Äôs new anti-gerrymandering lawsuit in Texas https://t.co/PQdb8KlE4b | https://t.co/OKHMtd8lIw
"While Biden‚Äôs vax mandate for businesses is getting blocked, NYC mayor DeBlasio is forcing it on New Yorkers: https://t.co/EoNfdSTrny"
"@gotobedjordan I would suggest you compare Biden's accomplishments in his first year to tfg's, but the contrast is‚Ä¶ https://t.co/JMNTdRSXm5"
Biden re-election poll shows dismal 22% support; Harris even worse at 12% https://t.co/r0kYBaO1jG
Can democracy still deliver? Biden convening global summit  https://t.co/mWOjk5hdKu
@engele @alfromDLC It‚Äôs Biden‚Äôs plan. Is Biden a progressive?
@Glassman1148 @MikeBetts43 @MTStringer1 @najjar_richard @Anti_MagatCult @Godslightangel7 @Vanessa76_1 @tallnblonde1‚Ä¶ https://t.co/45eUCh31q4
@bryanjoonviews @ReddIsAri Unless Biden and Kamala wake the fuck up in 2022. 2024 is going be bleeding red like a m‚Ä¶ https://t.co/RteezYEYty
Biden to decry democracy 'recession' at White House summit https://t.co/rhRoRvXb9g
@tparsi They have been trying for years. US has been wise to just to smile but avoid a military attack. Obama didn‚Äô‚Ä¶ https://t.co/N7rtWs9qOx
"In honor of the Biden administration expanding MPP and keeping Title 42 in place, I think it‚Äôs time to dust this ol‚Ä¶ https://t.co/VCqc0w8q8j"
@mtgreenee Biden‚Äôs America:  ‚úÖRecord Job Growth ‚úÖRecord Stock Market  ‚úÖRecord GDP Growth  ‚úÖRecord GOP tears
@MikeBetts43 @Godslightangel7 @Glassman1148 @dogsdontliket @MTStringer1 @Vanessa76_1 @najjar_richard @tallnblonde1‚Ä¶ https://t.co/oAd85JtuAn
"In Opinion  ""Free tests for all would also allow far more people to more safely live a normal life,"" writes Aaron C‚Ä¶ https://t.co/XjoUPCg0Ce"
"@DrewSav @MercuryofRome Biden+0.8 I believe, so Harris (C minus tier strength) will be in for the fight of his life in 2024"
GOOD FOR THOSE WHO WON'T SELL THEIR SOULS. THERE IS A PLACE. AFTER THIS EARTH. ITS HEAVEN OR HELL. OUR CHOICE‚Ä¶ https://t.co/rJqBBxDqtw
"@AeonCoin @ruchirads @notdred @NRubinNHaven @Nutmeg031992 Yeah, but has it changed people's behavior?  I just spent‚Ä¶ https://t.co/MWrKIomg18"
@joncoopertweets No. Biden is going to lose congress next election then lose the Presidency.
Remember when they sold Kamala as VP because she could ‚ÄúWhip the senate‚Äù and ‚ÄúManage the moderates‚Äù lol‚Ä¶ now Dems j‚Ä¶ https://t.co/PQi4haKb5B
@seanhannity The news media hasn‚Äôt even begun to be tough on Biden!
"Poor P. Biden. Gets blamed for everything, and yet T set him up! Left him in such a mess, the loser:( I just hope he‚Äôs feeling better."
@kylegriffin1 Student debt levels will reach $18 trillion by 2050. Thanks Biden.
@tparsi Biden won‚Äôt.
I've not listening to Tom and the Never Trumpers for the next day or two.  They're all in Eric Owens replies convin‚Ä¶ https://t.co/qDNG8BNBIN
"At this point, we can all agree that #Republicans Aren't the brightest crayons in the box üôà  MAGA rioter who called‚Ä¶ https://t.co/xyFAGvgvPX"
@alfromDLC The party‚Äôs message is Biden‚Äôs message. He‚Äôs been hammering the benefits of his BBB and amplifying his B‚Ä¶ https://t.co/bWU91vlKmM
I love that the Republicans are generally united behind #Trump for 2024 while Democrats are steering away from #Biden/#Harris.   #Trump2024
Biden is Woodrow Wilson right down to the brain rot.
Senate votes to nix Biden's vaccine mandate for businesses https://t.co/2HhdWo6kIt  #CNN #MSNBC #maddow #latimes‚Ä¶ https://t.co/6yqQilBAqx
@Aurora_Hernandz It‚Äôs the inverse. History has told us that even the democrats are either complicit or innefffectiv‚Ä¶ https://t.co/v4a1c9MZku
Even Communists are AGAINST Biden and his FASCIST SOCIALISM TAKEOVER ATTEMPT. https://t.co/AEueQzodRi
Indeed - the global fight for democracy starts at home Mr. President. And again why Bosnia and Herzegovina was invi‚Ä¶ https://t.co/UioWFVfMFi
"The circus was back in town today.. , here‚Äôs a  recap of Joe Biden speech today in case you missed it #JoeBiden‚Ä¶ https://t.co/BDO46qN7LJ"
My work was also featured all over. Including in my hometown paper   https://t.co/g1p8UAXLIx
and systemic inequality of America's transportation system for @AJEnglish with editor @patriciasabga   https://t.co/X2FZKYCF4x
@benimble17 @POTUS Biden refuses to acknowledge Tesla ‚Äî he talks idiotic nonsense about GM leading the field‚Äîthe $4‚Ä¶ https://t.co/1aoQGzOe3n
The Biden administration is weighing sweeping sanctions against Russia if it invades Ukraine that could cripple Rus‚Ä¶ https://t.co/O0M0gX9Uly
"@VinnieIzzo @sayitnspinit Trump ran this country like a successful business, his employees may not like him but at‚Ä¶ https://t.co/HbpGZD4dRR"
"How can the leaders of democracies sit by and clap as athletes ski, luge and ice-skate in a country committing a 21‚Ä¶ https://t.co/xQ6LlSITD8"
Biden's Supreme Court panel votes to take 'no position' on court-packing https://t.co/NBJTwmevj8 #FoxNews
Subscribe to The New Republic with our introductory offer: one year of digital access for $10. Your subscription su‚Ä¶ https://t.co/8BOoLNVHF3
The Biden administrations announces a diplomatic boycott of China's upcoming Olympic games. https://t.co/OMzASmJXie
Subscribe to The New Republic with our introductory offer: one year of digital access for $10. Your subscription su‚Ä¶ https://t.co/k7HNVRHF8n
‚ÄúThe Senate voted Wednesday night to overturn the Biden administration's proposed rule that large private employers‚Ä¶ https://t.co/6Nd79pNoAg
White House 'working behind the scenes' with media to get positive coverage https://t.co/6kBBfNSuAL https://t.co/MxVBrkHtgz
Judge blocks Biden vaccine mandate for federal contractors https://t.co/W2hZfnK2Sc
"When are people going to realize that Biden HAS to defend Ukraine because if he doesn‚Äôt, Ukraine will release EVERY‚Ä¶ https://t.co/oCQKQOUPtq"
@fake_biden Is a vision test required for a gun license? serious question
NEW: President Biden signs executive order that sets new goals for the federal government to cut its carbon dioxide‚Ä¶ https://t.co/BvDjGzA6ln
"‚Äò100821 Biden's Eastern Front, Armed Xmas Cards, East River Victory‚Äô on #SoundCloud #np https://t.co/BmG8dsoJZB"
From Biden's Press Secretary https://t.co/YT3eKSdxEf https://t.co/3Z6f0sPJ7b
@JackPosobiec War in Ukraine only preserves the bank accounts of Hunter and Joe Biden ... *IF* they haven't demoral‚Ä¶ https://t.co/Wl8NW8GXbE
It‚Äôs hard for Biden to get good press when the media got it‚Äôs highest numbers when trump was pres. Controversy sell‚Ä¶ https://t.co/kXQWEEVXIh
"üá∫üá∏‚úùÔ∏èüíô‚õ™Ô∏èüåàüí•Here We Go Again! Two Dem Senators From RUBY RED States, MANCHIN &amp; TESTER, Have Given The GOP Bragging Rig‚Ä¶ https://t.co/YAVXNqMqjj"
"Thank you, President Biden! https://t.co/A3MW928WLY"
"I interviewed Dr. C√©line Gounder, an infectious disease specialist, epidemiologist and member of the Biden-Harris T‚Ä¶ https://t.co/EQ7EHey3HH"
"@RNCResearch He is basically saying ""We will give you something you want if you don't invade Ukraine"", until the ne‚Ä¶ https://t.co/KaWwG2n2xS"
US Senate votes to overturn Biden's vax mandate #Senate #Biden #socialnewsxyz https://t.co/4V6kLKahe8
Joe Biden speech is a joke‚Ä¶
@MistressRedWasp @Sommdomm80 @Booda_the_Great @wookietim @RAGINxCAJUN @Vickie627 @steeb_ryan @r0xie_f0x @LordBeige‚Ä¶ https://t.co/0kUGIyT4yU
"House Republicans are questioning Senate Republicans&amp;rsquo; decision-making at every turn, a rift that's fueling an‚Ä¶ https://t.co/Q2GW7LSi3V"
GAME OVER! Elon Musk Just Exposed Joe Biden's Corruption https://t.co/ON2IMh4muv via @YouTube
@RubinReport Biden's almost 80 and is losing his marbles... what's your excuse for the unmitigated nonsense that co‚Ä¶ https://t.co/LGcNj3bTNp
They don't hate Pres Biden what they hate is the fact that Trump made the gop party look realllly bad bc world lead‚Ä¶ https://t.co/j7gQXAmf25
"$DWAC I'd wish for everyone that voted for biden to drop dead, but that would just give them more votes in the next election  ü§£ Ô∏è"
Biden is going to veto it even if it gets through the house https://t.co/T8ldWiPITL
@popmommie @AP And I also bet that the Feds chip in. DOJ came out strong against these anti-abortion laws. I bet Bi‚Ä¶ https://t.co/db01JRAb5D
@1984cametrue Maybe Republicans should become more intolerant and start firing any employee who voted for Biden.
@jmmckay1 But what about the people that voted for Biden and Harris that won‚Äôt get vaccinated?
From @WSJopinion: The White House nominee for Comptroller of the Currency was too radical even for several Senate D‚Ä¶ https://t.co/SgIdNQRWA8
Steve Scalise: ‚ÄúThe opioid crisis is a direct result of President Biden‚Äôs open borders.‚Äù Absolutely untrue. Are you‚Ä¶ https://t.co/HZhW5w9rGL
It just shocked me I never see Biden or Harris giving speeches like Trump did almost everyday And then I realized w‚Ä¶ https://t.co/2ho1rKG53K
@laurenboebert Hey! You know what Joe Biden doesn't have? A mugshot. https://t.co/zKKpK7DYg5
Senate votes to overturn Biden vaccine mandate for businesses https://t.co/paHDalq4vj
I saw a spaceship launch yesterday so now I deserve a job with NASA ‚Äì Hunter Biden ha ha
"El Senador Rick Scott insta a Biden, la ONU y organizaciones defensoras de DD. H...‚Å¶@SenRickScott‚Å©  Thank you for y‚Ä¶ https://t.co/gsSzp0vfW9"
The White House meaning #Biden Administration secretly begging Media  Organizations to give favorable coverage towa‚Ä¶ https://t.co/G3bSECxUpz
It‚Äôs so funny how it‚Äôs almost 2022 and we still see people waving 2020 Trump flags do you wanna know why that is be‚Ä¶ https://t.co/zv6nsQBa0Z
"@MSNBC Since the Kyle Rittenhouse producer who followed the jury bus has desk duty for December, The View hostesses‚Ä¶ https://t.co/kENtEI7fKR"
@Eric_Schmitt @JoeBiden This is all bullcrap‚Ä¶ Biden has been to a load of States that voted for Trump. Ie: Oklahoma‚Ä¶ https://t.co/HFn9GIHkOq
Yeah it‚Äôs Christmas time maybe will make Christmas trees $100 instead of 40 because I‚Äôm Joe Biden and I can do that‚Ä¶ https://t.co/TdINUVWuoL
Do you know anyone who thinks Biden is doing an OK job at his job?
This is stunningly bad policy that should not fall through the cracks this far into the Biden admin. @HUDgov https://t.co/RVg9V4pxuP
President Biden on 'White House Press Coverage.' #Gutfeld https://t.co/T2cOsp3U2y
"ü§®  ü§î  Yet... according to Democrat voters, Biden won fair and square and there was no fraud anywhere  If that's tru‚Ä¶ https://t.co/2nmKmQCsoS"
@jaredlholt Biden should be leaning into this way way more in messaging. Any comment on his test-or-vaccine mandate‚Ä¶ https://t.co/10vnVI2QVy
Biden administration asks U.S. Supreme Court to reject Harvard affirmative action case https://t.co/pB1AohUY9H https://t.co/TYaLClTf82
these Biden ‚Äúcrises‚Äù never end! https://t.co/WtrnFfQVGy
'Fatally Flawed!' GOP Senator Demands That Biden Reverse Vaccine Mandate https://t.co/J4lFyMLTmF
Senate votes to cancel Biden mandates for businesses with over 100 employees. https://t.co/tWjqdlzTSY
but press keeps saying Covid = Biden ‚Äúcrisis‚Äù https://t.co/0OUebjjYMN
@wyattsheepie The Biden plan is working.
@JoeBiden Funny biden because i live in new york and i see many small businesses with help wanted signs. Including‚Ä¶ https://t.co/VTTN8oszVD
Biden to speak with Ukraine President Zelensky as Russian forces gather on border https://t.co/eIHQKscUBi https://t.co/C4VRuYHDqH
@newsmax Professional athletes as well as for actors with no medical degrees or data to back it up  you can be vacc‚Ä¶ https://t.co/rv4040gPO2
"In a 52-48 vote, U.S. Senate votes narrowly to block President Joe Biden‚Äôs #COVID19 vaccine mandate for the private‚Ä¶ https://t.co/9QCoZo1o62"
"@ChrisMurphyCT @MichaelJStern1 Because, in their minds, Biden is responsible for ANY and ALL of the GLOBAL crises."
Biden administration drug czar says it's time to treat drug addiction like a chronic disease https://t.co/tK5rKdy76f https://t.co/VyCZcMlOWt
Senate votes to overturn Biden vaccine mandate for businesses https://t.co/h5vgacyPuf https://t.co/uL1BjQWYXd
did that hoe biden end student debt yet
@Neoavatara @Coral12271 @vjeannek Bro. Every ‚Äúexpert‚Äù on the planet from Wallensky to Surg Gen to Fugazi to Biden t‚Ä¶ https://t.co/ltiBaDr90t
Joe Biden hit everyone that voted for him with the Okie. Dudes horrible
"No $ left 4 poor in #BBB but House ‚Äò#Democrats‚Äô passed $768 billion military budget Tuesday, in 363-to-70 vote. $24‚Ä¶ https://t.co/rYJ1HAviGr"
"USCIS New Good News : Joe Biden Administration, TPS, I821 &amp; I765 | US Im... https://t.co/x6JN75ZDHU via @YouTube"
@StromeStephen @deaflibertarian Jill Biden is not a medical doctor
"@IAmThatch @KweenJosie He was trying to get dirt on Biden by withholding military aid.  But the funny thing is, dem‚Ä¶ https://t.co/9l5UUQqcaH"
"2021Talks - December 9, 2021 President Biden says U.S. troops won't prevent a Russian invasion of Ukraine, Democrat‚Ä¶ https://t.co/cRr6qewd2a"
‚Å¶@JoeBiden‚Å© ‚Å¶@SenateDems‚Å© It‚Äôs about time that all Democratic Senators support President Biden. If we are ever goin‚Ä¶ https://t.co/VPu1vdu3VJ
"As America‚Äôs ‚ÄòBacksliding‚Äô Democracy Takes Center Stage, Biden Must Call On Senate To End Filibuster https://t.co/eu6paOu7vE via @TPM"
JUST IN: Senate Passes Resolution To Nullify President Biden's Vaccine M... https://t.co/dbVJOvMJ4h via @YouTube‚Ä¶ https://t.co/kzF842FUCZ
ü§£üòÇ She would have been as BAD or even worse than JOE BIDEN .... aka  A DISASTER!   She was a HUGE LOSER!!!   So gla‚Ä¶ https://t.co/d5TJniayXt
Biden signs executive order to make U.S. government carbon neutral by 2050: NBC News https://t.co/y4F0tqKvkJ
"To show the world the U.S. is back as a democratic leader, Biden should hold the U.S. military and its allies accou‚Ä¶ https://t.co/f07LJg9G6D"
@Erockdouble1 @BarbaraAgent99 They got stronger because the liberal media has been focusing BS racism narratives fo‚Ä¶ https://t.co/eHB3iMRNLM
@JL7612 @politi__cal He endorsed biden
"@LLAG @POTUS Well yeah but that's not what Biden meant by this tweet, or what people usually mean when they say EVs"
Here is an opportunity to tell President Biden to designate the Delaware Water Gap as a national park to preserve o‚Ä¶ https://t.co/oD4no9yen2
"Andy Slavitt (former Biden White House Sr Advisor for COVID Response): ""Given Delta‚Äôs contagiousness &amp; the fitness‚Ä¶ https://t.co/tYnTWv2f0f"
"The country‚Äôs largest land owner, energy consumer, and employer aims to reduce its carbon emissions by 65 percent t‚Ä¶ https://t.co/vCe5pJBYSK"
Random thought but imagine joe Biden actually invited the man from Coney Island to dinner at the White House HAHA
"@pukala_jr Aaron Judge, Joe Biden, and the Pope"
@washingtonpost Equals Trump‚Äôs Wall followed by legal immigration to citizenship. Why didn‚Äôt the Biden Socialist Pa‚Ä¶ https://t.co/kgMcLMQ8nd
Those who voted for Biden: does he have your vote if goes up for re-election?
I feel like Biden is the kinda guy who tells you he‚Äôs gonna venmo you his half later and then doesn‚Äôt. #whydoistillhavestudentloansjoe
@ThatsJacqueline Doing nothing gives the President a minus with me. I definitely have lots of negative Garland chec‚Ä¶ https://t.co/KpHofnOc9I
Senate Passes Resolution To Repeal Biden's Private Sector Vaccine Mandate https://t.co/Q1jCIcoONI via @YouTube
@Forbes Who remembers the fake ‚Äúoffice of president elect‚Äù Dems made for Biden? Doesn‚Äôt exist!
"@DE2344 @Bubby35 @ABC @JoeBiden Sure I'll admit Trump started it.  But, Trump also let ppl believe in conspiracies‚Ä¶ https://t.co/JdoFDzCiIA"
Senate votes to repeal Biden's vaccine mandate - ABC News via @ABC - https://t.co/n1P2u0d3e3
"@hugolowell The continued mischaracterization of January 6th w the lazy, inaccurate misnomer that Congress was ""cer‚Ä¶ https://t.co/4HyqJbEzIr"
"@DailyTrix My apartment has lots of Biden stuff, lol. I'm not shy about it. It could never work...to me it's fascis‚Ä¶ https://t.co/saq9bTTbsE"
Senate Votes to Repeal Biden‚Äôs Vaccine Mandate for Businesses  https://t.co/S6WtBNb9AW
Senate just voted 52-48 to repeal Biden‚Äôs unconstitutional vaccination mandates.  Will the House reject this bill a‚Ä¶ https://t.co/ZBPPDplYJi
"This country‚Äôs politics will stay polarized until the broad consequences of the Roe decision are resolved, writes‚Ä¶ https://t.co/2wkr3A1rov"
And now Joe Biden will be  speaking to the world about the importance of democracy... https://t.co/xhbW3ux3Bd
@lilainla The tree was set on fire by joe biden and it‚Äôs a good thing.
Where‚Äôs the GOP? 25th amendment is there for a reason.https://t.co/CkXa8J2w2b
@GabsCrypto @IOHK_Charles I trust Charles a lot more than I do Biden. I trust Cardano's scientifically-backed code‚Ä¶ https://t.co/SF7fhJgdGn
@BenManson0 @UnknownUngnomes Biden hasn't lifted a single sanction on Iran. He spent the first few months looking o‚Ä¶ https://t.co/THd0JilOgU
The battle continues over vaccine mandates in the courts. The reality for nursing homes is they will be able to kee‚Ä¶ https://t.co/8Ka75hAkBX
BIDEN: PUTIN ‚ÄúGOT THE MESSAGE‚Äù: @IanPannell reports as President Biden says Russian President Vladimir Putin ‚Äúgot t‚Ä¶ https://t.co/vVY3BUgK9J
I‚Äôm standing with @SenWarren and @RepPressley because new data from @RooseveltInst is showing that restarting stude‚Ä¶ https://t.co/AEmjA0IBfp
"@csilverandgold Like as soon as she‚Äôs sworn in as VP again by Sonia Sotomayor, Biden swoops in and is like ‚Äúwait do‚Ä¶ https://t.co/MplswDuQaC"
ü§¨The Senate voted today 52-48 to nix President Biden‚Äôs vaccine mandate for larger businesses-a symbolic GOP win. ON‚Ä¶ https://t.co/IUnyHlhnRT
NEWS: The U.S. government plans to end purchases of gas-powered vehicles by 2035 in a move to lower emissions and p‚Ä¶ https://t.co/ejwwi159Ec
The Senate voted Wednesday to repeal a President Biden-backed federal #COVID19 vaccine mandate for private business‚Ä¶ https://t.co/OY0K9AcH95
The Senate passed a resolution today to repeal President Joe Biden's vaccination-or-testing mandate for private sec‚Ä¶ https://t.co/jKXuByJa6P
I found this on NewsBreak ‚Äì the #1 local news app used by 45+ million people: Biden Orders Federal Vehicles and Bui‚Ä¶ https://t.co/QEW1O2snTh
@JocelanG @kenolin1 Biden did.
"Gov Whitmer Reportedly Calls Biden‚Äôs Vaccine Mandate A ‚ÄòProblem,‚Äô Wants To See What The Courts Decide https://t.co/l9Mf1PDXMI via @CDNNow"
"@ClayTravis This means absolutely nothing‚Ä¶ Senate is not in charge of OSHA, Biden is"
@ChicFamTravels @thehill Same person that said Fauxahauntus should release her DNA results and the same person who‚Ä¶ https://t.co/rg9YJpxAk7
I feel like the Biden presidency peaked out at the @TheAmandaGorman inauguration poem.
@rising_serpent Kamala is out  and this bitch comes in. Then Biden resigns in disgrace because of Hunter emails and‚Ä¶ https://t.co/9h8ohODOLy
Biden administration raises 2022 FHA loan limits significantly ü§î https://t.co/6U2uzFrV5Q
"@popmommie @AP When FL‚Äôs governor said they‚Äôd withhold funds from all schools that had a mask mandate, Biden said t‚Ä¶ https://t.co/nXZPqygTEj"
@Forbes Bravo üëè President Biden üá∫üá∏
@cmcgrew84 @popmommie @AP When Florida‚Äôs governor said they would withhold funds from all schools that had a mask m‚Ä¶ https://t.co/6I0auh76zO
"Biden Administration Sides With Labor, Throwing California Transit Grants (and Riders) Under the Bus‚Ä¶ https://t.co/mdEcFYtnky"
@nypost Everyone who has had to deal with dementia sympathizes with Mr. Biden.
@GOP I'm waiting to hear complaints from Biden supporters (or should I say former supporters?) when they get their‚Ä¶ https://t.co/OQOSHuyM5A
@mdubowitz It wasn't Biden who took us out of the JPCOA because it was an applause line for morons.
The Biden administration urged the Supreme Court to reject a challenge to Harvard's affirmative action policy that‚Ä¶ https://t.co/gjZAnsxtWW
It is not clear what metric was used to decide participants in Biden‚Äôs Summit for Democracy. If democracy denotes p‚Ä¶ https://t.co/Gh187Yzp6S
@GreggJarrett Does Biden expect the media to wave a magic wand and give him positive coverage? There's nothing posi‚Ä¶ https://t.co/74lElA8KBO
"@BecketAdams I think he was in for a penny (went on Good Morning America; had Biden and Harris tweeting support), t‚Ä¶ https://t.co/UtzGSHPoI4"
@YCFlores @WhiteHouse This is how‚Ä¶ assü§°. https://t.co/pSHRmn5hjA
The only good thing to come out if @POTUS Biden's term is to prove how great Trump was by comparison.  120 million now miss Trump
"If I were Joe Biden, I would be on my knees and begging God for mercy every day for what I did to the Afghan people‚Ä¶ https://t.co/t6NHdZEFFA"
"'I'm Not A Socialist!' Biden Says That Despite His Friendship With Bernie Sanders, He's A Capitalist https://t.co/UTlSUWDW8a"
Asking Biden to keep his campaign promises is ableist because the only reason he isn‚Äôt keeping them all is his deme‚Ä¶ https://t.co/tQJwzB9gWc
Senate votes to nix Biden's vaccine mandate for businesses https://t.co/hEN6kv6XO9 #SmartNews
A group of Republican attorneys general have asked the Eighth Circuit to overturn a decision to dismiss their chall‚Ä¶ https://t.co/pxRsGNMnZ2
"Sen. Menendez: An emergency deferment period is expiring. And soon, people across New Jersey will be walloped by pa‚Ä¶ https://t.co/2AVDq6KWQC"
@grudging1 And Biden would have to sign it lol
"@therealdomino y‚Äôall had y‚Äôall run but them Gator boys back üòÇ good luck with joe biden, i mean brian kelly"
"Biden Administration Sides With Labor, Throwing California Transit Grants (and Riders) Under the Bus‚Ä¶ https://t.co/yvm51rG49C"
@daddykane83 @ChrisKirschner You probably should pay for news.. that way the news you read is free from bias and co‚Ä¶ https://t.co/wPYHUr6Q9P
#InfrastructureDecade #Biden  Electric buses ride mean and clean! What's not to love! The only reason the‚Ä¶ https://t.co/dKyw9QZH9y
Biden Boom! https://t.co/5hx0jQRz0p
"Good people are being driven out and criminals are taking their place. That's the reality. THAT can't be ""outvoted""‚Ä¶ https://t.co/SpCDYsx5eO"
@POTUS @thankyou_nurses Thank you President Biden for all you've done for us in the past 11 months!
"Biden says U.S. will not put troops in Ukraine, as tensions with Russia ease https://t.co/udfwfOhtE3 https://t.co/i1Ziqo0Ecj"
üñïüèªJoe Biden‚Äôs energy taxes https://t.co/UQEWypYNGq
Three Adversaries Test Biden's Resolve | Rudy Giuliani | December 8 2021| Ep 194 https://t.co/eCgZV0mdM2
The New York Post ‚Äòhappily‚Äô offers some positive headlines for President Biden https://t.co/1xcBoiXW2b https://t.co/maAAnykNGO
"‚ÄúPeople,‚Äù asks @GailCollins, ‚Äúhave you been barraged by emails from candidates asking for donations? If so, do you‚Ä¶ https://t.co/yI1sCYdM1A"
"True. But, that's using common sense.  They don't have sense.  Plus, they can't have the country look good under Bi‚Ä¶ https://t.co/gmD0vzgIVz"
Biden administration sending 9 million Covid vaccine doses to Africa - NBC News About time!!! Wealthy nations shoul‚Ä¶ https://t.co/sBa980U4Ni
"‚ÄúThe federal government in so many areas is one of, if not the largest, purchaser‚Ä¶. Having the certainty the govern‚Ä¶ https://t.co/bpvzYE9PXu"
@aliasvaughn @highbrow_nobrow @SenWhitehouse GOP has no legislative agenda- just seeking to prevent or/and attack a‚Ä¶ https://t.co/2Ua30xB6fb
"@jaam91 @JoyceWhiteVance Hoping the Supreme Court will be on their side that‚Äôs what McConnell wanted and got, Biden‚Ä¶ https://t.co/ewaRzEZR1I"
@LindseyGrahamSC You can't call yourself a pro-life party if you're pro-COVID. Who's paying the price for your cyni‚Ä¶ https://t.co/UdCSVoVjb2
"@fake_biden I‚Äôll never understand the need for a gun, hateful things! Shows a great weakness in my eyes!"
"Tucker Carlson Warns GOP Is Pushing Biden Closer to War with Russia: ‚ÄòYou‚Äôre Hearing That Constantly, Including on‚Ä¶ https://t.co/0nnUfhBaJA"
@ZaidJilani @kosh_1 Biden voters posting their Ls
The hideous legal obstacles facing DOJ‚Äôs new anti-gerrymandering lawsuit in Texas https://t.co/UL2ee6vjpM via @voxdotcom
"Memo to Joe Biden, Merrick Garland and every elected Democrat: PLEASE learn this! https://t.co/oDmQ0YovhB"
@HouseGOP @RepStefanik The American people LOVE Joe Biden #BuildBackBetter #BidenHarris2024
@100FrogLegs @SenatorTester @Sen_JoeManchin Thinking they can talk about the private industry mandate and appear mo‚Ä¶ https://t.co/Zb7ZPxx9AV
Senate Votes to Repeal Biden‚Äôs Vaccine Mandate for Businesses https://t.co/qIqaZhh4zJ https://t.co/XVjoh8mKNS
Why Did Biden Nominate Saule Omarova in the First Place? https://t.co/srFY0tZQt8 https://t.co/TwewLRPnSk
"Listen to #WomenToFollow @aurabogado in this week‚Äôs @TheTakeaway ""Remain in Mexico"" Border Policy Reinstated...""  B‚Ä¶ https://t.co/SqTPww3XIv"
"@spuntron There are no standards. There is ONE or the other! What's the point, brother? The reality is Biden or tru‚Ä¶ https://t.co/xnRtmHGPCb"
U.S. Senate passes Republican bill to overturn Biden vaccine mandate https://t.co/x2v9d1lodQ https://t.co/tmovCEAl9g
U.S. Senate votes to REPEAL Biden's vaccine mandate for private businesses  https://t.co/vXnEUxJfBQ  https://t.co/T3cRS28Vup
@JenSeniorNY Then there‚Äôs the whole ‚ÄúMommy sent Jill to us‚Äù moment between Joe Biden and his young kids.
@SentientPotato6 Biden campaigned on 5% of every dollar above 25k. Id do 10% but have it cap out at 5% on incomes below 150k
"@PollTrackerUSA @trafalgar_group Love the typical Dems saying ""oh I was worried then I saw it was trafalgar."" They‚Ä¶ https://t.co/uppbFZr2vK"
SENILE JOE BIDEN CHALLENGES VLADIMIR PUTIN??? THE TWO DO NOT BELONG IN THE SAME BOXING ARENA. PUTIN IS SO FAR SUPER‚Ä¶ https://t.co/fQzX1aHsGz
Wow!  Mark Meadows falsely claims Biden's 81 million votes in the 2020 election don't represent 'a real number'  https://t.co/HoIzShL1Jy
"@DrlindaJohnson Biden doesn't keep to his campaign promises, he failed us"
"@Sassychickie @kelly_rdc Hey, it's not bad &amp; about all I can afford thanks to Joe Biden's economy....ü§∑‚Äç‚ôÄÔ∏è"
"@Eric_Schmitt @JoeBiden Hey micro üçÜ - Biden has actually visited Florida, Idaho, Ohio, Texas, Louisiana, North Carolina, Oklahoma‚Ä¶"
Saw this in a grocery store in Florida while cashing out. They legit hide Biden‚Äôs face in the aisles üòÇ love it #FJB‚Ä¶ https://t.co/UwhX6IUftV
.Senate votes to repeal key Biden administration vaccine and testing policy  https://t.co/Fx9Ptoo25G
Executive order directs federal agencies to make all of their vehicle purchases zero-emission units by 2035 https://t.co/cDi86OfoEP
Exclusive ‚Äî Rep. Greg Murphy: Charge Biden Administration with Murder https://t.co/8kCPoNbfpS via @BreitbartNews
‚ÄúBiden says U.S. ground troops ‚Äònot on the table‚Äô for Ukraine‚Äù. Is there any reason why making such a statement wou‚Ä¶ https://t.co/WVNiJkzDfq
"Manchin and his fellow moderate Senator Jon Tester were the only Democrats to vote in favor of the bill, which woul‚Ä¶ https://t.co/erXnaYWre3"
They were born despicable. They are currently despicable. They will always be despicable. Why does this surprise an‚Ä¶ https://t.co/5xvTmkupdA
"Drove through Bel Air today and saw a Biden mannequin in somebody's yard, wearing bunny ears behind a sign that say‚Ä¶ https://t.co/b8mOWiuVpx"
Vaccine mandates has been nullified!  #fjb #gonebeyondmeans #tyranny                           JUST IN: Senate Pass‚Ä¶ https://t.co/ys3N188Kgk
@KIR_bigg50 This the sickest thing I've seen in my life!#Vaccines #Masks #lockdowns #mandates #billgates #biden
JUST IN - U.S. Senate votes 52-48 to repeal Biden's federal vaccination mandates. Senators Tester (D-MT) and Manchi‚Ä¶ https://t.co/f668oZegRr
Biden signs executive order to make the federal government carbon-neutral by 2050 https://t.co/zuwFz8sewU https://t.co/qc15L602zl
"Elon Musk Trashes Biden‚Äôs ‚ÄòBuild Back Better‚Äô Plan: ‚ÄòCan This Bill, Don‚Äôt Pass It‚Äô https://t.co/CxsgQjDeBO Musk is a good guy"
@RonFilipkowski Tomorrow night Marjorie Talyor Greene will be on Tucker. Declaring the makers of the Jewish Space L‚Ä¶ https://t.co/w1qyyxMW0A
"@maggieNYT @JeffreyMeursing I disagree with RD that ""the Biden administration and liberalism need a better strategy‚Ä¶ https://t.co/w1dI6r8NJ5"
@JGMD717 @EricMMatheny No one was commenting on my father‚Äôs service. I only mentioned it to explain why I was leavi‚Ä¶ https://t.co/RjmJvxqru1
Senate Passes Measure Nullifying Biden‚Äôs Vaccine Mandate On Large Companies https://t.co/qkr8yEf2hr #and #Biden‚Äôs‚Ä¶ https://t.co/dwKW0iF96L
G.I.L.F.  God  I  Love  First Lady Jill Biden   still works ig https://t.co/4cbdPSpdgP
Opinion: Want families to fly again? End the mask mandate https://t.co/8EJBYC1dJz via @DeseretNews
JUST IN: Senate Passes Resolution To Nullify President Biden's Vaccine Mandate... https://t.co/kvPtt2OIor via @YouTube
ANALYSIS: Biden‚Äôs Nord Stream 2 Move Opens The Door To A Russian Invasion Into Ukraine https://t.co/UOv2BF6Tcn‚Ä¶ https://t.co/9nTKXTfV9g
@cnnbrk The Senate has voted to nix the Biden vaccine mandate for businesses with 100 or more employees. Perhaps th‚Ä¶ https://t.co/gtJyf1baZY
China and Russia attack Biden's 'so-called' Summit of Democracy - CNNPolitics https://t.co/VKMBpUUBbh
Rep. @Jim_Jordan introduced a resolution that would force key individuals to cooperate with an investigation into a‚Ä¶ https://t.co/1QaVoKaZJO
The Achilles‚Äô Heel of Biden‚Äôs Climate Plan? Coal Miners. - The New York Times   #News #Politics #Washington #DC‚Ä¶ https://t.co/0T1wXPuhFD
I will never forgive Joe Biden for abandoning the people of Afghanistan to the Taliban. Never.
@GPCscorpion Are you the dude in Biden's colonoscopy
@realNealBailey The Russian build up near Ukraine is in reaction to increased NATO military exercises and renewed s‚Ä¶ https://t.co/5bhAGLbThd
"Experts, lawmakers call for Biden to push back the return of student loan payments‚Äîagain https://t.co/VyXla1Mdrz"
Israel To Urge Biden To Attack Iranian Military Bases.       Do we defend our closest Alli in the middle east? Or d‚Ä¶ https://t.co/1cf58oSZQP
First migrants returned under 'Remain in Mexico' policy https://t.co/4K9xn5ZFYV
@mrj880 This is a shot from Biden‚Äôs colonoscopy.
Biden Orders Federal Vehicles and Buildings to Use Renewable Energy by 2050 https://t.co/ISQsMdlTDf #ln
@knitvspurl @DirtdogKathy @chipfranklin Vaccine mandates are settled law. Any lawsuits get to SCOTUS and that ends‚Ä¶ https://t.co/1K4J7wqi4H
@Shillip_Rivers @coinbase Ask him if he knows who Joe Biden is.
That‚Äôs right Mr. Putin. Biden won‚Äôt lick your ass crack like Trump did. https://t.co/Jryu41zJRv
.@POTUS Joe Biden visits KC to tout infrastructure bill that gives $12 billion to #Missouri and #Kansas https://t.co/fehbByepym
Russia-Ukraine tensions: Why Russia is putting tens of thousands of troops on the Ukraine border - Vox https://t.co/vPUIb1EjfO
@CyrionF @Bent0916 @shoe0nhead I‚Äôve addressed this inanity as much as I‚Äôm going to. There‚Äôs a trove of info out the‚Ä¶ https://t.co/5UkOsMQzTT
@mkmiller63 @dabeard @BaddCompani @VOANews I believe Biden got rid of the Trump appointees rather quickly. https://t.co/Y3N6MMyT0r
"From the Russian perspective, for all the potential downsides of a military foray into Ukraine, losing Ukraine to t‚Ä¶ https://t.co/xjofjy0a9v"
"Dear Twitter, Where do I begin... I'm sorry. This is a first for me. I've never faced criticism like this before, b‚Ä¶ https://t.co/B9hM6O1BB7"
"From the Russian perspective, for all the potential downsides of a military foray into Ukraine, losing Ukraine to t‚Ä¶ https://t.co/oiF0icy56a"
Via @NatioinalMemo: Biden Convenes More Than 100 Nations For World Democracy Summit https://t.co/k06q3Za5R2 | Via‚Ä¶ https://t.co/uxj7CXrzpf
@SenSanders Another tweet like a fart in the wind. I'm sure you and your good friend Joe Biden will get right on that.
"@wjxt4 The last time I checked, the tie breaking vote gets cast by Biden's running mate. Your bias is showing again‚Ä¶ https://t.co/pfUhSLjIAT"
Wow! stupid of the day: RNC chair links Biden to Fox News Christmas tree fire: 'This is a huge problem for Democrat‚Ä¶ https://t.co/MNWW74vpMe
@DailyCaller @POTUS House Urges Senate to Pass Biden's Social Spending Bill Before Child Tax Credit Expires https://t.co/iHWRj9DUAx
Hillicon Valley ‚Äî Presented by ExxonMobil ‚Äî Biden administration is taking huge parts of internet offline.
"Ahead of Biden‚Äôs Democracy Summit, China Says: We‚Äôre Also a Democracy https://t.co/GcwuKBS2cE"
MAGA rioter who called Biden 'stupid' bragged about assaulting cops on social media: feds - Raw Story - Celebrating‚Ä¶ https://t.co/2iBMPxrk9i
M.I.L.F  Man  I  Love  First Lady Jill Biden
Biden warns Putin of unprecedented sanctions if Ukraine attacked: 'There will be severe consequences' - Raw Story -‚Ä¶ https://t.co/OtYlCEa3W4
"When Biden addresses the international summit on democracy this week, he faces a vexing problem, @ThePlumLineGS wri‚Ä¶ https://t.co/lxbAJTaKEX"
@chipfranklin Biden would still have to sign it and forget that.
"@laurenboebert Dems don't have a cult of personality for Biden or anyone, because we're not fascists. I'll support‚Ä¶ https://t.co/KnD2TL4Qo1"
U.S. Senate passes Republican bill to overturn Biden vaccine mandate https://t.co/VfSmytkGAv https://t.co/bEkosyo4nL
@waitbutwhy Joe Biden being a lesser evil than Trump.
@FarWestTex @GregAbbott_TX Tell me 1 thing that Biden has done to improved this country. 1 thing. I already gave yo‚Ä¶ https://t.co/YQBMRkiD3s
@ContrerasJlynn @gzr3625 @GrajalesDebbie @GovRonDeSantis DeSantis is a troll.  https://t.co/OiztRc1OFe
"Bosnia is not invited to Summit for Democracy in Washington DC this week. While Serbia, where president Vucic holds‚Ä¶ https://t.co/A6BDiZJly7"
"@1pov4you @mtracey To keep with the same narrative, it‚Äôs Joe Biden‚Äôs fault. He has the majority of deaths."
Biden Screws Another Thing Up With Afghanistan https://t.co/TznP1BinPZ
The Senate has narrowly approved a resolution to nullify the Biden administration‚Äôs requirement that businesses wit‚Ä¶ https://t.co/Edx3xTT3t7
"@bobsalpha1 @ericowensdc What hostility? This is as contrived as the War on Christmas.   ""Why won't Democrats wish‚Ä¶ https://t.co/tSRUHyJjih"
Biden will highlight these commitments when he speaks at the summit on Thursday... https://t.co/XeKTJrgPBi
"via @NYTimes For Republicans who forced the action, it was a prime opportunity to paint the administration‚Äôs effort‚Ä¶ https://t.co/ZTi4c7dnLS"
Will President Biden get his agenda passed before the end of the year? @CNN Chief White House Correspondent‚Ä¶ https://t.co/cyP4eKJzFJ
"@YahooNews Perhaps,  President Biden needs to veto that vaccine testing ban"
Senate votes to block Biden vaccine mandate ‚Äî but measure unlikely to become law - CNBC https://t.co/sI9B9Zs8j4
"@CyrionF @Bent0916 @shoe0nhead It was 2007, my dude. Come back to 2021. Take a look at who supported Biden‚Äôs bid (C‚Ä¶ https://t.co/2nZOP1UWAj"
üì∫ @SpecialReport w/ @BretBaier   @marcorubio : We have become too dependent on China  Florida senator calls out the‚Ä¶ https://t.co/CJRjVspuBB
@RepJayapal What a joke. How‚Äôs that solid promises from Biden going?
@sunny You are losing support of viewers by making everything racial and going off on Biden. People are comparing y‚Ä¶ https://t.co/xba34nY6JU
"Perhaps obvious, but the defense budget regularly passes with large bipartisan support because it sustains a politi‚Ä¶ https://t.co/KoLTrFdn7F"
"@DCLongIslander @Ejmiller25 @Fean0rse The Biden administration agrees with you, Carlson, Ingraham, and Gabbard."
i‚Äôll venmo anyone $500 to name one promise biden fulfilled that initially caused you to vote for him
So that‚Äôs it. We‚Äôre paying our student loans ???? Can‚Äôt stand Biden‚Äôs lying self
"@myhughjardon @GregAbbott_TX This happened not too long ago in this country, just in case you didn't come out from‚Ä¶ https://t.co/Lkqkby01Wc"
"@yatesinvesting More than 700,000 Americans have died from Covid, and you want to say the Biden administration is ""‚Ä¶ https://t.co/fXBOCXQGnz"
Biden order would make US government carbon neutral by 2050 https://t.co/ASnIJ3UQhe https://t.co/SyWwbq8cbc
@RepStefanik Has Rep Stefanik done anything for NY-21 over the last six years? Anyone?  All she talks about about a‚Ä¶ https://t.co/k6n9cAnOOA
"My bimonthly case of San Pellegrino is delayed again, once again showing that that we are all suffering from these‚Ä¶ https://t.co/MuaZjn7mjp"
"Ok Joe, women getting bio identical hormone pellets for hot flashes &amp; bone density have just been 90% reduced by Me‚Ä¶ https://t.co/IELCmLtEh6"
@sgtbake Everything you said is completely false. Not a shred of truth. Blue states are doing way better than red s‚Ä¶ https://t.co/hWTaMWexyd
Biden Declares Infrastructure Decade As Banished Trump Seethes https://t.co/19xO1ZHl1l
"'He Wants To Deny The Reality Of What He Said, What He Did!': Ron Johnso... https://t.co/Vs5g3P6nxg via @YouTube Fa‚Ä¶ https://t.co/W6Wr0CFGq1"
"#maddow I remember when Trump downplayed the attack on soldiers suffering no more than ""headaches."" Finally, 39 inj‚Ä¶ https://t.co/XGJxmiQ6rs"
BREAKING: The Senate passed a resolution to repeal President Joe Biden's vaccination-or-testing mandate for private‚Ä¶ https://t.co/7ZkgNlE4aj
Fox News probably set their own Christmas tree on fire to blame Biden. #MAGAts
