"Behold, the Many Ways Pro-Death Republicans Are Going After Biden‚Äôs Vaccine Mandates https://t.co/QqI5tpKSeQ via @VanityFair"
‚ÄúWe believe that by getting COVID-19 under control by supporting vaccines and by supporting (President Joe Biden‚Äôs‚Ä¶ https://t.co/wHHKrEJ1ol
"Supreme Court: ""unlimited donations won't even give the appearance of corruption""  Russia/China: ""a mistress of a b‚Ä¶ https://t.co/AqbYbYGSeR"
The Senate Armed Services Committee on Wednesday advanced President Joe Biden‚Äôs nominee for Defense Department chie‚Ä¶ https://t.co/Vh7dyYNm9e
"One thing that is UNREAL  is that people say well Joe Biden has not been President long, give him time. Well hes be‚Ä¶ https://t.co/uphTCMUIMW"
"President Joe Biden signed an executive order in September. Since then, the mandate has faced court challenges.  https://t.co/ZhlGU2OHTf"
"How ass-backwards is the DC SWAMP? For over 200 years, legislation started in Congress &amp; the Senate, where it was s‚Ä¶ https://t.co/GZBidxXRem"
"""we're going to build it back better"" ?  Now they are stealing Biden's Line?  Should have trademarked that, @POTUS‚Ä¶ https://t.co/edfOE66YZb"
"It won‚Äôt pass the House, but this is a glimpse of how we might eventually seal our own fate as a species. Science d‚Ä¶ https://t.co/r2osgUUn4g"
Biden lacks understanding of oil‚Äôs contributions to civilization https://t.co/sNN0xbTtuu
"@maize_theresa @AnastasiaFennec Sanctions on NS2 is already US law, Biden is the one that lifted them back in Jan/F‚Ä¶ https://t.co/Cb9ztTftvw"
The Achilles‚Äô Heel of Biden‚Äôs Climate Plan? Coal Miners. - https://t.co/NBlSoPQEoP
@BrianMastFL Can MAGA say Joe Biden Veto? üòÇüòÇ Not to mention the House isn‚Äôt going to pass that bill.
Question: is the Biden administration doing anything to keep gop from stealing the next elections? Because it doesn‚Ä¶ https://t.co/3d4NZwbeaB
"This edition of @CSIS's nightly newsletter covers the Pfizer Booster, Biden Ukraine, Going to California, and More  https://t.co/5witMVQMA8"
@TamLynneGram8 @ReportsDaNews üíØ Tam!! President Biden truly cares!üíô I sent you a message on FB messenger.
"@laurenboebert You know all those articles saying ""X amount of drugs confiscated at border, X terrorists arrested a‚Ä¶ https://t.co/L2U4wtOEHK"
@DTOG0001 @VickreyFan Malinowski almost lost a Biden+11 district to Keane and I don't know how else the dems can help him.
The Senate narrowly approved a resolution Wednesday to nullify the Biden administration‚Äôs requirement that business‚Ä¶ https://t.co/nm0lENx8Gf
"To reach the goal, the plan requires government agencies to upgrade federal buildings to be more energy-efficient a‚Ä¶ https://t.co/81xa82lTrC"
"Are those new ghislaine and jeffrey pics the first demonic visual relics of the biden era? In the vein of like, tru‚Ä¶ https://t.co/sf35lOIkan"
"Biden Wants Russia to Stand Down, but Troops in Ukraine 'Not on the Table' | https://t.co/TgIpxR7LfM https://t.co/GJmUn9ydqP via @Newsmax"
Judge Blocks Biden Vaccine Mandate For Federal Contractors Nationwide https://t.co/EfEGYmQ1s5 via @greggjarrett
The White House stokes Cold War 2.0 https://t.co/O8vGlbOZc1 by @jeremyscahill #USimperialism
@MikeBetts43 @chrisg409ubc @Glassman1148 @Klee34036780 @Vanessa76_1 @tallnblonde1 @Annie20554592 @Godslightangel7‚Ä¶ https://t.co/tvymSeIUq6
@BBCWorld Than it`is ok for Russia to invade.? Biden have history of blunder on money in Ukraina. He don't care at all.?
Top Republican Calls for Full Select Committee Investigation into Hunter Biden- https://t.co/pV7H5bEuGY Via - @NeonNettle #NeonNettle
@jsolomonReports it'll never become law. biden will veto. you already lose.
"@openargs Democrats control the house, senate, and presidency and have done nothing. Biden could wipe out student d‚Ä¶ https://t.co/0Zy1FudDx2"
Merrick Garland and Biden could make this happen. Am I right? https://t.co/5BHOnyMxep
"@SASaffrasi @Harathi27 @robatmo @mdhelfenbein @maureenjohnson Announcement in September. Still too expensive, and w‚Ä¶ https://t.co/spQN1UXB42"
Rare Biden W for deciding to boycott the Beijing Olympics. Probably doing that to save face.
"@mmpadellan Nope, it wasn't an insurrection.  If it was, Biden would not be preaident"
Now is the time to join fellow scientists &amp; experts from across the US calling on President Biden to take specific‚Ä¶ https://t.co/TTNrjivSte
@deedledoors @BigJimSlade9 @GovEvers Trump didn't do anything to get the vaccine that I got.  Scientist dis the wor‚Ä¶ https://t.co/B8AqAb0vmK
Biden administration drug czar says it's time to treat drug addiction like a chronic disease. https://t.co/JcvZG8DxNt
@tinkerbelledc @JanieBGroovy @jeananncord I blame Susan Sarandon for making both Joe Biden and Joe Manchin celebrate segregation.
@fake_biden üé∂she goes running for the shelter of her mother's little helperüé∂
@gregariousbiped @ZellmanNJ41stLD @GeorgeSorosFan In the old district no (although a 2020 underperformance would st‚Ä¶ https://t.co/s2n82RNRgL
The DNC War Room is Actually Touting Poll Where Biden's Approval Rating is Underwater By Double Digits https://t.co/R6n2gpjNQX @townhallcom
"@tommatzzie @RonBrownstein Assuming timely action on BBB -- say, passage in October -- there would still be time in‚Ä¶ https://t.co/rUL9jmADFH"
U.S. Senate rejects Biden‚Äôs #COVID19 vaccine mandate for private employers  #VaccineMandate   https://t.co/nvSEvTtzx5 via @lauraolson
@tommatzzie @RonBrownstein Why has the process taken so long?  Two reasons:  one is Manchin.  The other is Sinema.‚Ä¶ https://t.co/3NYLL9lugp
"@tommatzzie @RonBrownstein Good question.  I mean that sincerely.  The answer is, yes.  Biden's theory at the start‚Ä¶ https://t.co/up6Yl7XmDX"
@gregariousbiped @ZellmanNJ41stLD @GeorgeSorosFan The district held downballot. Some downballot Dems even outperformed Biden.
@RehabTheCrab @CNNPolitics Below $3 in Milwaukee. Thanks President Biden!!üíô https://t.co/SDScSwdaee
@GregAbbott_TX @MarshaManley @TennesseeGuard @GovBillLee Thank you President Biden for returning the land back to t‚Ä¶ https://t.co/Cs3DKksgUU
@lindyli The Biden administration could come up with a cure for cancer and the GOP would literally fight to the death to block it.
What you seem to smell is Biden's dirty diapers that kamala carry in her bag. #wiunion #wipolitics #wiright #MAGA https://t.co/9SyC26t07y
Senate votes 52-48 to block Biden's abusive and unconstitutional vaccine mandate for private businesses!!!! üá∫üá∏‚ù§Ô∏èü§çüíô https://t.co/WLSxjKmH8G
Wisconsin Governor Tony Evers praised President Joe Biden‚Äôs infrastructure bill Wednesday for its effort to increas‚Ä¶ https://t.co/ujTz9lBR4d
Biden to speak with Ukraine President Zelensky as Russian forces gather on border https://t.co/CDw9CxORMt @FoxNews
Biden took away getting wasted on an airplane to me and THAT   That I won‚Äôt forgive
Senate Votes 'Yes' to Repeal Biden's Federal Vaccine Mandate https://t.co/UH7OuTmLyW @BreitbartNews
@FPWellman How about Biden WH shows your their call logs .. and Trump shows his from Jan 5-6?????
I voted to reject Biden‚Äôs vaccine mandate. Here‚Äôs why. https://t.co/psOgyEO9So
White House: Biden to veto congressional motion to ban vaccine mandate - https://t.co/l103QAj5qb
@PepperOceanna What Biden had accomplished so far!
Immigration Reform Law Institute: Courts may soon force Biden admin. to finish the border wall - https://t.co/nMqtycD17r
Canadians say Biden‚Äôs pipeline attack caused harm - https://t.co/rh7zcY2lBP
"""To maintain their power and control,President Biden and the COVID gods want to keep us all in a state of fear. Eno‚Ä¶ https://t.co/0q2BbkOamX"
Senate rejects Biden administration's COVID-19 vaccine mandate for businesses https://t.co/NEU1MQmXsF
Senate rejects Biden's vaccine mandate for businesses https://t.co/gBRMplmoib
@Terrence_STR Did I say he should put boots on the ground? Biden shouldn't have said what he did--he should have kept them guessing.
If Joe Biden had a crypto podcast. https://t.co/FeDxy0aoHh
@elonmusk Finally...https://t.co/CyFGiPEUGH
The Senate has narrowly approved a resolution to nullify the Biden administration‚Äôs requirement that businesses wit‚Ä¶ https://t.co/IqgV6eYKyE
The Senate narrowly approved a resolution Wednesday to nullify the Biden administration‚Äôs requirement that business‚Ä¶ https://t.co/Petqdfq22q
"Senate passes resolution to defund, repeal Biden vaccine mandate - NBC News  https://t.co/16RPgXvXVr"
Senate Votes to Do Away with Biden's Unconstitutional Vaccine Mandate for Private Sector https://t.co/GPf7Nj1JT4 @townhallcom
@TheKTofPolitics @BrianGoodwin8 Can you hear the cha-ching of the Biden family money washer?
"#VaccineMandate #covidvariant #Covid_19 The courts are going have to get involved here, Going back to US House does‚Ä¶ https://t.co/jS4trjpCKC"
"With this single vote against Biden, Tester has secured his fake centrist persona for another term."
"@chipfranklin @JAHarps Of course, the house is not going to pass this and Biden would never sign it. It's the purpo‚Ä¶ https://t.co/Nz7GhzlxjU"
@297_ArubaLover It's symbolic as Biden would not sign it and the house will not also pass it...just noise for Twitter and the media...
"""President Biden is putting the full might of his admin behind clean, sustainable products and services to ensure t‚Ä¶ https://t.co/O2vz2iFOqy"
I think biden playing two people obama and putin he going to be sorry
"@Cerulean_Man @chipfranklin He‚Äôs 15,D I hope!His dad,my husband worked for our Dept of Defense:America‚Äôs not happy‚Ä¶ https://t.co/WmIqvNpvaN"
"@folkbum ""In Joe Biden's America, your Christmas tree will catch on fire, if you can even afford or find one."" @FoxNews"
@TeaPainUSA Biden and the democrats will have a huge problem if the sun fails to shine tomorrow.
"Another day, another fuck you Joe Manchin  https://t.co/ZbPrnwyhFQ"
Conservative @WILawLiberty says a 10-month election investigation found no evidence of widespread election fraud in‚Ä¶ https://t.co/51P5kJNEpy
"@charliekirk11s1 @DineshDSouza Oh no! Media companies talking to president!   Dinesh, please comment on Biden‚Äôs mos‚Ä¶ https://t.co/ZzmzgKzGYU"
"@jacobfhsmith Yes, I'm going to criticize a Biden-state democrat more than a Trump+16 and Trump+40 democrat.  Ratio + L"
Is President Biden a Judas Goat Leading Us to a Cultural Implosion? https://t.co/mdfTLarQ5X
@Cerulean_Man @chipfranklin If they‚Äôre not pulling themselves up by bootstraps long ago taken by the Kochs. But I d‚Ä¶ https://t.co/tcG8SXHu5l
"Arizona‚Äôs Ducey calls on Biden to act after migrants rush border: ‚ÄòMr. President, do something ‚Äì do anything‚Äô‚Ä¶ https://t.co/bW46ndgIlr"
"Ohhey, Biden is doing something really good.  Inb4 he mysteriously has a heart attack https://t.co/Grrw0XQxzl"
"Got my booster today. I don't know if I will live through this terrible, excruciating, mild soreness in my arm. Oh‚Ä¶ https://t.co/mC8plVSAYy"
@grantmassie5 @lizpere75 @POTUS They don't want to see Biden or Harris. Waukesha is a red county.
"@TristanHansen is it possible to make trades?  like, we send over biden and a future 2nd round pick for her?"
@istillhateya 'no one elected Biden to be FDR'  -And no one is going to elect you in 2022 :)
Joe Biden has a month to cancel student loans. They just threw even more money at war
"Welp‚Ä¶ today is December 7th, 2021 and Joe Biden is the worst President in U.S. history. https://t.co/pjhpXBPzas"
Senate expected to vote to overturn Biden vaccine mandate for businesses as soon as Wednesday https://t.co/te6g6V9Eu3
@BadWILaws @RadioFreeTom üòÇüòÇüòÇ  I went to that site. Read through the summary of findings. They pretty much say the e‚Ä¶ https://t.co/MEaCbngTRR
"You already destroyed Americas agenda, and it is now being put back together. https://t.co/EuiyXPS8vE"
"Time and time again, Biden has humiliated the United States before our allies and enemies alike. Biden‚Äôs even gone‚Ä¶ https://t.co/T76xZD8CYq"
"President Biden ruled out a unilateral use of U.S. force if Russia invades Ukraine, and said he hoped to convene me‚Ä¶ https://t.co/VojZQ6qYqy"
"Biden to award Medal of Honor to three veterans of Iraq, Afghanistan https://t.co/v2A1BZirjI @FoxNews"
Yes big charade joe biden really isnt a constitutional duly appointed president by the peoples it never has been it‚Ä¶ https://t.co/gVQsgfqDEU
"After One Year of Biden's Presidency, Hispanic Voters Now Evenly Divided Between the Parties https://t.co/kzK4Snhpje"
Report: Biden Admin Holding Secret Meetings with Media Outlets in Bid to 'Reshape' Coverage https://t.co/8wKkmCwCTM
Mr. Beyer will provide an update on the working group and its efforts to encourage U.S.-Russian nuclear arms reduct‚Ä¶ https://t.co/KIYxVPwSyv
Elon Musk calls for Congress to throw out Biden's entire Build Back Better bill: 'Don't pass it'‚Ä¶ https://t.co/06lXEauHE9
@HouseGOP @SteveScalise It wasn't a crisis before? Whole cities addicted in the 90's through the 2000's but NOW it‚Ä¶ https://t.co/bIcGFrcPGb
Complaint Filed with New York State Bar Against Biden's Nominee for Navy General Counsel https://t.co/da59hLBYyM @townhallcom
COVID Deaths Surpass Trump's in Joe Biden's First 10 Months in Office https://t.co/I6wKpOlkUp @BreitbartNews
https://t.co/jejsHLoDSc.         Maybe a good chance #naked #cenntro can get some of these contracts
@MollyJongFast I think the larger issue is Biden &amp; Harris saying to not trust it.
Exclusive - Jordan: Biden Admin 'Goal Was to Go After Parents' in NSBA Letter https://t.co/ldI7uQaILX @BreitbartNews
"@MalliardReport This is funny I just saw this now, I'm not saying that I like Donald Trump, because I don't and so‚Ä¶ https://t.co/KCqCwHBjQv"
What's happening with Biden's approval among Hispanics could send the Dems deeper into panic mode https://t.co/6KuTqx19gf @TwitchyTeam
@ActuallyIceFire @IslandofDemons @DukeDankIII @sami_baaj @flawlesselecti3 Richard Spencer endorsed Biden and is a d‚Ä¶ https://t.co/QlFabLxuzw
@UscKathryn @ItsMrsRabbitToU That strain of the virus was here long before President Biden could do anything. But y‚Ä¶ https://t.co/vNuS4SIW2v
@waltermasterson Oh so it wasn't Biden?
Senate expected to vote on nullifying Biden vaccine mandate https://t.co/IEJdl8HMTn
@FM54321 @MatthewSchw @thejmills @RandomT92987814 @revrrlewis @MollyJongFast What I know is I saw more Trump signs‚Ä¶ https://t.co/JyOKB73QnC
Arizona Attorney General Brnovich slams Biden over 'politically correct' choice for new CBP head https://t.co/w9XBG1us2h @FoxNews
@AstroKatie The Biden administration thinks this is absurd apparently https://t.co/DklNNVR3BA
'This feels pretty insurrectiony': Joy Reid panelist says Biden administration should engage in a 'federal takeover‚Ä¶ https://t.co/JfUxiZc95u
@StephMurphyStan Can you name one time where Baldwin has openly trashed the Democrats agenda or Biden?
"@POTUS Thank you, Pres. Biden. I really hope we can stick to that date, if not get there sooner! #GreenEnergyNow"
BIDEN EFFECT: 12 Major US Cities Hit All-Time Homicide Records (VIDEO) https://t.co/HXIJKTaImt via @gatewaypundit
Biden reminds us we can never 'go back to less rain' because of global warming so roads need to be built higher‚Ä¶ https://t.co/2tsh6YpVvV
President Biden Warns Putin Of 'Strong Response' If Russia Invades Ukraine https://t.co/yAuQhZVqTj
President Biden Warns Putin Of 'Strong Response' If Russia Invades Ukraine https://t.co/FPjalov9Ze
They had the interstate shut down in KC for Biden
I wish people would remember that every time Pres Biden is cut off at the knees another part of our freedom is lost.
Leading the way symbolically and helping push markets to drive investment and ultimately lower prices for average c‚Ä¶ https://t.co/pqdkZdM9dr
Biden Says Americans Have To Pay Their Fair Share - For Gas https://t.co/Ql4a48PnUC @weaselzippers
I don‚Äôt believe it to be possible that #Epstein and #Maxwell didn‚Äôt get to Biden.  Aside from the awkward child tou‚Ä¶ https://t.co/DEl98tRaYr
"Congress votes to give Biden‚Äôs handlers $13,000,000,000 to resettle unvetted Afghan evacuees in the US -‚Ä¶ https://t.co/2PKtFU5HCn"
@buoyjust @bennyjohnson And? You guys seem surprised that a lot of Democratic voters don‚Äôt like Biden. It‚Äôs like yo‚Ä¶ https://t.co/DZ3HJomZCx
"@bennyjohnson We hated Trump. Lots of us never preferred Biden to other Democrats, but he still got our votes becau‚Ä¶ https://t.co/mvh4R02NTx"
Matt Geatz was pandering to Trump‚Äôs cult  Who from November 6th on were saying that in 2022 Republicans could make‚Ä¶ https://t.co/6zp6XnzpJd
@ReportsDaNews @TamLynneGram8 Thank you President Biden!üíô https://t.co/8Ye8qekbbC
what will joe biden do about the milwaukee slide
"Today, I met with the Mayor of C√©maco, Panama, the Honorable Francisco Agapi.  We discussed the ongoing chaos and h‚Ä¶ https://t.co/hDUGMbnU8B"
"Biden Struggles to Read Teleprompter, Forgets Name of Kansas City Mayor, Tells Made Up Story About Amtrak Conductor‚Ä¶ https://t.co/nY7pi96QwJ"
@washingtonweek @EugeneDaniels2 @sahilkapur @jmartNYT @seungminkim @Yamiche Moderator Yamiche Alcindor keeps displa‚Ä¶ https://t.co/GplLD85yGD
Not Just Embarrassing But 'Dangerous': Nikki Haley Slams Biden's Foreign Policy https://t.co/V5ExpdfkcB @townhallcom
"@UscKathryn @ItsMrsRabbitToU Why would President Biden want ""us to fail as a country""? Also, do you know that the s‚Ä¶ https://t.co/Q2LQnDw9j2"
President Biden‚Äôs amnesty for 11 million or more border-jumping illegal aliens will cost taxpayers almost $500 bill‚Ä¶ https://t.co/w7L7Z2VZGj
President Biden‚Äôs amnesty for 11 million or more border-jumping illegal aliens will cost taxpayers almost $500 bill‚Ä¶ https://t.co/ieP8zK8IaD
When would Biden have the time to lurk around FoxNews to burn down a Christmas tree?
Why hasn‚Äôt Margie Taylor Green being punished for sending those Republicans who supported President Biden‚Äôs Infrast‚Ä¶ https://t.co/RLreijxZhf
@GOP Warmest fall weather in decades in 2021‚Ä¶.  Thanks joe Biden ‚Ä¶ wait he doesn‚Äôt control the weather?
'Wait.. what did he just say?' Joe Biden vows to Build Back Better by making sure 'the American people are paying t‚Ä¶ https://t.co/xGtrQmWz5V
"@townhallcom @TwitchyTeam This deceptively edited clip, which will surely go viral, omits the end of Biden's senten‚Ä¶ https://t.co/68aGTdaXGS"
"Trump was a president that got shit done, Biden is a president that fucks shit up"
Poll: 46 Precent Believe Joe Biden's Presidency Has Hurt America https://t.co/8KCOOzXUgl @BreitbartNews
"@whatifidid99 @SethAbramson @2cannan1 The 2022 midterms will determine whether we‚Äôre truly awake, or if we simply w‚Ä¶ https://t.co/ebDHHW6hUE"
Major newspaper admits the media is being dishonestly unfair to President Biden https://t.co/DeWSJuRN4X via @PalmerReport
Useless. 2050. It will be far too late by then. I'm disappointed in you President Biden https://t.co/j12EOKLg1t
@RoseDisillusion @AtomicCule @cenkuygur @JoeBiden So I get where you're coming from but what other option was there‚Ä¶ https://t.co/SYPtzN1yUQ
Biden Administration Flags the Art Market as a Site of Corruption https://t.co/D4QQuW44KF https://t.co/XD1f89BC4i https://t.co/AAX5eUm3Xj
"@nathaliejacoby1 Biden is holding on to the Republic, but he is struggling. A second term of Trump would've meant t‚Ä¶ https://t.co/Ys1qQ7jSYm"
@ScottWalker @Reince Remember when Biden‚Äôs boat got repossessed by the bank?  Me either. Because it was trumpy‚Äôs bo‚Ä¶ https://t.co/0zcZYExY3b
@tommyboy0690 I back Joe Biden
"The art market is name-checked alongside digital assets,real estate&amp;other industries in a report released by the Bi‚Ä¶ https://t.co/ox4sqpVO6W"
@AyilFukUUp @ggreenwald seems like glenn likes to absolve Trump from any culpability. Trump didnt pardon Assange =‚Ä¶ https://t.co/GTeHRHjJKt
Now that Biden is in the White House  Republicans can say ‚ÄúRussia‚Äù again without fear of reprisals
Biden has new brand for infrastructure deal he‚Äôs promoting https://t.co/PT8E9EEl4R
Putin says Russia will follow up fast after #Ukraine üá∫üá¶ call with Biden https://t.co/IZtV5Kk5Jh
@BZ99810440 @StrikeDebt When McConnell said the GOPs only goal is to obstruct the Biden agenda people should have p‚Ä¶ https://t.co/GX3n13WHhG
Look at where the insane #Corporatist synergy b/w The News and GOP fascism has taken us. They have reversed the con‚Ä¶ https://t.co/L8n1zMvh86
@MeghanMcCain Biden is doing great your just‚Ä¶. https://t.co/fLX8ZFdbw8
RNC chair links Biden to Fox News Christmas tree fire: 'This is a huge problem for Democrats' https://t.co/T5ghJRB8Hb
"You achieve peace through strength, and everything President Biden and Democrat governance is doing, is weakening A‚Ä¶ https://t.co/RpCmwonLDe"
President Joe Biden on Wednesday signed an executive order to make the federal government carbon-neutral by 2050. https://t.co/Z47ZPfuNCw
"The infrastructure law, ""Building a Better America,"" will fund upgrades and repairs to roads, bridges, and mass tra‚Ä¶ https://t.co/9nQvujwivj"
JP Morgan seems to like the Biden economy: https://t.co/Z5C5LU5fFT
@NumbersMean @HarveytheHaint @JoeBiden Nope. Under Trump it was more. Under Biden it's less. Than what your sarcastic ass guessed.
"@igorbobic Now, after months of lobbying by donors, family members &amp; Republican Senators, I‚Äôm afraid Manchin has co‚Ä¶ https://t.co/bopjKW6aS9"
"@igorbobic It‚Äôs not over till it‚Äôs over, as the saying goes.  But most politicians are who they talk to, &amp; this has‚Ä¶ https://t.co/6fePOe5ZA0"
President Joe Biden on Wednesday signed an executive order to make the federal government carbon-neutral by 2050. https://t.co/4VxoVXQmfP
President Joe Biden on Wednesday signed an executive order to make the federal government carbon-neutral by 2050. https://t.co/kebLJxhzF5
Biden order would make US government carbon neutral by 2050 https://t.co/cotuRXsKxa
@BBCWorld Another Biden foreign policy blunder. You don't broadcast that to the Russians. That simply gives them the green light.
President Joe Biden on Wednesday signed an executive order to make the federal government carbon-neutral by 2050. https://t.co/2SCUMXeEcH
"@RedHood1985 @HillaryClinton There is yet ANOTHER little #Fraudit going on which will go nowhere but basically, Bid‚Ä¶ https://t.co/hLSjv5j6aj"
Biden says sending US troops to Ukraine 'not on the table' https://t.co/kIkPAFvZES @FoxNews
Biden to expand federal fleet of EVs in bid to make government carbon-neutral by 2050 https://t.co/dk661qxGnq
Biden: No Unilateral Troops to Ukraine 'Right Now' but U.S. Will Back NATO https://t.co/NGMSgT1C3Q @BreitbartNews
President Joe Biden on Wednesday signed an executive order to make the federal government carbon-neutral by 2050. https://t.co/htt8dIG7jk
President Joe Biden on Wednesday signed an executive order to make the federal government carbon-neutral by 2050. https://t.co/GvhR735D5O
"@lcatboonies I know, I saw he posts pro-Biden then bashed Biden and anyone blaming our president for gas prices or‚Ä¶ https://t.co/kBpXQo7g26"
Perhaps you are familiar with the fact that Biden will not re-nominate Bloom setting up what looks to be a game cha‚Ä¶ https://t.co/kJuEWcxRQK
@christina_bobb @OANN I'm not shocked...at 3:45 WI flipped from Trump to Biden in seconds! Stop the damn steal!
Major newspaper admits the media is being dishonestly unfair to President Biden https://t.co/0i1FHr2ttE via @PalmerReport
"GOP senators say they believe House will take up anti-vaccine mandate bill, force Biden veto https://t.co/KimDjqWaLK @FoxNews"
Republican Banking Committee Members Blast Biden's 'Radical' Nominee https://t.co/HWoXmSeP33 @DailySignal
Not to mention the rogues gallery of war criminals and their enablers who have their prize winning noted on their W‚Ä¶ https://t.co/HIPeDyO2Nt
"@SenRonJohnson Seems like this Biden administration is entitled to lie, cheat and cause chaos with no responsibilit‚Ä¶ https://t.co/Ss2dQMe6dK"
"President #Biden will direct federal agencies to spend billions on #electriccars, clean #electricity, and upgraded‚Ä¶ https://t.co/ahvIIcdUfx"
@HarveytheHaint More people have died because of COVID during @JoeBiden than during Trump. Biden has made everything worse.
"@mama_woj @JeffAdams82 @NBCNews Not only that, didn't Biden pull out of the Afghanistan forever war? How is that wa‚Ä¶ https://t.co/vsfuWHgtxK"
"Let's say, you come w/a good idea and then DON'T tie it to some flimsy, less than nothing, ill-founded gripe about‚Ä¶ https://t.co/aQvNIHD4as"
White House says Biden 'preparing for all contingencies' if Russia invades Ukraine https://t.co/tgvndoIXMZ @FoxNews
SI Filings - 'Genocide Games': reactions to Biden's boycott of Beijing Olympics https://t.co/wpv4PxXMss
"US needs to work with China, Mexico 'much more aggressively' to stop fentanyl flow: Portman on opioid crisis‚Ä¶ https://t.co/qCleOm2ZqS"
Biden v. Putin: The Ukraine Cage Fight https://t.co/N7PTQY3SMS  Bumbling Biden and the racist democrats
The order directs that government buildings use 100% carbon pollution-free electricity by 2030   https://t.co/EfYjVlNmWN
@ScottWalker @Reince So what you're saying is that Biden should send more mean tweets?
Judge blocks Biden‚Äôs vaccine mandate for federal contractors  https://t.co/iHs4zoPXNW
"Many are bored with Biden because he isn‚Äôt a performing clown like TFG! Share this, it may help!‚Ä¶ https://t.co/QgUymU2B1P"
There is NO Such Thing as Build Back Better Under Biden/Harris Admin! It is More Like Build Back Broke!  #FJBiden https://t.co/C32LDaxD3i
Regardless of the outcome. Regardless of what you or I think about Biden and his policies.  Consulting with major a‚Ä¶ https://t.co/3VhCzzuqBk
Biden's Export-Import Bank nominee's strong pro-China ties cast doubt on her confirmation https://t.co/IJYIMtqYvb @FoxNews
@SendAliensToMe @Jack_Forge13 @AJDelgado13 @nytimes Since you don‚Äôt want to read her 71 page paper (understandable)‚Ä¶ https://t.co/U36S78AWaA
Climate can't wait: Biden must use his power to end new fossil fuel leasing https://t.co/gJ87o1mRAe
"Republicans ready new push to defund, repeal Biden vaccine and testing policies https://t.co/gy3kp66Y4h via @Yahoo"
Official Calls Energy 'The Cash Cow That Enables' Putin ...Biden Waived Nord Stream Sanctions https://t.co/uN2bUn4khF @weaselzippers
"@BeingJWood Hell, you won‚Äôt even hear about it in the mainstream news!  It might make Biden look good."
@Wicomico_Jared @Redistrict Because its a Biden+.4 district
@Redistrict Still a Biden district
.@DougJBalloon: Here's Why the Finland PM's 4am Clubbing Scandal Is Bad News for Biden and Dems' Midterm Hopes
How did #ChildCare become the most broken business in America? And can we fix it before providers are forced to clo‚Ä¶ https://t.co/oGdeNug5bw
Joe Biden Revamps Infrastructure Messaging with 'Build a Better America' https://t.co/TEwcLOxYDN @BreitbartNews
@fake_biden Jesus?
"Thanks to President Biden‚Äôs actions and quick thinking, gas prices across the country continue to drop. Thank you P‚Ä¶ https://t.co/LsgFQ17lec"
@bailey_melvin @davidfrum Or ask HUNTER FUCKING BIDEN.  1 + 1 = 2
@ABC Stop it! Stop sharing material that is too early to be valuable! Stop all hysteria! We are in a constitutional‚Ä¶ https://t.co/DMeYpwWZad
@MikeDiaz285 Russia's gearing up for a full invasion of Ukraine and Biden just keeps making a fool out of himself.‚Ä¶ https://t.co/y14nRJUCJS
@fake_biden Okay üò≥ https://t.co/DY6Bp7usIV
@TheAtlantic @anneapplebaum We are in a constitutional crisis here. Support #Democracy #Biden #Democrats üî¥Stop nega‚Ä¶ https://t.co/pqjjrvBOPp
@TheAtlantic @russellberman Share every little bit of positive news about: #Biden #Democrats üî¥Stop negative coverag‚Ä¶ https://t.co/vpZLVFlSUN
biden why did I just get an email that I‚Äôm gonna have to start paying my student loans ü§î are we not still in a pand‚Ä¶ https://t.co/K6N4PW8l3o
"@washingtonpost Share every little bit of positive news -- and, there is plenty! We are in a constitutional crisis‚Ä¶ https://t.co/UNxYX0TgRi"
"@washingtonpost Share every little bit of positive news -- and, there is plenty! We are in a constitutional crisis‚Ä¶ https://t.co/bOwNM5bOij"
@washingtonpost @abhabhattarai @lreiley @JeanneWhalen @TwitterSpaces @hcjewell Share every little bit of positive n‚Ä¶ https://t.co/fYUvoU2Y1J
@washingtonpost We are in a constitutional crisis here. Support #Democracy #Biden #Democrats üî¥Stop negative coverag‚Ä¶ https://t.co/U1QeYc35nc
@OurUnitedLeft @PatTheBerner We are in a constitutional crisis here. Support #Democracy #Biden #Democrats üî¥Stop neg‚Ä¶ https://t.co/3wCuLXbqxc
@mike_maric @MartinBrampton @Anna98831 @ianbrow97534170 @Royalacresrod @Marisazayas1 @JsharkJill @PaulAtBillabong‚Ä¶ https://t.co/fO6agPHrjS
@nytimes We are in a constitutional crisis here. Support #Democracy #Biden #Democrats üî¥Stop negative coverage of‚Ä¶ https://t.co/XNgdbUk3zI
A federal judge on Tuesday blocked President Joe Biden‚Äôs administration from enforcing a COVID-19 vaccine mandate f‚Ä¶ https://t.co/RhbbQmrA9l
"Pam, my friend, you are absolutely right. And the Dem congressional leadership are abetting it. The Biden Admin app‚Ä¶ https://t.co/kKbqDWaZ6q"
@MichaelPaulson @nytimes Meanwhile... We are in a constitutional crisis here. Support #Democracy #Biden #Democrats‚Ä¶ https://t.co/IzviEz05gK
"@RepGallagher Yeah, we know that trump screwed up our standing as a world leader. It's going to take some deft dipl‚Ä¶ https://t.co/J707C5cTmi"
Sen. Ted Cruz points to what Biden &amp; Kerry are ignoring 'so they can pursue their radical green agenda' https://t.co/9CbqmLnpdC @TwitchyTeam
@AnnieGrayerCNN @ZcohenCNN Excellent. Prosecute them all.  We are in a constitutional crisis here. Support‚Ä¶ https://t.co/itZgYMekVp
@mkraju @AnnieGrayerCNN Nor will I!  #Democracy is on the line. Tell the media: Support #Democracy #Biden‚Ä¶ https://t.co/EJKRd4EKwR
"Reps. Jamaal Bowman (D-NY), Barbara Lee (D-CA) and Earl Blumenauer (D-OR) sent President Joe Biden a letter to ‚Äúurg‚Ä¶ https://t.co/hVbzvjf2u0"
"@AnnieGrayerCNN @chrislhayes Meanwhile, #Democracy is on the line. Tell the media: Support #Democracy #Biden‚Ä¶ https://t.co/yPBvab8pCv"
"@kevrector @chrislhayes Meanwhile, #Democracy is on the line. Tell your bosses &amp; your peers: Support #Democracy‚Ä¶ https://t.co/j77yBCBZpB"
"Vaccine Mandate Would Add to Staffing Woes, Florida Restaurateur Says https://t.co/ISgOwCD1Ep @DailySignal"
@MSNBC @maddow @MaddowBlog Tell your bosses &amp; your peers: Support #Democracy #Biden #Democrats  Stop with the drama‚Ä¶ https://t.co/z3Y2gQ7v3H
@MSNBC Support #Democracy #Biden #Democrats  Stop with the drama. We are in a constitutional crisis here. #Drama qu‚Ä¶ https://t.co/0umrnKM00G
@MSNBC Support #Democracy #Democrats #Biden  Stop all drama.  Why? Because the media earn their living being #Drama‚Ä¶ https://t.co/td0kGVd3UG
A federal judge on Tuesday blocked President Joe Biden‚Äôs administration from enforcing a COVID-19 vaccine mandate f‚Ä¶ https://t.co/SLK9Pi87Vy
@CNNPolitics Support #Democracy and stop with the drama. Why? Because the media earn their living being #Drama quee‚Ä¶ https://t.co/c2JvPRyc4l
@RepGallagher And if we bring troops to Ukraine then you will say look Biden is a warmonger. Regardless what he doe‚Ä¶ https://t.co/gpyUtFqmhG
"@CNN And, the harms that the media bring...  Because the media earn their living being #Drama queens - and, kings.‚Ä¶ https://t.co/Si046NXmGD"
"@softwaredev73 @YourFriend_Nico @FrankLuntz I think a lot of them voted for Biden in 2020, but I can't be sure."
"@CNN We need heroes for #Democracy  Why? Because the media earn their living being #Drama queens - and, kings. üî¥Sto‚Ä¶ https://t.co/CKFb1LD67y"
Unpopular: Newly-Revamped WSJ Poll Packed with Bleak News for Biden and Democrats https://t.co/mJnmf3B855 @townhallcom
Russia Ukraine: Sending US troops not on table - ‚Å¶@POTUS‚Å© Biden https://t.co/EmPjvZpLi9
"Biden orders federal agencies to cut greenhouse gas emissions, by expanding electric vehicle fleet - The Washington‚Ä¶ https://t.co/QlY07J5e42"
@nahlikcj I think Joe Biden would be the best clubbing buddy. I also thoroughly believe he‚Äôd be able to stay up later than me.
"@cnni Listen up. Why? Why? Because the media earn their living being #Drama queens - and, kings. üî¥Stop it now. https://t.co/Aj4fAyPgmf"
@cnni Meanwhile...  Why? Why? Because the media earn their living being #Drama queens and kings. üî¥Stop it now. https://t.co/Aj4fAyPgmf
"@cnni On another front: Why? Why? Because the media earn their living being #Drama queens - and, kings. üî¥Stop it no‚Ä¶ https://t.co/OPARDgnXG4"
"Why? Why? Because the media earn their living being #Drama queens - and, kings.  https://t.co/Aj4fAyPgmf"
"Listen, there are some people pretty upset about this, but I‚Äôm sitting here laughing at idea of Joe Biden clubbing‚Ä¶ https://t.co/T9JhZQhEOg"
Montana‚Äôs Jon Tester to vote with U.S. Senate GOP to undo Biden vaccine rule #COVID19 #VaccineMandate‚Ä¶ https://t.co/4Ou3hIN3wJ
@PhillyInquirer @JacquiHeinrich @angrygrammarian Probably the same ones that DO call Jill Biden Dr.
A federal judge on Tuesday blocked President Joe Biden‚Äôs administration from enforcing a COVID-19 vaccine mandate f‚Ä¶ https://t.co/nNH9msCeg4
Schumer's Senate to Nullify Biden's Vaccine Mandate on Large Employers https://t.co/mFnHR1pZVT @BreitbartNews
Biden Administration Unveils Plan to Focus on 'Prosecutions of Criminal Misuses of Cryptocurrency' ‚Äì Regulation Bit‚Ä¶ https://t.co/01vaplmADu
@ClearlyJane Faux news be like communist Biden with BLM and Antifa stage attack on Christmas.
Senate Confirms Biden's Radical Border Crisis-Denying Nominee to Lead CBP https://t.co/jVvcVhw4yF @townhallcom
@DrewSav He'd probs have a better showing than Biden in the RGV aswell which would be pretty good for the dems as t‚Ä¶ https://t.co/OiIlfWFUZM
"‚ÄúI‚Äôm not crazy about mandates,‚Äù Tester told a reporter for NBC News on Tuesday. https://t.co/D1mXTG22S4"
A federal judge on Tuesday blocked President Joe Biden‚Äôs administration from enforcing a COVID-19 vaccine mandate f‚Ä¶ https://t.co/bs0E07Xzim
"@realLizUSA 81 million votes were cast for Biden or against Trump, but the total still comes out the same."
Cats out of the bag now finish your homework go back 500 years ago last names Biden bush clinton Obama oh go even f‚Ä¶ https://t.co/vJTjV96DgA
please sign: https://t.co/YyO9UPveBN
"Former VP Biden adviser mocks Meghan McCain for being upset about FNC Christmas tree, then tattles on her for 'insu‚Ä¶ https://t.co/ZH2lNy3JN0"
@thebarryabrams @wojespn Making Anthony Fauci and Joe Biden happy that's it
@SenTedCruz You're blaming Biden for low wages? Wouldn't that be an issue for employers to resolve? Or maybe the mi‚Ä¶ https://t.co/WnzkId1nEd
@joncoopertweets History is written by the victors.  Allowing the filibuster to remain as powerful as it is on Bide‚Ä¶ https://t.co/qkJdBGJ74Y
@onbehalffools @gatofuzzz @catturd2 Then why did Biden cut supply?
Salute Commander Chavez your sincere words from the heart are felt You are a pillar of light your visionary dreams‚Ä¶ https://t.co/fx4eLI7WUd
National Security Adviser Says Biden's History Of Broken Promises Has No Effect On Credibility Or Emboldens Enemies‚Ä¶ https://t.co/jGlDSmhPsf
FACT SHEET: Biden-Harris Administration Announces Reforms to Increase Equity and Level the Playing Field for Unders‚Ä¶ https://t.co/zRvaUepPHj
@LaCrosseTribune Glad to see that you are not covering up Biden's inflation. :o)
"Another huge Biden foreign policy blunder. If this doesn't give Russia the green light to attack Ukraine, I don't k‚Ä¶ https://t.co/FIwb9nkrNB"
"Biden is Trump, but with less hilariously-awful tweets"
@CarolJSisson @MeghanMcCain More people have died under Biden from Covid.
Top Democrat Governor: Biden's Vaccine Mandate is Causing Problems https://t.co/NvDVtICyI2 @townhallcom
Russia expects urgent Ukraine talks with US after Biden-Putin summit https://t.co/ROJswwlkYs Andrew Roth  in Moscow  https://t.co/82CkpNttqE
@dick_nixon More important than what the Chinese think of Biden personally is what they think of the United States.‚Ä¶ https://t.co/PRpettBb9d
@tniknod They don‚Äôt even understand people not them well enough to do that though if they think ‚ÄòFuck Joe Biden‚Äô is gonna accomplish it.
@nicknak2016 @fake_biden Fox News will do anything for ratings
**OF IMPORTANCE TO SMALL BUSINESSES - FACT SHEET: Biden-Harris Administration Announces Reforms to Increase Equity‚Ä¶ https://t.co/Q54Ucv1V4J
@pilitobar46 @PressSec Biden supports illegals OVER American taxpaying citizens.
"Breaking News : REPUBLICANS LOSE THEIR MIND...Biden tells Ukraine that ""the United States has their back, but we're‚Ä¶ https://t.co/cjBfCh9pbp"
"Who exactly gets to decide what is ""health misinformation""? The Milwaukee County Board? Tony Evers? The CDC? The Wo‚Ä¶ https://t.co/79HH0ukSkH"
"@realLizUSA No that is wrong. Biden got 82 million votes, 10 million more than Trump. How humiliating the biggest b‚Ä¶ https://t.co/NQLtltnYpA"
@1973salvador @DanPriceSeattle Why wouldn't Biden cut it then?
Nolte: Only 39% Prefer Biden's Pandemic Management Over Trump's https://t.co/5KNlFQEeHb @BreitbartNews
Biden supporters are worse than maga https://t.co/rqrEaiWQFc
"@AdamKinzinger They aint even hiding it anymore. Theyd rather see Russia succeed and Biden fail, no matter the consequences"
"""In all likelihood"" is the tell here, the purpose &amp; the ongoing problem. Pr(widespread fraud &amp; Biden losing WI) is‚Ä¶ https://t.co/kCblaMFoq5"
@KateSullivanDC Rare Biden W
"Trump, please donut run, America is doing much better since you lost.  In addition many lives have been saved with‚Ä¶ https://t.co/SjX6oWY91F"
Senator Kennedy Takes Biden to Task Following Meeting with Putin https://t.co/PLAQX4vG8m @townhallcom
"Just say ‚ÄòFuck Joe Biden‚Äô. It‚Äôs fine. I voted for him, will do so again, and I say it three times before I eat brea‚Ä¶ https://t.co/VkxQGSYS8L"
Biden‚Äôs Supreme Court commission releases final report https://t.co/mJ6a4y1VH3 #LegalNews #wisconsin
Judge blocks Biden vaccine mandate for federal contractors https://t.co/bN6LAVtqw9 #LegalNews #wisconsin
"@JayWeber3 Yes, this from a guy who supports the cult of people driving around with ""Fuck Biden"" flags."
@klemn5 @svdate @MollyJongFast Biden literally was on camera not wearing a mask so.
This is some of the most predictable shit that has ever happened. Republicans pass something they know won't get ap‚Ä¶ https://t.co/sIaJlJaXIa
@svdate @MollyJongFast Biden is still not wearing a mask. üòÇ
Does anyone believe that Putin is concerned over Biden‚Äôs threats?
@tomspettigue @vtc123 @revrrlewis Biden‚Äôs still not wearing a mask. üòÇ
‚ÄòBeyond despicable‚Äô: MSNBC's Morning Joe rains hell on GOP senator‚Äôs ‚Äòhateful‚Äô questions for Biden nominee https://t.co/DpUtX4ppzH
As @SenSchumer strives to get President Biden‚Äôs Build Back Better package and other legislation passed by the Senat‚Ä¶ https://t.co/m4qYPGiJc2
Wondering if Omicron could have been avoided had Joe Biden and the FDA released the patent data for manufacturing t‚Ä¶ https://t.co/jFxzyZvcaE
@JohnMur69 @EricHammelBooks @Variety @FoxNews The Biden admin just reinstated that policy. Not sure the Left knows that though.
@suramericalibre Biden truly isnt running America the waring Israelites of Israel are running The Whitehouse presidency I share Truth.
The Biden economy is booming https://t.co/RzLf2o78Hp
Go ahead and keep killing Americans GOP and Manchin. Geez! https://t.co/w4jErDdAEM
"@jrberg3 @jonathanchait No, they weren't.  The vaccine wasn't available for all adults until April 19, after Biden moved up that date."
Russia made biden shut down our pipelines .!!!! https://t.co/thuO4qyahf
"ABC, states persuade judge to block Biden vaccine mandate for federal contractors https://t.co/5DUv8KhDzP"
Katie Pavlich sets NY Times straight about Biden nominee 'Republicans painted as a communist' https://t.co/Zosk2p2oAg @TwitchyTeam
@JJS4Tweet This is a huge win for the American people and our oil and gas companies and the entire banking communit‚Ä¶ https://t.co/NT8rGUr3HI
Report: Hundreds of Criminal Illegal Immigrants Apprehended at Southern Border Since October 1 https://t.co/b7a1PQqYnP @townhallcom
@MarkOfTheRedX @MollyJongFast It‚Äôs literally why Biden‚Äôs numbers are cratering. https://t.co/0g3tK6oxSX
That's an INSANE thing to write in a book for children. If that was in a book in China Joe Biden would be on TV snot-bubble crying lmao.
Joy Behar and Whoopi Goldberg Claim the Media is Too Tough on Joe Biden - https://t.co/mc1daAeygh https://t.co/9P2A2mf5er @LifeNewsHQ
@undeadscribe Cgi Biden is unsettling.
Biden Falsely Claims His Failed Bank Regulator Was 'Personally Attacked' https://t.co/Cp5PC75J55 @townhallcom
Pastor Slams Joe Biden on Abortion: 'This is the Ungodliest Presidential Administration in History' -‚Ä¶ https://t.co/J9SOtZP66h
@Anna98831 @ianbrow97534170 @Royalacresrod @Marisazayas1 @JsharkJill @PaulAtBillabong @mike_maric @johnson_wrjohn1‚Ä¶ https://t.co/iEITTPubbs
@carlquintanilla @Reuters All thanks to THE BIDEN ADMINISTRATION AND THE DEMOCRATS!!!
Biden's inflation is a hidden tax on wage growth https://t.co/7cceuHS7Ca
@ABC Biden's America.
"President Joe Biden is visiting Kansas City, Missouri, on Wednesday to tout the benefits for Americans of his new i‚Ä¶ https://t.co/NiMwwGBGPp"
"@MarkSpa15541436 @POTUS @TheJusticeDept @chuckschumer @SpeakerPelosi So, you‚Äôre blaming Biden, giving Republicans t‚Ä¶ https://t.co/BfjR45gVNT"
@James_Snyder_85 @Dc4312 @jimcramer Also campaign donations do not go to the govt. They go to the person who they a‚Ä¶ https://t.co/fTNph94ZQY
@MarkSpa15541436 @POTUS @TheJusticeDept @chuckschumer @SpeakerPelosi You know this is up to the DOJ correct  Or do‚Ä¶ https://t.co/evzBDNrcWD
"@Riskeeone1 @odorous_boho 2 tiered justice system, you don‚Äôt know if Gaetz or Biden will or won‚Äôt be charged. Trump‚Ä¶ https://t.co/Dj36nE7abC"
"Trump and Biden can hardly make coherent sentences, and the only purpose of the collapsing American Empire is to en‚Ä¶ https://t.co/ihuHbegAPQ"
@Yoyo01387585 @fake_biden I thought so too.
@English_Slav @data_lore @PressSec TFG who sent more COVID aid to more people than Biden and the Democrats? Biden‚Äôs‚Ä¶ https://t.co/LGRqGtUXNU
@thehill @SenTedCruz Who was in office when Nord Stream 2 started? Why do you place blame on Biden for this yet nev‚Ä¶ https://t.co/tTxcRXIydj
"Sen. Cruz: Biden 'Surrendered To Russia' On Nord Stream 2, Another 'Foreign Policy Disaster'... https://t.co/Tfb7JHXh1v @weaselzippers"
"@WalshFreedom ""Biden is a weak president."" *Biden takes a stand against Russia* ""Ok, actually the authoritarian dic‚Ä¶ https://t.co/a63iUfZqQ2"
@RNCResearch @tedcruz So you're mad Biden let Putin have something but you weren't outraged when Putin owned Trump for 4 years?
@kschultz107 @RepFitzgerald üëçüëçüëçüëçüëç how many billions of taxpayer dollars is Biden giving BIG Pharma?
@ArtfulDodger44 @thejmills @RandomT92987814 @revrrlewis @MollyJongFast It‚Äôs literally not the same. You just prove‚Ä¶ https://t.co/W2sPZkxYOu
Biden Tells Putin Where to Shove His ‚ÄòRed Lines‚Äô https://t.co/33yPdSutFa via @thedailybeast
Senate Dems launch last-ditch effort to change the rules of the chamber https://t.co/9vkKedIRJ9 via @politico
@fake_biden It's beautiful.
Biden's Surgeon General: Youth Facing Pandemic Mental Health Issues https://t.co/g3O0ME5mnw @BreitbartNews
White House Threatens to Veto Senate Effort to Nullify Joe Biden Coronavirus Vaccine Mandate https://t.co/YMhWXINgWt @BreitbartNews
"What is this #LetsGoBrandon bullshit?! Stop being cowards and just say ""Fuck Biden,"" because...fuck Biden...but fuck Trump WAY more!!"
Biden orders media to fall into line: White House holds secret meetings with news organizations to demand better pu‚Ä¶ https://t.co/SDVBGbCV0J
@jimsciutto Next up.  Everyone else on Fox News criticizing Biden for being week on Russia and Putin.  Three weeks‚Ä¶ https://t.co/sGKwqzFeFb
"A lot less, because, once again, no one in the Biden administration is actually doing this, no one in D Congression‚Ä¶ https://t.co/z9zPw5ydQF"
Did Biden Really 'Look Putin in the Eye' on Video Call Yesterday? Biden's Actions to Date Have Helped Russia‚Ä¶ https://t.co/LPymh2h03U
@SteveRattner @JoeBiden So compared to a country which literally has concentration camps Biden is doing okay? Good to know I guess? üòÇüòÇüòÇ
"Gov. Whitmer says President Biden's COVID-19 vaccine mandate a 'problem,' report says https://t.co/SoSx5ImL9e via @Yahoo"
Biden Praises Withdrawn Nominee Who Wanted Socialized Bank Accounts https://t.co/zwoc94uXNg @FDRLST
So who gets the blame? FBI? ANTIFA? Hunter Biden? Lizard People? Madam Vice President? Bill Gates? Or China? https://t.co/hobl7QDcyI
@fake_biden nobody gives a shit what you think!
"Tucker Carlson sided with Putin over Ukraine, saying Biden is wrong to try to stop a Russian invasion https://t.co/FkzlSElJaT"
"Hey Trump, you lost the lawsuit, so what? Let Biden have his moment in the Whitehouse it's not that big of deal. Ju‚Ä¶ https://t.co/6Xk0bAqVZQ"
"NY Times slammed for claim that Republicans attacked left-wing Biden nominee because of birthplace, not views  https://t.co/FvmjQKYAKh"
$900 tax credit for purchasing an e-bike. $35 cap on insulin costs. Here are some of the lesser-known provisions in‚Ä¶ https://t.co/9F0QeeIMtA
"@jnorcr WI GOP tells us they are sticking it to Biden, but all they are doing is hurting veterans and the rest of u‚Ä¶ https://t.co/ZNvIyKsQps"
@fake_biden @ScottMStedman Is it just me....or does it look like Jesus is in the flames at the top of the tree?
Biden Administration rejects @WisGOP plan to give extra funds to districts that did not close classrooms‚Ä¶ https://t.co/BkVsCsXRJf
"@JoeGuzzardi19 @NumbersUSA Biden is spending your tax dollars by the $Billions on illegal aliens. Free hotels, free‚Ä¶ https://t.co/pUyq0MmuHd"
Why Joe ?? Why ?? They are not our allies !!! https://t.co/GnS4nifGCc
@JoeGuzzardi19 @NumbersUSA Republican Governors: If Biden has flown illegal aliens into your state in the middle of‚Ä¶ https://t.co/R1UAw7dnSJ
@borderObserver @NumbersUSA @EagleEdMartin @BensmanTodd @ANTHONYBLOGAN @BenBergquam @fleccas @RaheemKassam Republic‚Ä¶ https://t.co/90eR2DSeYA
"It is still unclear whether Russian President Vladimir Putin has made the decision to invade, US officials stressed‚Ä¶ https://t.co/Biq1lmZOJQ"
"@sportsgeek19 @Suzanne32773875 @therecount No, no mistake corrupt Biden regime is the problem"
******WAR WITH RUSSIAN SOON?*******PRESIDENT BIDEN WANTS TO HAND OUT AMERICAN FLAGS TO DEAD SOLDIERS' FAMILIES...TH‚Ä¶ https://t.co/sKHWexvPS0
President  Biden! In your quest to be admired by your detached from reality administration. Remember the consequenc‚Ä¶ https://t.co/3YP3O4etMq
Judge blocks Biden vaccine mandate for federal contractors in all states https://t.co/deQaFeBl43
@tedcruz More deportations and arrests under Biden than Trump. Try not lying.
"I just talked to a woman who just returned to Canada from the Ukraine, and she told me that thousands of Europeans‚Ä¶ https://t.co/t5x8lx1bPp"
A nationwide injunction from a federal court blocks the Biden administration from enforcing its vaccination mandate‚Ä¶ https://t.co/OJhUdWlctB
"Yes, of course he will. And then they will impeach Biden and Harris on completely fabricated nonsense that will be‚Ä¶ https://t.co/vlhMnHh2z4"
Biden Supreme Court commission votes to send president report taking 'no position' on court-packing  https://t.co/uSm8jBJC8o
State legislative dominance in federal funds allocation is bad. It was also relatively uncommon until the 1980s.   https://t.co/lb0iD8rXc9
@atrupar Check out Biden‚Äôs polling from his Afghan removal.
"Kinda funny that Biden's whole pitch for being president was ""I will get covid under control"" and now our national‚Ä¶ https://t.co/LeXah3ArTl"
"Republicans force another Biden nominee ‚Äì another woman ‚Äì to withdraw, after calling her a ‚Äòcommunist‚Äô https://t.co/kxmDSTE7Mh"
"@Tina3Tina3 @StephenMoore So, then you agree that the American economy is growing under Biden. People are getting b‚Ä¶ https://t.co/tangiSeT1b"
@fake_biden I absolutely know you get it
Biden's media coverage misses the threat to democracy from the GOP https://t.co/FSzhiFBJS8
@fake_biden I get it.  It‚Äôs the children and the message
"Froomkin: ""Press coverage of Biden - a basically normal president - has been even more negative than it was of Trum‚Ä¶ https://t.co/nCpdOV20G4"
Federal judge blocks Biden's vaccine mandate for federal contractors https://t.co/sPtTTqmZuS
Biden has privately told advisers that he doesn't want his presidency to be consumed by investigations of his prede‚Ä¶ https://t.co/IoK0qNai5s
Biden‚Äôs Supreme Court Reform Commission Gives Court-Packing Two Thumbs Down https://t.co/UZQt4fS50K Follow @newrepublic
"@ScottMStedman So who will Fox blame, Antifa, BLM, Hillary? You know all the Democratic boogeymen. Maybe President‚Ä¶ https://t.co/tSPKt5xQth"
The #GOP is disgusting and morally bankrupt.  Biden's pick to become a key banking regulator withdraws after ugly n‚Ä¶ https://t.co/9uMNXAqL37
Biden‚Äôs DOJ Can‚Äôt Fight Voter Suppression on Its Own https://t.co/Q5XbZ2LafY via @VanityFair
"@Kevinliptakcnn ""Biden seizes the chance"" lol"
@andrew_amarone Idk what you mean by ‚Äúmoney to bureaucrats‚Äù when it comes to infrastructure? Ya I‚Äôm sure some of it‚Ä¶ https://t.co/JY6L2viRsR
"Here is today‚Äôs @ForeignPolicy brief: Olaf Scholz becomes Germany‚Äôs new chancellor, Biden warns Putin on Ukraine in‚Ä¶ https://t.co/9ZTV8uJBn3"
@thomaskaine5 @openpodbaydoor_ And he and the DOJ deserve that reputation. What a disgrace. What a failure of justi‚Ä¶ https://t.co/wT9lvRTgW9
"Fox Christmas Tree burned down by a Biden voter I assume - this crime epidemic is out of control, but Biden has to‚Ä¶ https://t.co/9SEmn7eGQz"
And then it was done.  Congrats to the Senators who stood up to a clear danger to the American economy. https://t.co/3cp4b5berr
At least it's a start.  Biden's Supreme Court commission submits report on reforms https://t.co/Eh4tnQnmR7
- Pres. Biden and Putin hold virtual summit over Ukraine - The latest news on Aaron Rodgers  - Weather updates on s‚Ä¶ https://t.co/BDl8YM7H6p
@CristianTerhes @vonderleyen https://t.co/r7e4jPCGvQ.  The court said President Joe Biden likely exceeded his autho‚Ä¶ https://t.co/K4yZKcHXq4
"It makes me crazy when conservatives say after 2022, they'll reverse all of Biden's insanity.   WAKE UP PEOPLE! Rep‚Ä¶ https://t.co/qk4xr9vCVU"
"@KPCroix88 @bennyjohnson @PressSec The email with that line in was dated 2017,when Joe Biden (if that is even who w‚Ä¶ https://t.co/JgZp0SabEJ"
"Face to face for over two hours, President Joe Biden and Russia's Vladimir Putin have squared off in a secure video‚Ä¶ https://t.co/TqIANErQbh"
"@ElleDiablo666 @FoxNews I agree in this regard, the polls are Biden negative, Biden wants to use the media to chang‚Ä¶ https://t.co/kWqfNZ9PEx"
@TatAtfender @IanBrzezinski @WhiteHouse @POTUS He will consider like Afganistan. Biden has a lot of bad memories ab‚Ä¶ https://t.co/0e2Q7hOLGY
******PRESIDENT JOE BIDEN VS. PRESIDENT VLADIMIR PUTIN******WAR WITH RUSSIA SOON OVER UKRAINE?******PREPARE TO DIE*‚Ä¶ https://t.co/xQYm1WmF9F
"Bette Midler: Trump IS the Devil, Should Be Arrested for Attempted Murder of Joe Biden https://t.co/pehS8XpUB4 @fpmag"
"Biden nominates new chair for Postal Service Board, ousts DeJoy's allies https://t.co/DcibSkPeDJ"
The Joe Biden administration on Tuesday sanctioned Uganda‚Äôs military intelligence chief for human rights abuses ahe‚Ä¶ https://t.co/6yfRjByIQx
Joe Biden‚Äôs war to stack the executive branch with radicals just went hot after FCC nominee‚Äôs comments on Fox News https://t.co/ZAiiDnqaia
imagine Joe Biden falling over because the recoil knocked him on his ass or imagine queen Elizabeth just fighting in general
******FEDERAL JUDGES ARE BLOCKING PRESIDENT BIDEN AND HIS COVID-19 RELIGION*******IT'S GOING TO GET REAL REAL SOON.‚Ä¶ https://t.co/Mkzp3yMXKz
"Go to Hell, Bannon! https://t.co/EPNHZlHAuP"
I see that gas prices went down. This has GOT to be Biden‚Äôs fault. #thanksObama
What if Putin calls Biden's bluff...
"@andreagail_k @RayJoubert @nytimes Trump gave Ukraine weapons, and training to go along with them. Biden threatens‚Ä¶ https://t.co/4pZhfdaFRP"
"""It would be absolutely unacceptable to force 57 million senior citizens to pay $11.50 more a month in Medicare pre‚Ä¶ https://t.co/Ie4BxQjI9A"
OMG I just thought of this.    Joe Biden is just like Denethor Stewart of Gondor in Lord of the Rings.    A delusio‚Ä¶ https://t.co/OYBPkqGEwY
@AOC That and being 167 years old like Joe Biden.
China accused the United States of violating the Olympic spirit on Tuesday after the Biden administration announced‚Ä¶ https://t.co/5H9O1QP7tw
"""We are meting out punishment to those who need our compassion,"" warns Oscar Chac√≥n @ALIANZAAMERICAS‚Ä¶ https://t.co/rWAz0LcIYj"
Biden's pick to become a key banking regulator withdraws after ugly nomination fight - https://t.co/1DTB9zsAyW
"Seriously, again, @DanODonnellShow no one talking about Biden regime @potus jacking up Medicare Part A in-patient d‚Ä¶ https://t.co/5f1b0bZicT"
"Seriously, @DanODonnellShow why is no one talking about Biden IRS failing to adequate index tax brackets for inflat‚Ä¶ https://t.co/crWl1gia1N"
Not a lot of news about it but it sounds like one of #JoeBiden's #VaccineMandates was stopped by the courts. It was‚Ä¶ https://t.co/l5lMeB6c8i
@MSignorile Faux News: Biden in communist ploy‚Ä¶ insert bs here
Joe Manchin‚Äôs conflicts of interest:  @scottpwaldman‚Äôs reporting on all the money Manchin has made ‚Äî and is still m‚Ä¶ https://t.co/KW714ogurh
Mainstream Media wants Trump back because he was good for ratings and that's why their reporting on Biden is so cra‚Ä¶ https://t.co/j2u5saGYFt
The news in three sentences:  (1) Biden &amp; Putin spoke for two hours amid rising tensions between Russia &amp; Ukraine.‚Ä¶ https://t.co/6P9RHmHwqv
"""It's hard not to notice that the post-policy  GOP is offering plenty of complaints about  the White House's agenda‚Ä¶ https://t.co/dZ82dKYfs7"
üëç on @YouTube: Biden‚Äôs 2022 Olympics Diplomatic Boycott &amp; Mass Zoom Firings | The Daily Show https://t.co/sBxLidIOXY
"https://t.co/BNgu2gMImM @potus is in ""Vote him out"" territory or what?"
@DonaldJTrumpJr Biden:‚ÄùAnd you are?‚Äù
It's Official: Every Single One of Biden's COVID Vaccine Mandates Have Been Blocked Nationwide via @WestJournalism https://t.co/aFFS1jXn5a
"Denny‚Äôs and IHOP both closed early tonight (before 11). If this is Biden‚Äôs America, I don‚Äôt want to live in it any‚Ä¶ https://t.co/HmG5hpLvIc"
"Saule Omarova, Biden‚Äôs Bank Regulator Pick, Withdraws Nomination  - https://t.co/yWCe2VDLof"
@RonFilipkowski I‚Äôd rather have the government as my Doctor (especially Biden‚Äôs government) than an insurance compa‚Ä¶ https://t.co/CtIFTKPZkd
"Biden told Putin that 'things we did not do in 2014, we are prepared to do now' if Russia escalates in Ukraine, top‚Ä¶ https://t.co/JZvzDlhvsK"
"Paying a lot more for natural gas than i ever have, but Joe Biden said we have more money now than weve had in years!"
"@D0m1n8tor You are legit ignoring all the data lol, no doubt the GOP will win Biden+6 seats in 2022 but this ain't the one."
Joe Biden‚Äôs America. https://t.co/UJoTZAE9h5
@donlemon @Austan_Goolsbee @DonLemonTonight @CNN it must mean joe biden is the greatest president ever
"Biden pledged to forgive $10,000 in student loan debt. Here's what he's done so far https://t.co/RDQ7rA8gZP"
@MeghanMcCain False. Read the Biden transcript versus spewing your husband's far right radical political points. Yo‚Ä¶ https://t.co/urpYZMBvZV
"@tencor_7144 Yep, NM is Biden+6 https://t.co/HSxFS18ndE"
@JennaEllisEsq Anyone who is against Biden vaccine mandate is not a true AMERICAN  Vaccine is the only answer to ending this pandemic
Michigan Gov. Gretchen Whitmer says President Joe Biden‚Äôs vaccine mandate is a 'problem' (via ‚Å¶@freep‚Å©) https://t.co/bV4kx3IdyD
Trump's election lie falls flat again as right-wing Wisconsin group finds 'no evidence of widespread fraud' https://t.co/MF73HUNSDZ
Russia vows to continue consultations about Ukraine following Putin-Biden call https://t.co/qg3ImguOe2 @FoxNews
"@D0m1n8tor Herrell underperformed Trump by 5pts in 2020, it's more likely than not she'd lose in a Biden+6 Hispanic‚Ä¶ https://t.co/4cLvpZTXHe"
@Politics_Polls @WSJ What even are Biden‚Äôs proposals‚Ä¶.
@ChelleePea @cnnbrk Just because the border protection guy was a trump pick doesn‚Äôt mean he could go against Biden‚Äô‚Ä¶ https://t.co/wheMa5mJnH
Because they‚Äôre basically the same person but Biden uses rainbow stickers on his executive orders. https://t.co/w5ar6kUrKm
Biden admin scrambling to save controversial FCC nominee after Saule Omarova withdrawal https://t.co/59E0NScTMn #FoxBusiness
Biden‚Äôs controversial anti-crypto Comptroller nominee withdraws - https://t.co/XXsPke9bjo https://t.co/CMkC7LomM1
Biden Supreme Court commission votes to send president report taking 'no position' on court-packing https://t.co/BEPekAy04g #FoxNews
@PressSec The Biden admin is failing with Covid  End. Stop.  We all see it in front of our faces which is why your‚Ä¶ https://t.co/UNZKvU6FGM
"Dammit. The New York Times: Saule Omarova, Biden‚Äôs Pick for Key Banking Regulator, Backs Out. https://t.co/pgtDGr9KFn  via @GoogleNews"
@DTOG0001 Factoring how Biden's approval has sunk so low since I last updated probs it around 226R-209D
Biden Call With Putin Gets Awkward From The Start After President Applesauce Brains Forgets How To Use His Mic...‚Ä¶ https://t.co/v9KlSDeJjJ
".@benshapiro explains Fauci knows exactly what I‚Äôm talking about when I say he‚Äôs ""overhyping COVID.""   Dr. Fauci, t‚Ä¶ https://t.co/jwsnEFYh3L"
@Mariamne175 @TheLeadCNN @jaketapper @kaitlancollins @mchancecnn Oops you misspelled trump the last 4 yrs. Biden will be strict with Russia.
"@hans_zek The problem with that is because the coalition in NM-1st has changed so suddenly with ABQ suburbs, loweri‚Ä¶ https://t.co/WqWfzETGN3"
All three of Biden's broad vaccine mandates affecting the private sector have been put on hold by courts! üá∫üá∏ https://t.co/HFBYjnvlop
@Nguyen_anime3 @Sarah20hays @4_joc1 @Klee34036780 @chrisg409ubc @TrampInPCola @tallnblonde1 @lostandlovinit‚Ä¶ https://t.co/kpS9LvoKhQ
@MandHF The map is drawn in a way that if the state ever becomes competitive it defaults to the 2nd becoming much m‚Ä¶ https://t.co/0DMnhce7gC
Pro-Sanctuary Chief to Lead Biden's CBP as Illegal Immigration Skyrockets https://t.co/zeCZSTylcK @BreitbartNews
@TannerSorensen8 Shit must be. Biden president of a lot of countries then damn he got a lot on his plate
@Shay88313166 @thehill @JakeSullivan46 And biden had a lot of involvement in economics fault in Ukraine. This is payback
"President Biden and Democrats delivered *big* for Wisconsin by passing the Bipartisan Infrastructure Bill, grounded‚Ä¶ https://t.co/5fELz4WFtW"
"@Neckhammer1 @thehill @JakeSullivan46 No one care, because it came down to economics.And biden had a lot of involve‚Ä¶ https://t.co/JiDrjKDPSL"
NM-2 is a pretty impressive gerrymander as it barely moves right from 2016-2020 despite the Hispanic shifts. It goe‚Ä¶ https://t.co/EkflVCXtM7
"Does anyone think the Biden was afraid of. Ideas hollow threats?  Biden, Xi, knows he‚Äôs declined mental health and‚Ä¶ https://t.co/Csywx4lKTY"
"@Suzanne32773875 @therecount 2 words witch hunt, still hasn‚Äôt been charged and probably won‚Äôt. Maybe the DOJ should‚Ä¶ https://t.co/Bn1Z4ojw5W"
"The WH has declared that ""Pres Biden is committed to using every tool  in govt to produce more affordable housing s‚Ä¶ https://t.co/fybYH6PBUo"
@YWNReporter @jakejsullivan Biden: What's Nordstrom 2?
Big Tech CEOs Beg Biden: Let Silicon Valley Outsource More U.S. Jobs https://t.co/C2NaAJUkYq @BreitbartNews
Just another asswipe spreading the Big Lie https://t.co/vyZqOiQs2C
Oil &amp; gas expert SLAMS Biden‚Äôs energy moves: ‚ÄòBad from DAY ONE‚Äô https://t.co/L62maYJYj5 via @YouTube
"What should Americans expect from the Biden, Putin phone call? https://t.co/Efivzx9YIz via @YouTube"
Biden &amp; Putin Face Off on Ukraine + Mark Meadows Speaks Out | The Charli... https://t.co/2h1JXFzLp1 via @YouTube
"With Tuesday‚Äôs ruling, all three of Biden‚Äôs broad vaccine mandates affecting the private sector have been put on ho‚Ä¶ https://t.co/bS6QOYig1Q"
Polling Shows Abysmal Democratic Party Support for Biden Reelection - The Lid https://t.co/L7gkwMnvfe @yidwithlid
Biden Warns Putin He Will Be Tougher than Obama to Protect Ukraine https://t.co/IRicEeLFYo @BreitbartNews
Why is the Biden administration increasing the cost of building houses? : Planet Money : NPR https://t.co/mbvwzgIk2w
@thewarzonewire It's like Afghanistan pullout. Biden repeat himself. And US become like a Puppet stat.?
