"@tommyboy0690 They want to defund vaccine for the poor and working class, but they‚Äôll keep it for themselves. And m‚Ä¶ https://t.co/y7UR8WXlJK"
@AliceOllstein Anyone who's against getting rid of this fascist  vaccine mandate is a useful idiot... especially if‚Ä¶ https://t.co/QAZtAMTaLP
"@DevorguillaScot No, but my step-father has just died after multiple organ failure, swollen testicles, itchy rash a‚Ä¶ https://t.co/vGTwOFdXee"
@jrzygirlinfla @AliceOllstein Trump didn't impose a fascist vaccine mandate. If he did I'm sure you'd be up in arms‚Ä¶ https://t.co/JIOB0HFrX2
@foxnews u cant tell ppl not 2 vaccinate/mask/social distance althoug its a mandate in ur stations then say Biden c‚Ä¶ https://t.co/fYIO4pKHKa
"@markbishopuk @EmmaSayle Yet the ones that get the vaccine, are the ones filling the hospitals...  Hmmm...kind of c‚Ä¶ https://t.co/Kvr677KFx2"
"@Catchthewind7 @EmmaSayle Why?. The vaccine does nothing but make you an unsuspecting carrier....  So tell me, why‚Ä¶ https://t.co/ajZoDUdPMS"
"@TvKomodo Depends on the vaccine, I know that some vaccine needs to be taken a 3rd time"
@LisaAirey888 @tinaprink42 @newsmax It's not only politically motivated it's also being used to drive a wedge deepe‚Ä¶ https://t.co/oygKTAjnsC
"@AlistairHaimes @BellaWallerstei But the risk level modifies behaviour. If this was airborne Ebola, you wouldn‚Äôt need vaccine mandates."
"@guesta2001_a well, vaccine killed almost the same amount of people in greece, but no one cares."
"Pfizer, Big Pharma Ramp up Lobbying to Sink Law Aimed at Protecting Whistleblowers https://t.co/XO7lNmq9mD  step 2‚Ä¶ https://t.co/7egAF9ZtY9"
"@chrischul but we now its true! They dont care about how many people die from the vaccine, as long as they get their money."
"WELL the booster shot took me out for most of my weekend. Gotta go back to work tonight, so I'm just going to ride‚Ä¶ https://t.co/kPRJWxfh2D"
@duncancbaker  I was appalled to hear Boris Johnson suggested a national debate about vaccine mandates.  Coerced or‚Ä¶ https://t.co/ABn9IryfD1
"@Juliest101 I do wonder why this was leaked now, when we were not implementing vaccine passports etc like other cou‚Ä¶ https://t.co/hTmsvF0oLY"
Pfizer says three vaccine doses offer protection against Omicron via @FT  https://t.co/zT5EK5NR7O
Here We Go Again: Pfizer CEO Says Jab  https://t.co/xeAtSH8fZz
@jordanbpeterson Nothing to struggle to understand. Vaccine hasistants  are attention seekers. https://t.co/eRXKdHIj4I
@ruibdmoura @Vax2023 We live in a high trust society. Do you believe each person has critically thought about the g‚Ä¶ https://t.co/hQ9vVWuYwl
Senate Votes ‚ÄòYes‚Äò to Repeal Biden‚Äòs Federal Vaccine Mandate https://t.co/ns5laTMQDN via @BreitbartNews
@Stephengm99 @JulesCarmine @OrinCordus @pieterstreicher Yes. I think the first 3 waves each infected around 25% of‚Ä¶ https://t.co/p30BXGhF8A
"@Unusual_Times Is this aimed at me because I have nothing to do with vaccine production, I told Pfizer this month's ago"
@Buzios16 @Saskatoon_demon The so called vaccine is useless. The Government is ignoring the charter and trying to m‚Ä¶ https://t.co/RE2YoFASLt
"Omicron variant may be a 'live Covid vaccine', claims Vladimir Putin   Putin for PM please.  https://t.co/bPuGrkf6cD"
The vaccination process In KRG is down the drains. Don't force people to vaccine if you're gonna make it so difficult.
"I‚Äôm sorry, screw you all who say #DoNotComplyEVER , you are all dumb, not to say Boris is stupid and currupt but if‚Ä¶ https://t.co/FlMUOhiDfr"
@hrconfes Canada‚Äôs Vaccine Mandate May Be Expanded &amp; Even More People Will Have To Get Fully Vaxxed https://t.co/Nxn0peP75o #HR
@chrischirp This says 25 % neutralisation 3 months after booster -calling for vaccine adaptation in a following twe‚Ä¶ https://t.co/9lnbzxwzRA
Why would the Nuremberg code need to be suspended in order to enforce a vaccine?? #Fascism https://t.co/y6McM8AbBo
"They‚Äôre worried the vaccine doesn‚Äôt stop Omicron, so they‚Äôre forcing vaccine passports to stop it? #VaccinePassports https://t.co/HLebg5GgsR"
"@mettaseva @Ella4Dogs The answer (one) is really simple. It‚Äôs not about a virus, or a vaccine it all about the full‚Ä¶ https://t.co/EZmBrQPbDt"
"@TheOGpianoGeek Flu-shotted ,Covid-boostered and first dose of the Shingrex vaccine"
Petition: Don't offer covid-19 vaccine to 5-11 year olds until phase 3 trials complete https://t.co/Mnk7arDJoN
@dianamroland Have the same question üôãüèª‚Äç‚ôÄÔ∏è  Still not sure. https://t.co/g7K7qU1uuo
From @AnitaSreedhar &amp; @Anand_Gopal_. Profoundly heart-breaking &amp; soul-crushing &amp; other synonyms applicable to our f‚Ä¶ https://t.co/1q2aAhuztr
"Hey @wef - how many of you got the vaccine? And by vaccine, I mean the real thing, and not just a saline injection?‚Ä¶ https://t.co/vQKcG2rIK7"
@BL333uk Nice to see so many ‚ÄòVACCINE FREE‚Äô responders..
@LetaJane @NHS100K Stop the vaccine programs and watch the figures drop.
Boosters work. Get yours ASAP. https://t.co/cOcfM49paM
"Typical double standard behavior - one covid death is treated with fear and panic, but one vaccine death is treated with a shoulder shrug."
@TheNBACentral Please people before you shoot your big guns get your booster shot cause the flu is more deadly then lead.
@MVPMacJones Please before you start cheering get that booster shot... Football depends on it
We are warned...AGAIN!  States working against Federal agency recommendations and court challenges. We may get to s‚Ä¶ https://t.co/OjTpJ9z78Q
"@MunchPhd @Virg21Nicholls I guess you probably awesome don't know that according to a Harvard study, that only 1% o‚Ä¶ https://t.co/Ss564fK8YD"
@deusxmach1na @crazyjo43424351 @TifasWindmill @tesseract72 @InfoGuru16 @MichaelMacFTL @AngryFleas @jvangent1001‚Ä¶ https://t.co/htHbhak5pX
"@sanlam @Sanlam If you believe so strongly in the safety of the vaccine, then why not create a cheap insurance cove‚Ä¶ https://t.co/YqETnb5AcA"
"If someone doesn't want to wear a mask, i wouldn't have a problem. It's for their safety after all right? As long a‚Ä¶ https://t.co/YDYZRUGhJ3"
@UberFacts No vaccine needed for them either
"@eatsruns That's good. Do Covid passes provide a false sense of security though? Regardless of the vaccine, it's st‚Ä¶ https://t.co/GHdRqpKabg"
But Trust Us. Get vaxxed you infidels!     @NMDOH @GovMLG #nmpol   FDA Says It Now Needs 75 Years to Fully Release‚Ä¶ https://t.co/9OJgsnfieH
@king_davidjohn @GarretKramer Who started the opioid crisis? Phizer... Who made 500 billion 2020? Phizer... Who has‚Ä¶ https://t.co/tYezxA6DmG
@cnnbrk Looks like they are looking to collect more money üíµ  ‚Ä¶ Personally I lost the trust on vaccine providers as‚Ä¶ https://t.co/XXc2o8YIpL
@DavidJonesMP Good to hear. Mandating this vaccine is immoral.
"@king_davidjohn @GarretKramer Wake up guy. Your brainwashed by a corrupt government and banking system, who use the‚Ä¶ https://t.co/qdX1p0sB9d"
The sheeple in the comments. Pfizer cult is really strong. ü§°ü§°ü§° https://t.co/hvp4DF94ee
@vivarioarriba @ashtonpittman @bluefiddleguy Yes. Scroll down to demographics report. https://t.co/u0oLIjX8Dm  And‚Ä¶ https://t.co/JzXsKRFSoU
"The same data used to create the C O V I D ""vaccine"" could, was &amp; is likely being researched as to create a potenti‚Ä¶ https://t.co/7faMmxFVQ1"
Narrative of Illuminati and their agenda become falling apart day by day.  #FollowMyVibes  @pkkush64‚Ä¶ https://t.co/PLFynmr8en
#COVID-19 #coronavirus #omicron #variant partly evades #vaccine protection ...   | #SARSCOV2 | #mutant | #Pfizer |‚Ä¶ https://t.co/peYRttgjOj
From https://t.co/wKtrjvc9dL:  ‚ÄúWinter is a difficult time when our immunity is weaker. Getting the booster vaccine‚Ä¶ https://t.co/4A1uLYKfAp
"@MnguniSakhy @StephenGrootes @SAfmRadio @SABCNews True, journalists always invalidates actual experience of people‚Ä¶ https://t.co/BumBUnGMRO"
@savyrecords Orrrr just get a harmless vaccine
#B11529/#Omicron US Update: #MD #NJ #NY #NE #PA #UT #NY #CA #CO #MN #HI #MO #GA #WA #WI #LA #TX #CT #IL #MS #Fl.  7‚Ä¶ https://t.co/wh7gdExbvd
"@StephenGrootes @SAfmRadio Brian is correct Stephen, you always dismiss people with actual reactions to vaccine. You are not neutral at all"
We've taken enough crap from these Big Pharma/government vermin for too long.   Pfizer is lobbying to thwart whistl‚Ä¶ https://t.co/g1S7mWNPpn
@Karabo_Mokgoko Apparently government now pays influencers to scare people into taking the vaccine. https://t.co/I9KsllCGfj
@Mavijero_SA @Karabo_Mokgoko It sucks when children are born to ignorant parents who will send them to vaccine tria‚Ä¶ https://t.co/70d2ST2qC1
Article: https://t.co/pmYNVT3QN6 https://t.co/kPhQqHTYS2
@RED @BankofAmerica Ask Moderna. They made $30 billion
Got my booster shot today.  Still not looking forward to Christmas with extended family. There are a few I don't en‚Ä¶ https://t.co/ATYfBGQwSe
@LindseyGrahamSC Please cite where in the Constitution it states that vaccine mandates are unconstitutional. This i‚Ä¶ https://t.co/KVsLQNCS05
@BobsDog4 @SeptRose70 @JimlikesBB @JonRFleming @crazyjo43424351 @jvangent1001 @TomDoubting @CChampion_Z06‚Ä¶ https://t.co/HcXYAzwfsC
Mounting evidence highlights the importance of Covid-19 boosters - CNN https://t.co/YcdU1bGag6
Facts! I live in a small community of 100 peeps pretty much every one knows everyone. I now know more people who ha‚Ä¶ https://t.co/ipTr3YF6K6
@BobsDog4 @SeptRose70 @JimlikesBB @JonRFleming @crazyjo43424351 @jvangent1001 @TomDoubting @CChampion_Z06‚Ä¶ https://t.co/oJtXWcUQev
"At this rate we'll never get rid of Covid. Time for Congress to support this president, ffs.  https://t.co/zHHC8BAN7m"
@crazyjo43424351 @ArtysHouse @FinsVol @InfoGuru16 @MichaelMacFTL @AngryFleas @tesseract72 @PootDibou @jvangent1001‚Ä¶ https://t.co/tzkJrq70eX
@mercedesschlapp How do you feel about the polio vaccine being mandated in schools? It's a significantly less deadl‚Ä¶ https://t.co/dnARnaiMAt
"pandemic if they follow the experts' instructions.  Israeli doctor Kobi Haviv told Channel 13 News, ""95% of serious‚Ä¶ https://t.co/gi9uVK4I9J"
"2 Democrats, All GOP Senators Vote to Repeal Employer Vaccine Mandate https://t.co/lhr89fnf4q"
@GilliamReport @NBCNews I don't think so. I know more people who don't want the vaccine mandate than those who do.
@NBCNews Thriving on natrual immunity. Wasn't going to go back to the work force if they mandated the vaccine. I th‚Ä¶ https://t.co/9HJ0ng4cGD
@hankgreen @phiIsthiccbooty @paytmitch I got moderna for the first 2 and then pfizer for my booster
@DiscoVolante8 @RealCandaceO If you end up with a kid that is your problem only. when you chose against a vaccine y‚Ä¶ https://t.co/9G5E591o8C
@kivi2323 @Mbdliftheavy @thehill Polio was already on the way out thanks to heard immunity before the vaccine was e‚Ä¶ https://t.co/4EQO9oowod
@kivi2323 @thehill You don't need to polio vaccine to get a job
Senate votes to overturn Biden COVID-19 vaccine mandate for businesses https://t.co/eSkma2VPdb
"@Wolfe321 Getting there, just not feeling well since Booster shot."
"@ivtmc03 There‚Äôs nothing to laugh about. You are being naive, manipulated to favor his interest. AO is already a ro‚Ä¶ https://t.co/Kci6PubVh2"
@News24 @BISouthAfrica Soon you'll have vaccine dropouts. https://t.co/5ndivhqNoS
"#CoronavirusUpdates #UnitedStates  34,000 #LosAngeles Unified students haven't complied with vaccine mandate as tho‚Ä¶ https://t.co/UeEKwn0zgx"
"Until America understands that it‚Äôs not that fucking important anymore, things like this will continue to make the‚Ä¶ https://t.co/dFuCHDEgWJ"
"@kdlaw The ""vaccine"" do not stop you from getting, spreading, hospitalized and dying from Covid-19.  Don't lie. The‚Ä¶ https://t.co/Le74dS0m9o"
"""New COVID-19 cases and deaths keep climbing, as early tests show vaccines are less effective against omicron"".....‚Ä¶ https://t.co/iiOnRqjhSq"
What happened to the flu?  It used to be all the rage with all doctors wanting you to get the flu shot.  People hav‚Ä¶ https://t.co/v3Wy3foM4k
The Senate narrowly approved a resolution Wednesday to nullify the Biden administration‚Äôs requirement that business‚Ä¶ https://t.co/7TghUaKJdd
"@siIver_wind @Benny_Profane_ Which side believes that there are countless genders? Which side believes that a ""vacc‚Ä¶ https://t.co/SLqi2R5H90"
"@13WHAM Officials are from the Pfizer lab and Joe Biden, that's funny."
@HeartlandSignal And you would have to aspirate the mouthwash to lavage the lungs. Pretty sure the mouthwash costs‚Ä¶ https://t.co/GkdziiGr6h
@gratitude52 @SaintEd61 Trying to get the taste of Pfizer clogged flesh out of its mouth currently
@edwinhollins @PeterHotez Im sure that approach has convinced many patients to get vaccinated. Maybe lay off the ar‚Ä¶ https://t.co/txbkaBUfDg
"@HeartlandSignal And for mouth cavities and general oral hygiene, please get the Pfizer shots and the booster."
Look at this news article from The Daily Caller: Senate Passes Measure Nullifying Biden‚Äôs Vaccine Mandate On Large‚Ä¶ https://t.co/tfnrQVPdiz
#CoronavirusUpdates #SouthAfrica  Researchers discovered that #AstraZeneca vaccine does not work well against‚Ä¶ https://t.co/7WImeKTTMZ
@WalterBobrowski @cycworker @johnpavlovitz The polio vaccine confers lifelong immunity as opposed to six months. Apples and oranges.
"@Angiekriv she's making it up, there's no vaccine btw"
@Jerrykalin1 @briank2411 @Prozacboi1 @Lukewearechange There was no vaccine in 2020. The better option is also to ea‚Ä¶ https://t.co/LlwN7fb60i
"@rookytooky @ASlavitt Children eligible for vaccines, dont likely need boosters. Neutralizing antibodies in blood n‚Ä¶ https://t.co/437jhF4b9K"
@TomiLahren Where y‚Äôall been for the vaccine mandates that have existed in schools for decades?
"‚ÄúMost Democrats blasted the repeal effort as ‚Äòridiculous‚Äô and ‚Äòanti-science,‚Äô and warned it would prolong the pande‚Ä¶ https://t.co/0W74H9KfW4"
They using @KyrieIrving name to push the plant based vaccine ü§≠üßêü§¶üèΩ‚Äç‚ôÇÔ∏èü§Ø https://t.co/ukGETfPtpx
"‚ÄúMost Democrats blasted the repeal effort as ‚Äúridiculous‚Äù and ‚Äúanti-science,‚Äù and warned it would prolong the pande‚Ä¶ https://t.co/y9GVcjE99N"
@Spook14xx @alavelle1 @UnitedForChoice Nice try. Are you insinuating that there is something special about this vac‚Ä¶ https://t.co/5ILWFbqPfl
"@dvassallo @normonics There's only been two viruses eradicated from human existence. So, the probability of a vacci‚Ä¶ https://t.co/aUIObth46D"
@TMZ @TooFab He honest to God could have just got the vaccine
@CarlosAlvQ Would love to see the contracts you signed with Pfizer..
This title hooked me @Gladwell.  What Can Our Laundry Choices Teach Us About Vaccine Hesitancy? https://t.co/ky4vK1s1Q3
Bipartisan majority of Senators tell Biden to fuck off on Jab Mandates!  https://t.co/EvP0MW6MZG
The state of #Texas is reminding employers about the Governor's executive order regarding vaccine mandates. https://t.co/EppQIMcJSd
"they're not even hiding anymore! #COVID19 #Booster #BoosterShots #India #CovidVaccine #COVIDVaccination   ""Indian C‚Ä¶ https://t.co/XimCFf97uA"
@Anthony23Bryant It was always about the vaccine.
@haynes_karolyn @jogginsboy @Keanco @CityNewsHFX @StrangRobert Are you a scientist conducting a vaccine study? If n‚Ä¶ https://t.co/fLlCBnkNHY
@AngryOozaru @nicenewsskirt @fingerbleeder @jimmy_dore @aaronjmate @MaxBlumenthal @caitoz 2. Jimmy Dore has actuall‚Ä¶ https://t.co/HXY89GiTxj
"@haynes_karolyn @jogginsboy @Keanco @CityNewsHFX @StrangRobert ""If a safety signal is found in VAERS, further studi‚Ä¶ https://t.co/eZx4i7I3to"
"@DraftTulsi I'm not afraid of snakes, ghosts, or the supernatural, but I'm scared of draconian vaccine mandates."
"@haynes_karolyn @jogginsboy @Keanco @CityNewsHFX @StrangRobert What do you mean?  From the website: ""VAERS is not d‚Ä¶ https://t.co/11AJsLmqVV"
"Oh dear, Missouri lied about mask effectiveness.  How many people died due to the Lie of @AGEricSchmitt ... goodnes‚Ä¶ https://t.co/sM1e2qlTeK"
Pfizer booster helps but this is still scary https://t.co/k3689Dmget
"Two doses of the BioNTech-Pfizer vaccine may not be enough to prevent infection with the omicron variant, but a thi‚Ä¶ https://t.co/UmjPwsqdir"
"Oh dear, just when you think the UK couldn't get any worse.  They are so upset ""rightfully "" about the illegal Bori‚Ä¶ https://t.co/loQOCtaz14"
"The Senate on Wednesday voted to nix President Biden‚Äôs vaccine mandate for larger businesses, handing Republicans a‚Ä¶ https://t.co/JBySx3RX7C"
"@sofonofos I got mine back in September, because that's when they finally approved the Moderna. My original shots w‚Ä¶ https://t.co/2WhlwLKBnL"
"Please listen up, you do NOT need a vaccine to protect you from Omicron, it is milder! NOTHING is happening in Sout‚Ä¶ https://t.co/TFswA34DdN"
@MyStateline And to think Biden said there was no vaccine before he took office. Things that make you say W T F!!!
"Guys, seriously, for FUCKS sake.  A booster doesn't mean the original vaccine wasn't effective.  A booster means th‚Ä¶ https://t.co/dQ4nbZKEhS"
@TheDemocrats The shot....cuz it's not a vaccine....does 0 to protect other ppl from Covid. It only protects the pe‚Ä¶ https://t.co/v2hxzTRkjB
COVID-19 Antibodies Get Stronger With Repeated Vax 'Boosts' https://t.co/gMjxhkDAIz from @WebMD;
Another WIN on the NDAA.  We stopped any dishonorable discharges resulting for service members who are FORCED out d‚Ä¶ https://t.co/PhlgQku5K4
"Covid-19 travel restrictions, border closures, and vaccine passports have unsurprisingly fueled xenophobia, discrim‚Ä¶ https://t.co/6faLwJ5KbH"
@GreenPartyUS Yet Green Party candidates like @DelilahforTexas are campaigning against vaccine mandates
New Mexico hospitals remain in 'grave situation' as COVID-19 cases continue to increase https://t.co/QgN6gU6K3f
"@disclosetv English is obviously not his forte.. what he meant was ""The Pfizer-BioNTech vaccine should be a 3-dose‚Ä¶ https://t.co/JkQPa0EmIm"
@Dorli_Wi @IlariaSinHache Does anyone still believe this joker? He knew all along he would play AO. If he decides t‚Ä¶ https://t.co/oqUGNGE1of
"@DelilahforTexas If you‚Äôre against the vaccine mandate, you‚Äôre not the one, regardless of your party affiliation"
tomorrow booster shot ready? I‚Äôm ready feel like crap again üòÇ
I'm MODERNA BOOSTED!
"These two freaks are currently on @FoxNews right now, on @TuckerCarlson-Tonight. @glennbeck claims @moderna_tx and‚Ä¶ https://t.co/unTvD7v3RG"
"@tedcruz Guess you don‚Äôt believe in public health then. Texas is losing people left and right to this virus still,‚Ä¶ https://t.co/wwp92Ihz0t"
"Senate votes to nullify Biden's vaccine requirement, with two Democrats joining all Republicans https://t.co/XS3OvN7rAJ"
üëáüèªüëáüèªüëáüèªüëáüèªüëáüèªüëáüèªüëáüèªüëáüèªüëáüèªüëáüèªüëáüèªüëáüèªüëáüèªüëáüèªüëáüèªüëáüèªüëáüèªüëáüèª  No ending vaccine mandates ! https://t.co/wqDkW0CBOG
@GOAT330 @lulubir99138478 @DBertooooo @PhigSpin @doughkey @brianstelter Yep chances are far higher of getting this‚Ä¶ https://t.co/eB6HAlWzEP
The number of COVID-19 patients hospitalized in New Mexico reached its highest number since early January on Wednes‚Ä¶ https://t.co/zMtcrPz9Qs
The number of COVID-19 patients hospitalized in New Mexico reached its highest number since early January on Wednes‚Ä¶ https://t.co/aBLN0iNvVO
The number of COVID-19 patients hospitalized in New Mexico reached its highest number since early January on Wednes‚Ä¶ https://t.co/h7sUW1kH0R
"Memorial Medical Center in Las Cruces has again curtailed visits, closing its waiting rooms until further notice. https://t.co/Iik6OW6qUj"
The number of COVID-19 patients hospitalized in New Mexico reached its highest number since early January on Wednes‚Ä¶ https://t.co/vZx8fT2KWX
The number of COVID-19 patients hospitalized in New Mexico reached its highest number since early January on Wednes‚Ä¶ https://t.co/rUZVnASIfq
@RealCandaceO @RealCarlVernon Experts: this is a long term issue and may be with us forever. Likely to be at least‚Ä¶ https://t.co/2K5iXKulvW
"@tortuga_ricardo @SenRonJohnson @NIH So what about those who got the vaccine and get sick anyways. Oh that‚Äôs right,‚Ä¶ https://t.co/78OlgMo9I3"
@SenJohnThune I think you are highly hypocritcal when you say that 30% of North Dakota citizens couldn't go to work‚Ä¶ https://t.co/w2GOt6Z1fQ
"Pfizer also lies their asses off. Greed and control is what this is all about,  not your health. Do NOT comply"
Employees subjected to a vaccine mandate in violation of Abbott's order to notify Texas Workforce Commission. https://t.co/E0por8kL8C
"'Is the Omicron variant of COVID-19 truly so menacing? Or is this just part of the terrorizing thriller series, co-‚Ä¶ https://t.co/5DF9SJsNXQ"
Hasn‚Äôt Pfizer made enough money off the Coronavirus problem already? https://t.co/eQp2xT6E2o
Booster shot is scheduled for tomorrow. And accidentally booked a flu vaccine too.
"Tensions rise among lawmakers, parents as Louisiana debates vaccine mandates in schools https://t.co/KQwanAflw5"
New Mexico hospitals remain in 'grave situation' as COVID-19 cases continue to increase https://t.co/CHJTyXB0oD via @CrucesSunNews
"@DrZoeHyde We had big numbers of vaccinated ppl with Delta ,even coming now , common Question I received two doses‚Ä¶ https://t.co/59yYJ0flWR"
#covid19 #OmicronVariant  I guess ppl who got J&amp;J plus Pfizer booster will have to wait to see what this means in t‚Ä¶ https://t.co/Ba0FanYp5x
"@JenniferSensiba @AEONde @enn_nafnlaus @CJ_NFA Blocking instead of admitting you‚Äôre wrong, how mature of you, Why c‚Ä¶ https://t.co/IRTmfKrSy0"
@Never_Seen_Trek I‚Äôm lucky my state in the US has a really strong department of health and communicates clearly the‚Ä¶ https://t.co/cEfV2iz9NV
"@GOP, @GOPLeader, @SenateGOP   Why are you equating vaccine mandates with tyranny and Nazis? These mandates are an‚Ä¶ https://t.co/idWR5W65mM"
@RovingRaccoon @Alexndur @LotsofLams @Urdchan @latimes Yes but vaccine development takes 10-15 years. Why? Because‚Ä¶ https://t.co/m0lwsvBXMB
The Omicron Variant Has Exposed The Perils Of COVID Vaccine Inequity ‚Äî For Africa And The Entire World https://t.co/JVfGGp15DH via @paldhous
Jennifer Aniston on 'being bullied' for vaccine stance: 'I don't understand the disconnect right now'‚Ä¶ https://t.co/Biof3M5ini
MORE! MORE! MORE!  ENOUGH IS NEVER ENOUGH! https://t.co/axrX6nEiva
and if the pfizer stock price starts to go down we might need a fifth and sixth https://t.co/izEvEN4c89
Covid booster shot acquired!  yey
@AP So we double down on mandates &amp; believe Pfizer that another jab will do it.  Are people even paying attention?
"What the fuck is a ""heart related pandemic disorder""? You get the jab, you get heart issues, means you had an adver‚Ä¶ https://t.co/EuMW3zQEW1"
"@RealCarlosSagan @KTNV @abelgarcianews Yes, according to local Tv station here in Vegas, one died before the vaccin‚Ä¶ https://t.co/NLJRnoqs5d"
@DailyCaller Can someone ask Pfizer how much they plan on paying out in criminal fines and false claims act settlem‚Ä¶ https://t.co/FULwxtClcT
@HickieMd @RWMaloneMD This would never happen.... pfizer is an amazing company...... also pfizer... https://t.co/5uhDrj4E5a
@AnaCabrera The hubs and I had our #Moderna booster a couple of weeks ago!  Yay us!  #GetBoosted
@ScrapbookerInGA Helen Carter - Big corporations are the scum of this earth  also Helen Carter - I ‚ù§ pfizer https://t.co/UJwO3zKthE
@Liz_Wheeler Fauci is making money by making people miserable. Him and the news media used hype and deception to tu‚Ä¶ https://t.co/La799oOEJZ
@CNN *Not responsible for side effects ** Number of required doses may change at any time  ***Vaccine may not prote‚Ä¶ https://t.co/BTz3R2OETO
"@JTirades @nprpolitics Vaccine hesitancy is being caused by all the shady actions and lying by ""Officials"" . I'm a‚Ä¶ https://t.co/MlDmc5QQa2"
@Polyquats Nor do I. Immunisation and vaccination are two different things: Vaccination is the act of introducing a‚Ä¶ https://t.co/SMNYbVTm7z
@KathrynGuillaum @JoeBiden The Pfizer COVID pill Paxlovid is just a new name for an antiretroviral medication used‚Ä¶ https://t.co/uaVjSL9LGW
@JuliaWindsor3 @GBNEWS Who needs a passport Let alone a vaccine passport
"Texas: On Wednesday, Dec. 8, Texas Governor Greg Abbott issued a statement about his Executive Order GA-40, which p‚Ä¶ https://t.co/JCyZPauuHe"
@GBNEWS Say no ‚ùåüíâüíâ‚ùåüò∑üò∑‚ùå‚ùåüìôüìïüìóVaccine passports don't work‚ùåüíâüò∑üìóüìï‚ùå
@LiveNation Vaccine / covid PCR negative required. It‚Äôs a very strong NO from us.
"The blue-pilled be like ""sign me up!""  WAKE UP SHEEPLE! üêëüêë @Timcast  https://t.co/PR0SJb9YgK"
God see and know I ain‚Äôt with this booster shot business.
@BobsDog4 @PamelaEdwards @famousSheymus @tesseract72 @SeptRose70 @JimlikesBB @JonRFleming @crazyjo43424351‚Ä¶ https://t.co/EnHPdpmklE
This guy is an innovator right here. https://t.co/to9Qj9gl8A
@MrsLyndaSlater @Thomaskiely16 Yes we lots of evidence of vaccine safety and it not eating away at the immune syste‚Ä¶ https://t.co/IrZj9QX5oi
@IsaiahHGIssy @Lauchlin It means other people have a personal responsibility to protect themselves....by staying ho‚Ä¶ https://t.co/txhcFcctP4
Pfizer CEO says we may need a fourth vaccine dose. I'm thinking of renting a little place across from the pharmacy. https://t.co/aS3AiESl2q
@WalshFreedom So the maga crew should be rushing to get the vaccine then
"Gov wants to mandate vaccines, the companies that makes it aren't held liable for any adverse reactions &amp; don't wan‚Ä¶ https://t.co/ZMxPKmJEbt"
@001mellie It's to late for the vaccinated they are doomed.   It's a video on YouTube by a doctor on how to get the‚Ä¶ https://t.co/JHJ3INKxnD
"'want'? Aren't they forgetting that if they don't get a booster shot they lose their jobs, possibly their homes and‚Ä¶ https://t.co/uXWPh0jtjn"
@Quartzhai @lnugrant @Kiwijam3 @Garylee57 @2011teacher @AP 3-6 months efficacy are shitty vaccines. I wouldn't even‚Ä¶ https://t.co/HATtEwyFC6
"@DonaldJTrumpJr Nepotistic son of a 1 term former President,with no prior employment  history other than working fo‚Ä¶ https://t.co/temNZuXYuu"
@BerkeleyJr pfizer has already been shown to be a liar and incompetent at conducting a study  who believes this latest garbage?
@Kiwijam3 @lnugrant @Quartzhai @Garylee57 @2011teacher @AP Thought you said you worked in the healthcare industry?‚Ä¶ https://t.co/OmrQ67YQnI
"@AlanKohler Lockdown is one thing, but that saved lives. We're now learning the efficacy of vaccine against severe‚Ä¶ https://t.co/7miI89Smsm"
@telekinetica I have. I am fully vaccinated with Pfizer.
Our Daughter (11 yr) got Covid vaccine and she didn‚Äôt feel anything.   She is in great health.   Go and get your ki‚Ä¶ https://t.co/OalBVq94yf
@RWMaloneMD I believe the new variant is mild which is good as it is a better vaccination to get than the vaccine itself.
@The_UNLEASHD2 Another lockdown on its way ü§î or is this there excuse to approve the pfizer pill sitting in Australia .
@Dan_Donovan_17 @Zigmanfreud LOL. That there's something nefarious about a natural response of the body that is cau‚Ä¶ https://t.co/2KqjwJsDyi
Scientists Claim ‚ÄòSmoking Gun‚Äô Link Between Covid Vaccine and Lethal Blood Clots https://t.co/rhS6pWTJge
@ohJuliatweets I get an inoculation every other week at my rural hospital. The nurse who gives it to me is a 50ish‚Ä¶ https://t.co/E75JP9eqoU
@suetsam @JudgeJeanine By the way Obiden and Harris said don't vax cuz trump did the vaccine. You probably forgot that
Britain Prime Minister Boris Johnson has announced restrictions including working from home and vaccine passports w‚Ä¶ https://t.co/nnxc78oeHV
@RoninImperial @pfizer This entire generation will be outdated by then to push for the truth‚Ä¶we‚Äôre still struggling‚Ä¶ https://t.co/ItMgtJAGwL
"The analysis found that while Biden received + press in early mos of his administration ‚Äî &amp; deservedly so, given hi‚Ä¶ https://t.co/5Tf6Rdet5N"
The Senate is poised to approve a resolution Wednesday overturning the Biden administration's requirement that busi‚Ä¶ https://t.co/FUbN9zLrIo
Enjoying all the antivaxxers and tinfoil hat brigade losing their minds over vaccine passports!! Sadly too blinkere‚Ä¶ https://t.co/xZGkfCuwVZ
"@lnugrant @Kiwijam3 @Quartzhai @Garylee57 @2011teacher @AP A non-neutralizing, leaky vaccine that doesn't stop the‚Ä¶ https://t.co/oozA4Vc4Qh"
"@RMConservative We have a violation of all 4 criteria for vaccination: - Pathogen must be invariant (see measles, m‚Ä¶ https://t.co/CsEWnFs2BT"
@lnugrant @Kiwijam3 @Quartzhai @Garylee57 @2011teacher @AP Anesthesia works to mask pain. Antibiotics work until th‚Ä¶ https://t.co/UNTVoNNnyi
"He said vaccine passports for all venues, but partied all night long, writing this #PlanB song.‚Ä¶ https://t.co/UgMPNgEPT9"
What does this fucking blond haired cretin think he‚Äôs fucking get at! I won‚Äôt judge a person for there politics if‚Ä¶ https://t.co/CUA7qiynje
People Who Get Johnson &amp; Johnson Vaccine at Elevated Risk of Guillain-Barr√© Syndrome: Study https://t.co/Soph6Pkgj3
@SecBlinken Yeah yeah yeah....bla bla bla...the African is waiting for your mrna vaccine to be delivered to every part of Africa
nobody talks more about the vaccine and covid than someone anti mask and anti vax lol
"Being fully protected and protecting our communities from COVID means getting your booster shot, which is available‚Ä¶ https://t.co/5qDJjHo9Tx"
"@RaleighBowman If it‚Äôs ok for states to oppose mask and vaccine mandates, or for Pizza Hut to raise prices in some‚Ä¶ https://t.co/U8vaEeZtd6"
I think Vaccine uptake would have been much higher if they called it covid shot. People hear vaccine and think if i‚Ä¶ https://t.co/LWQyeDs2I0
Vaccinated more likely to be infected.  This is proven by latest ons report.  Vaccine Passports are pointless.
Pfizer trynna make all the money. This is outta control.
Howard College Lamesa is hosting a COVID-19 Vaccine Drive on Nov. 17th and Dec. 15th from 3 pm to 5 pm. The Pfizer‚Ä¶ https://t.co/ydoMJIMGkX
@Douglas4Moray There is a lot of evidence that vaccine passports are not working.  All it takes is a little inquisi‚Ä¶ https://t.co/f9S3yjy1bu
@VaccinesEurope Can you guys first tell us the latest definition of a vaccine? ü§£ü§£ü§£
(2 of 2) ...to hide evidence that the drug increased patients‚Äô risk of heart attack.  #bigpharmacartel #BigPharma‚Ä¶ https://t.co/EvLHafKEms
I was once a hardcore anti-vaxxer. Now I try to nudge people to get the Covid-19 vaccine https://t.co/JgCl9DzTvR via @statnews
"@mplspat Lol. There is no proof that 3 is better. If the first two don't work, one more isn't likely to either. Rea‚Ä¶ https://t.co/hm8PU7B9Hp"
"@mindybee14 @BerkeleyJr The pandemic is over, at least it will be before the midterm elections.The Omicron variant‚Ä¶ https://t.co/01438b9A4Z"
"@BerkeleyJr The pandemic is over, at least it will be before the midterm elections.The Omicron variant is super mil‚Ä¶ https://t.co/25OFQwuWt9"
"@gerti_t Yep, it's possible. But then we'd expect to see *some* Moderna and J&amp;J, and there are none under 17. Curious."
@MoshabelaMosa @pvanheus I saw on one of the research covid infection + 2 Pfizer vacvine is equivalent to 3 Pfizer‚Ä¶ https://t.co/nxasaN3oW0
"@DavidSpuria The pandemic is over, at least it will be before the midterm elections.The Omicron variant is super mi‚Ä¶ https://t.co/Ewt74pBjrw"
@telekinetica What double speak? It is clear that two doses of Pfizer is not as effective against Omicron as three.
WH Reports Biden doing fine after 10th booster shot. Jen Psaki says presidents feet returning to normal..... https://t.co/6u62d9iy0s
"@shawna_burley The pandemic is over, at least it will be before the midterm elections.The Omicron variant is super‚Ä¶ https://t.co/iIFi7uo3Ju"
"Man killed family, then self, over faked #Vaccine pass - #German prosecutor. This man‚Äôs unnecessary death, and the‚Ä¶ https://t.co/LnPVqZiwro"
@TheSNFD @pfizer @WHO @mvankerkhove Give it up.
Here is the AGE OF LIFE THREATENING ILLNESS.  Pfzer people (yellow) are in serious trouble MUCH younger.  Is this b‚Ä¶ https://t.co/dwzhuj5qYB
"This is the frequency of AGE OF DEATH from VAERS for those receiving J&amp;J, Moderna, and Pfizer.  J&amp;J people (blue) a‚Ä¶ https://t.co/zKEoCZRyqf"
"@BenGoldsmith Think Sweden is implementing vaccine passports now, no?"
@bacon6966 @TruckerRandy @jbond29566 @pjcolbeck @agemaforrnc @KenBorton @madmanmaddock It wasn't. I don't know how‚Ä¶ https://t.co/ExE6obwR43
"@tristan_claudia Sorry, forgot to add the context that I also have thrice been jabbed with the same vaccine.  (But‚Ä¶ https://t.co/Uo65fktkYE"
Judge halts Biden vaccine mandate for federal contractors nationwide https://t.co/W2Q7DFMXGs
These groups opposing the vaccine mandates will be the first ones to complain when the virus hits them!!
@RealRampage95 i have a Vaccination Exemption Card detailing the ‚ÄúLaw of Informed Consent‚Äù recognized around the wo‚Ä¶ https://t.co/84lwGCtRWO
@deadlycassowary @mjtimber2 @BarryCPearson @ProfTimNoakes @APosoukh @CryptoWooX @j00d0k1ck @jsm2334 @Kevin_McKernan‚Ä¶ https://t.co/DULS4bWN0c
"@RaleighBowman I think I support this. But if so, we need to redouble the effort to make sure vaccines are availabl‚Ä¶ https://t.co/UuwkATKTh3"
"@kylenabecker You forgot to add, Pending a hearing... https://t.co/R9kdtBcE07"
Get Jaxxination u selfish fools!   Getting Jaxxinated will reduce and ease our health care system more than any vaccine will üò§
"To be considered fully vaccinated, all current #UNM employees and students are required to receive a #booster dose‚Ä¶ https://t.co/sCv9Kcd2M6"
@InvestigatorCps With all three Moderna shots....nothing
@ScottNevins I got my Moderna booster shot three weeks ago and my super human strength is unmatched! Lol
WATCH NOW: New Mexico health leaders to discuss latest COVID case &amp; vaccine trends https://t.co/DngEnxliRy
"Man who stands to make fortunes from vaccines, tells us that ‚Äúit is very clear that the vaccine for the omicron var‚Ä¶ https://t.co/Rrlzul8FCL"
#Lasst euch #Booster.n! Get your #BoosterShot! Sehr vielen Dank! Thank you very much!üôèüòä üíù  #Omikron #Delta üíâüíâüíâ‚Ä¶ https://t.co/y5RGvoM8XB
@Kiwijam3 @lnugrant @Quartzhai @Garylee57 @2011teacher @AP There are 1.4 billion people in Africa. They have only 8‚Ä¶ https://t.co/FPY0JRWEg8
BUT ITS SAFELY BEING TESTED ON HUMANS! HOW CAN IT BE BAD FOR US?? https://t.co/L0NX9qtFkG
"And Pfizer will no doubt decide soon that four shots are needed, not three. https://t.co/3SBZtoGi2d"
"If you've had an earlier strain of COVID-19 AND have had the vaccine, you could be more protected from the new vari‚Ä¶ https://t.co/tpmki7zzdv"
Waiting for that break in booster shot side effects like https://t.co/idbi6wE4am
@chezzalen @great_martis 3 does of the omicron vaccine + the 3 existing doses it's actually 6 jabs we are talking about
YOU did this!!  @POTUS @pfizer @JanssenUS @moderna_tx #VaccineDeaths #vaccinemandates #VaccineSideEffects‚Ä¶ https://t.co/gxOmhDrtQI
I reckon Pfizer et al aren't ever going to  produce an effective immunisation against covid. They've stumbled upon‚Ä¶ https://t.co/z6JPUj32Ey
"@markfitzmufc @andrew_lilico 90% of the UK has antibodies and we have about 50,000 cases a day for weeks. Do you re‚Ä¶ https://t.co/eEUm0KSCMW"
‚ÄòGross Disservice‚Äô: Oklahoma AG Slammed for Idiotic Vaccine Comments https://t.co/sacYXBvg50 via @thedailybeast
"@TheInsiderPaper Bill Gates, Moderna, Pfizer and Johnson and Johnson are like: https://t.co/QQazqUoReN"
@ryanstruyk Then outlaw polio vaccine mandates too @LeaderMcConnell.
Its very possible. They took too long to find a cure anyway. There's a new money making scheme Covid-19 vaccine. https://t.co/FheHdbIvRR
"Yesterday, I was able to hear from AZ first responders and medical professionals who oppose a vaccine mandate.  The‚Ä¶ https://t.co/q3VqQ8Io58"
@Sandra_Cole44 @Brian87370205 @55_buttercup @andrew_goodman @BogochIsaac Millions of people are still getting vacci‚Ä¶ https://t.co/b2AAqB2Z7D
"If your vaccine works, why do I need it? And if your vaccine doesn‚Äôt work, why do I need it?"
@Unusual_Times @BBCBreakfast Funny that Pfizer is trending today because it's booster is supposed to work wonders.
UNM updates COVID Administrative Vaccine Mandate to include booster shot requirement https://t.co/2weugETkd6 https://t.co/NAqf8ukTVG
"Susanne &amp; I got our Pfizer boosters today at the WalMart on Carlisle. When we got our appointments, we couldn‚Äôt get‚Ä¶ https://t.co/T4MPv79Ee4"
@Sandra_Cole44 @Brian87370205 @55_buttercup @andrew_goodman @BogochIsaac The Astrazeneca vaccine saved millions of lives.
"@bill98529668 @ArtValley818_ Well since you did your research üßê, I hope it works out for you. I personally don‚Äôt su‚Ä¶ https://t.co/YboWHlAfHZ"
"""But it‚Äôs impossible to talk about Covid booster vaccinations without highlighting the importance of vaccine equity‚Ä¶ https://t.co/KwwKWjAe4g"
#CoronavirusUpdates  #UnitedStates  Judge temporarily blocks #NewYork City vaccine mandate for public sector https://t.co/PeXoF1sQVk
"@Dan_Donovan_17 @Zigmanfreud That is the science, not your ignorant scaremongering over a vaccine."
@viewspotnz The courts in the USA are shooting down every vaccine mandate. This pandemic won‚Äôt come to an end with‚Ä¶ https://t.co/YfuAfoBHk4
"ü¶†The increases are due almost entirely to the delta variant, though the omicron mutation has been detected in about‚Ä¶ https://t.co/ZRfOHDdA1e"
Credit where credit is due @unm is doing a much better job than ‚Å¶@cabq‚Å© or ‚Å¶@BernCounty‚Å© when it comes to covid-19‚Ä¶ https://t.co/5p88aCcBwT
Vaccine passports are NOT discrimination- the use of LTF tests has removed that. This is scaremongering at a time w‚Ä¶ https://t.co/VpwbX6WXLM
"üáÆüá≥ 2014-2021 so far‚Ä¶  1. Many factories, raw material storage facilities, vaccine manufacturing etc set on üî• 2. Sto‚Ä¶ https://t.co/pdixxpsar9"
"@DemopJ I have family in London, they all got covid but still refusing vaccine ."
"""Someone literally called me a ‚Äòliberal Vax-hole‚Äô the other day,‚Äù Jennifer Aniston said.         https://t.co/Y0M2iA37Df"
What has two thumbs and a vaccine booster? This woman! https://t.co/aL6KK6IMUr
#CoronavirusUpdates #SouthAfrican scientists have discovered that #AstraZeneca‚Äôs #CovidVaccine does not work well a‚Ä¶ https://t.co/9zSayx7lol
next week gonna take the 2nd vaccine üòé then i can say im fully vaccinated (if i dont have to take a 3rd one)
.@POTUS @BorisJohnson @JustinTrudeau @RegSprecher @Palazzo_Chigi @EmmanuelMacron @JPN_PMO @pfizer @moderna_tx‚Ä¶ https://t.co/RCV0p4O3ub
Mhla bethetha ngeVaccine zange bathethe NGE BOOSTER I suspect there's a Vaccine Light coming or Vaccine Prime
Not the ‚Äúbeyond Pfizer vaccine‚Äù @KyrieIrving ? https://t.co/E42TexK1T9
@brucey_00 I went to a concert a few months ago where two security guards on the door asked to see the vaccine NHS‚Ä¶ https://t.co/vaHPsk3BDO
i need a vaccine https://t.co/PKrDcrvOn8
Plant based vaccine..is this for real?
"@Gilbert15842468 US is overturning every mandate. This pandemic won‚Äôt be stopped with a prototype vaccine, it will be stopped with lawyers."
Self care = community care. Enhancing the physical and personal well-being of yourself and the community is up to y‚Ä¶ https://t.co/cCVUaRvl5d
I work in a Industry using Vaccine Passports already... IT'S A FUCKING NIGHTMARE...!
"@youremadaintya @HouseOfSchwa @BrosHub @flmkrdan @Timcast Also, ""The CEO of Pfizer has suggested future potential p‚Ä¶ https://t.co/kk7v70wsDF"
@DaystarJoni Except the door to get a safe and effective vaccine.
Translation - MAbs don't work and we need a new vax for Omi.  Yet Pfizer is frantically trying to make sure everyon‚Ä¶ https://t.co/3nfZ6bJKrm
@scottleibrand @joshmich Yes. It also varies on the country. Most adults in Chile &amp; Israel already have 3 doses. Mo‚Ä¶ https://t.co/78gytGLcsr
@charliekirk11 Wrong. The vaccine helps prevent hospitalization and death. That‚Äôs all it does.
"No segue but if males have a different outcome from a vaccine than females, can you explain why a boy can all of a‚Ä¶ https://t.co/Qa7bNlx7GD"
@brandonlortega1 @RWMaloneMD Omicron seems mild and could be the key to solving this stupid pandemic once and for a‚Ä¶ https://t.co/OzEAkIi8GN
"@MsMigot Don't fret, they're already there.  (Only kidding, I'm  an old git and had my third (booster) Pfizer jab.‚Ä¶ https://t.co/b8GcpxHFdS"
So Pfizer says only their THIRD shot will help with Omicron...they have also done another study that claims you los‚Ä¶ https://t.co/WDZEPMR1aN
"Headed for my booster shot, then a juicy gym workout, hopefully i dont get fucked up tomorrow"
@Dan_Donovan_17 @Zigmanfreud Yeesh. üôÑNote that this happens independent of any vaccine whenever your body encounter‚Ä¶ https://t.co/ROHtmBq2bT
"Deaths from COVID-19 have been around 1,600 a day on average. https://t.co/OPU9umyogn"
@AlixG_2 @brentwhite555 1 death in 2019 To 6 in 2020 To over 100 in 2021 knowing mandatory vaccine roll out was ini‚Ä¶ https://t.co/chQY4eIsQY
"@Kukicat7 3 doses of Pfizer , soon 4 and add 3 from biontech : full protection power +  Such donkeys https://t.co/RP4s7o5jtC"
"@InvestigatorCps Nope, in fact we had to not invite a member of our family to a tamale making event as they are anti vaccine"
@RobertLesage4 @Brian87370205 @andrew_goodman @Sandra_Cole44 @BogochIsaac South Africa was turning down vaccine del‚Ä¶ https://t.co/tsGfhCC8Wq
New Mexico health leaders to discuss latest COVID case &amp; vaccine trends https://t.co/UYyHb95orW
"@awilkie84 The double speak is clear...Omicron  makes the Pfizer vaccine not work, so more Pfizer vaccine is the re‚Ä¶ https://t.co/kSF1kIw4zK"
"@OccupyDemocrats Then they should also introduce a bill to force those who voluntarily took, and were injured by, t‚Ä¶ https://t.co/18OeGIo48e"
"FACT: ""Three doses of the #Pfizer jab 'neutralizes Omicron', say experts""  ALSO FACT: #Omicron has caused ZERO deaths. ZERO, ZERO, ZERO...0."
@BATMANShanlian No Russia is even more ignorant than us. Their population overwhelmingly refuses the vaccine. But t‚Ä¶ https://t.co/C07IThBlXB
FIT BRIT IN MELBOURNE SEVERELY INJURED BY PFIZER INDUCED HEART ATTACK https://t.co/0miBrp8k5k
Got my booster shot üíâ
Mum had her covid booster today. Her 1st/2nd vaccine was AstraZeneca. Today‚Äôs booster was Pfizer. I reached out to‚Ä¶ https://t.co/VWoVAF3ryx
In My opinion. Sharing a link with you all!  https://t.co/8JK3epsm5M In My opinion. Putting a mandate of any kind o‚Ä¶ https://t.co/cFnLp5Svxo
FDA Says It Now Needs 75 Years to Fully Release Pfizer COVID-19 Vaccine Data https://t.co/oLYJMff2NX
"@camdentownjim Masks i was expecting but wow vaccine passports i didn't think they'd do, due to all protests but no‚Ä¶ https://t.co/djj4O9XME4"
@BloombergUK @karolcummins People should get vaccine
Still feeling the after effects of my booster shot now three weeks in.  It took a month each for the first two shot‚Ä¶ https://t.co/3pY20RTebc
"Let me get my head around this:  I‚Äôm off to the theatre, I have to show my vaccine passport and a clear lateral flo‚Ä¶ https://t.co/NA1jwpA8Yx"
There‚Äôs an Impossible Vaccine????? https://t.co/o85CkqqkPZ
@elkabong82 @WashingtonNFL It's not even a real vaccine
@EricaMuseActs Maybe you want to read Pfizer contracts ? As all of us https://t.co/ZKJ6QirEi1
@andrew_lilico They're going to say if you take 3 jabs it works.  But will you survive 3?  2x jabbed Pfizer trial p‚Ä¶ https://t.co/phQhNmRPgW
@SerfSpot @genesimmons I don't have time to hold you by the hand &amp; sit you down to tell you the facts. The common f‚Ä¶ https://t.co/35r8sIwWtR
@nypost Impossible vaccine??? @BurgerKing
@Gatt_ @BBCBreaking You honestly think almost 2 years on &amp; a 4th vaccine in the wings not to mention the next 2 yea‚Ä¶ https://t.co/znqDycfPzr
"@FrankKane_1 @laurenboebert Police dont overreact to vaccine mandates like how its shown in the video, thats in Mel‚Ä¶ https://t.co/KoyPfSgNWE"
"@JohnBoozman @SenateGOP We beat polio with vaccine mandates, how is that precedent for you?.  Shame on you for lying to the American people."
@Breaking911 Does Boris Johnson need to show his vaccine passport to do cocaine in his office bathroom? Asking for the world.
"Three days before the original deadline for healthcare workers to get the first dose of a coronavirus vaccine, Univ‚Ä¶ https://t.co/n1OYYmTAu6"
"In June, it linked up with COVID-19 vaccination coordination startup Dr.B to give free rides to individuals traveli‚Ä¶ https://t.co/0OzTajwSjd"
"@CFlaschen Ah, so perhaps this particular clinic is just getting the Pfizer breakthroughs. Interesting..."
Do you think vaccine mandates slow the spread of COVID? Let us know in our poll‚¨á https://t.co/CLQDPSxnl9
@RaleighBowman Take the free vaccine or pay thousands to cover hospital cost and freedom from so much money on the bank.
"@bommerbrown @thecoastguy Part way there. I had first dose very late, in August, after really biding my time. Now i‚Ä¶ https://t.co/MDkIQtJmfx"
@NickytaLeb And that Fauci and the CDC said we didn't need them.  A month later we get them.  People think Pfizer p‚Ä¶ https://t.co/ClllKXLHRp
"JUST IN: Boosters forever, Pfizer says. https://t.co/GkXciTVuJv"
Queuing to get into @arsenal with a vaccine passport https://t.co/ahq7P6VK1K
Imagine refusing to get a vaccine and being anti-Lockdown  No vaccine = Lockdown https://t.co/cJoIHe8xRJ
Lol.. trying to retain/attract teachers to the state? Having a mandated BOOSTER shot probably isn‚Äôt the way to go.   Smh.. here we go.
"It's concerning when they use phrases ""may"" and ""may not"" in the article. ""Pfizer says new study shows that three d‚Ä¶ https://t.co/J0iP2KPkcE"
@B52Malmet Why is it I'm always on Team Also-Ran?   J&amp;J + Moderna. üòí
@puckingladylike @pfizer Your comment should be in the news section instead of all these silly headlines. ü§™üòÇ
Pfizer said Wednesday that a booster of its COVID-19 vaccine may offer important protection against the new omicron‚Ä¶ https://t.co/wEIpMEKe2t
"@55_buttercup @Brian87370205 @andrew_goodman @Sandra_Cole44 @BogochIsaac So there was never any ""information"" that‚Ä¶ https://t.co/khyU5z1xBF"
Vaccine passports for vaccines that‚Äôs don‚Äôt work. We see you and you CCP social credit system fat boy @BorisJohnson
Custom made Headboards üî•  Choose your own colour and designüî•üëåüèæ  Double R2800 Queen  R3200 King      R3999  ‚òéÔ∏è: What‚Ä¶ https://t.co/0Sa188ICzK
@CP24 Giving out free rapid tests =  Ford admitting his concern =   Admitting vaccine mandate should be extended =‚Ä¶ https://t.co/EIhTFaF6z6
@GOP_U @WFTBillyy @AdamSchefter The vaccine literally saved Mike Mccarthys life
Any person that asks me to prove my vaccine status will be automatically coughed on. #vaccinepassports
@MemoryLaneRV @corneliagracchi @sunbeamgardensc @LolaRugula @oh_grow_on @Evelynkissing10 @GardenInColor‚Ä¶ https://t.co/1eF6JlkvVx
"Plant-based coronavirus vaccine shows 'positive efficacy and safety results,' developers say https://t.co/kCcwxvOtRW"
One thing I know about immunology is that 40x reduction in neutralizing antibodies *does not* imply 40x reduction i‚Ä¶ https://t.co/a4lNAHmS3s
@saifedean The Hills are also alive with the sound of vaccine mandates.
"@talkRADIO Plan B bitches, like this was never going to happen, they just put it on back burner to make the sheep s‚Ä¶ https://t.co/nPDjP9tZvy"
@ElisabethBojang My husband had his moderna hat trick yesterday and is completely fine. I had my 3rd Pfizer and I a‚Ä¶ https://t.co/VzBoa3N5PZ
@MrDavidEPerry1 @TVKev You are right in what you say. But many people have legitimate concerns for their own person‚Ä¶ https://t.co/jGzK609Eg7
@HumzaYousaf Stick your untested vaccine we're the sun don't shine. You have taken away my freedom to socialise and‚Ä¶ https://t.co/8OeP9IUO6S
Just proof there is something very bad about this injection the FDA is hiding https://t.co/6hI95B62Ed
@BertSaysWoof Hi! I work at a vaccine clinic and i just verified with our head rn. It does take 2 weeks after your‚Ä¶ https://t.co/8pp2zflUsM
"Our new infection prevention practitioner, Lynette Grant, shares the importance of the flu vax!  https://t.co/Ci37C9rphM"
@willow197069 ive heard that of moderna
Covid -19  :  First wave  Lamda       :  Second wave Delta         :  Third wave Omicron   :   Fourth wave ( Just S‚Ä¶ https://t.co/zRIWLmo4kN
.@EllenMeister I am so glad knowing you are boosted. I had minimum discomfort after my Moderna Booster. Drink water‚Ä¶ https://t.co/rB0Ga6Ezyo
Pfizer says COVID booster offers protection against omicron variant https://t.co/oTJgorADSz
@svscarpino @mikha_ehl @gianlucac1 @CiesekSandra @sigallab @Tobio @DiseaseEcology Thanks.  I'm just concerned that‚Ä¶ https://t.co/jOPaBI930b
"So 2 doses of the Pfizer vaccine don't hold up well against the omicron variant, but a 3rd dose does? How convenient!"
"Um, what?  #Omicron #covid #vaccines #confusing #news #Pfizer @pfizer https://t.co/a8IPe3ruDO"
To be clear: Denmark is closing schools a week early for Christmas. https://t.co/uLnIrlnRGT https://t.co/EgcWaXCNcF
did Skilyr Hicks get the vaccine(s)???????????
@RustyShack88 Scientifically proven? By whom? Pfizer? Of the same vaccines? Much more than doublespeak. All out lunacy.
"@JeffHardgrove1 @andrealynn_rn If Trump had not started project Warp Speed, no vaccine manufacturers would have spe‚Ä¶ https://t.co/pmzxYzpqYD"
"@JeffHardgrove1 @andrealynn_rn From 2005- ""Low profit margins, the introduction in 1980 of good manufacturing pract‚Ä¶ https://t.co/XTeIGvDg1I"
@NathanMackBrown Indeed... infact...I just got boosted about an hour or so ago... Moderna..side effects so far... NONE
Moderna booster about an hour or so ago...side effects so far... NONE...
@UbuntuForever Vaccine vending machines at every grocery and convenience store. Self administered jabs every week!
Freedom of information.  Mrna clotshots.  https://t.co/eb9Ph5L7zG
"Entertainment: Jennifer Aniston says she's been ""bullied"" for taking a pro-vaccine stance during the COVID-19 pande‚Ä¶ https://t.co/SrbnkyLasC"
@___Colb___ Is he really vegan tho? I have been vegan for seven years. I took the vaccine because to me being vegan‚Ä¶ https://t.co/Hnk1s4gqXP
@brucesalvage4 @nuanxin8 @777DEAN777 You are put of your mind. Refusing judaism is far more easier than refusing a‚Ä¶ https://t.co/B6hsonQJ2F
COVID cases spike even as US reaches vaccine milestone https://t.co/zY9MkwNBTB
"We‚Äôre at a loss for words when we see people whose entire families were exterminated by Nazis in death camps, linin‚Ä¶ https://t.co/QF9ItJDBjN"
"@Goodbye_Jesus Anyway, she &amp; her husband convinced her parents not to get the vaccine, dad almost died, she‚Äôs mad a‚Ä¶ https://t.co/E2ra3Sg8uZ"
@_Abulafia_ @justthefacts85 Pfizer says the booster works great!
Here‚Äôs our vaccine passport. https://t.co/pmZTQ1P6Ym
This immune system-stimulating nanoparticle could lead to more powerful vaccines. #immunology #bioengineering‚Ä¶ https://t.co/KRJ9LFE72n
"#Pfizrael's new flag.  We worship the vaccine now.  Please help us, #Israel https://t.co/pZ6NtYJ14u"
@bfbabine Now compare that with how many died from Covid that did not receive the vaccine.  Still waiting.
"‚ÄúWe have to vaccinate 9 million citizens of #Israel, every 6 months, two doses‚Äù  - When you have a contract with‚Ä¶ https://t.co/K0Hu5qySk1"
"@POTUS High crime, police budgets cut, illegal immigration, Americans left in Afghanistan, inflation, vaccine manda‚Ä¶ https://t.co/3SaLPRsA3f"
"@55_buttercup @Brian87370205 @andrew_goodman @Sandra_Cole44 @BogochIsaac What ""information"" did you get that claime‚Ä¶ https://t.co/cl6mNSzigf"
Pfizer says COVID booster offers protection against omicron https://t.co/G0YAmf1ipw
BioNTech CEO Ugur Sahin says that omicron might make its company's vaccine a 3-dose regimen. https://t.co/WrINTxPdp8
Pure lies and scaremongering aimed to divide the nation and make a scapegoat of the unvaccinated.  Disgusting. Just‚Ä¶ https://t.co/Xw0whAztjt
"@RunsKnives @Stonekettle I've encouraged people around here to get vaccinated. Some have, and when they do, I congr‚Ä¶ https://t.co/CfRoWC25L8"
@ginacarano ü§¶‚Äç‚ôÇÔ∏è I can‚Äôt even believe this crap is happening‚Ä¶. Let‚Äôs see if any of the MSM even touches this story!‚Ä¶ https://t.co/UpDlAyykiC
@SaharaReporters ü§£ü§£ü§£ Hypocrites everywhere!  This is so that the government would force everyone t take the vaccine‚Ä¶ https://t.co/Oya8j4RKFw
Here's the latest data:  https://t.co/SVQzLxi8QF
"@USBornNRaised @JeremyMcLellan @MarcusDAurelius Since you didn't provide a direct link, I tracked down the original‚Ä¶ https://t.co/4Ilu1Muonl"
Santa Fe Indian Hospital COVID vaccine dates and times: https://t.co/ZEHT1BQqcx
"""A federal judge on Tuesday blocked the last of the Biden administration's COVID-19 vaccine mandates for businesses‚Ä¶ https://t.co/wrVaWzcYXH"
@Bitcoinassassi7 So vaccine can take weeks to develop?  Hmm
@svscarpino @gianlucac1 @CiesekSandra @sigallab @Tobio Many media outlets seem to be reporting that the 40x reducti‚Ä¶ https://t.co/GXpdV06Lpp
@digorytoothman @BryceRich23 @clydelouis Nope. The vaccine doesn't stop the spread or lower the viral load. And his‚Ä¶ https://t.co/Zy1lwtq3ax
@Sujodamystique Isn't it funny that this variants started popping up after a vaccine was produced?
Senate Republican push to block Biden's vaccine mandate secures Democratic support https://t.co/tbGnqM5Q4F via @YahooNews
Does anyone buy this? ( Note that the article does not say what the headline says exactly)   This variant has been‚Ä¶ https://t.co/QQ6FQ0Kyl0
"""Omicron can evade vaccines, but Pfizer says booster jabs do the trick""   Sure.   https://t.co/R6UYujwtW9"
"@MartynSmith91 Replaced with whom? In the current climate, the establishment would impose a puppet committed to vac‚Ä¶ https://t.co/4PG62jJizp"
@brokencuffs I‚Äôm out of the loop but I‚Äôm assuming #Pfizer?   aRe U uNbOoStEd!?!
"@2011teacher @AP I burst out laughing when I read that. Only fools believe Pfizer.   Also, in the article, it speci‚Ä¶ https://t.co/V7QhGSPXae"
"Just got my 3rd Pfizer booster and honestly I felt it more than the other two. Side effects were aches &amp; fatigue, s‚Ä¶ https://t.co/AvqmQut345"
@JustisLadi @krb686 @daveblend Natural immunity is far superior with a coronavirus. A dependable and effective vacc‚Ä¶ https://t.co/RNFavwKk06
@DrReality5 This will never stop. They will continue to exert control over the people as long as there are people w‚Ä¶ https://t.co/lUW6zQbKgS
Two pseudovirus arrays show low neutralization with 2x vaccinations against Omicron and medium neutralization with‚Ä¶ https://t.co/Z1DGI2a8nh
"Excellent news from Pfizer!  ""Preliminary laboratory studies demonstrate that three doses of the Pfizer-BioNTech CO‚Ä¶ https://t.co/9Y3B5gSu5S"
#CoronavirusUpdates #Vaccines Vs #OmicronVariant  Measured approach - #Moderna CEO said its vaccine may struggle ag‚Ä¶ https://t.co/IlMjwZoe80
"@swing138 @ItsLilTiff @ismichi @Isitbeer30yett @andrealynn_rn The flu vaccine lasts a season, and the COVID vaccine‚Ä¶ https://t.co/xEt0BJCtrd"
@Lucypurr12 Ok wait.. I didn't have the sound on at first. Pfizer has been saying current shots work for Omi so I t‚Ä¶ https://t.co/wEwmxncvKg
So it costs money to test for Covid19?  But the vaccine is free?
@BettinaJeffers Why?   There have been no vaccine passports in England.   Stupid and silly
White House Threatens to Veto Senate Effort to Nullify Joe Biden Coronavirus Vaccine Mandate ‚Äî Even if Democrats Su‚Ä¶ https://t.co/VI4MYg4jpH
Take a listen to some of my brave friends asking Dr. Lee Savio Beers questions about the COVID-19 vaccine.   We all‚Ä¶ https://t.co/nMQlrSLpC3
@jaban84839048 @_CitizenO @pfizer I get that. It's just that I can identify with people who are getting confused... ‚ô•Ô∏è‚ô•Ô∏è‚ô•Ô∏è
"No, have a vaccine reactions to certain people is different from other people. Some have a normal reaction, some ha‚Ä¶ https://t.co/PzEb8KRVld"
"Omicron breakthrough case spotlighted on MSNBC this morning. Moderna booster over J&amp;J, EXACTLY like my sitch.  Am I‚Ä¶ https://t.co/VrxuLUquap"
It‚Ä¶ is‚Ä¶ that‚Äôs why health officials have recommended getting a booster shot because of the possibility of waning im‚Ä¶ https://t.co/03vYl1KASo
"@bfbabine So what is the stat for people that received the vaccination and died?  Since you brought it up. Also, th‚Ä¶ https://t.co/QBNINszKp2"
Because the vaccine doesn‚Äôt stop a person from getting the virus.  The vaccine simply provides the body a ‚ÄúHeadstar‚Ä¶ https://t.co/RO0NGPcvoj
Luna County COVID-19 vaccine tracker: 59% of people fully vaccinated https://t.co/Eqz9IRJsED
Got my Moderna last night and proudly have a sore arm. https://t.co/WjdxQkwKqc
@Winzol @Klreagan73 @RaleighBowman Um.... The vaccine isn't free. It's about $24 per shot.
Looks like the information is being cut off. Can't access the article through the original.  Here's a link where it‚Ä¶ https://t.co/lNgMSzDd7E
"@Hotheads27 @kylenabecker That is literally Eyrthema Multiforme, it‚Äôs a form of rash from stress. I‚Äôve gotten them‚Ä¶ https://t.co/YMbZmbOpUB"
@CraneKialey @andrealynn_rn The vaccines are not a magic shield against COVID. They merely boost your immunity agai‚Ä¶ https://t.co/EBtzs4UQW5
#COVID-19 #coronavirus #plant based #vaccine shows high efficacy ...   | #SARSCoV2 | #medicine | #variants |‚Ä¶ https://t.co/Swqd4YM6Zq
@RobDN1 @GA_SKOL I'm triple pfizer as well. https://t.co/IxUhkR5nh3
@UbuntuForever They carefully word their information. Pfizer booster does boost antibody levels.  They leave out th‚Ä¶ https://t.co/d7OLEOYkJK
@AyomikuninuJesu You got an Omicron vaccine ???
@robertesell A month ago a relative got her second dose of the vaccine and just recently got infected with covid &amp;‚Ä¶ https://t.co/O3VuVnW3fE
@aeminorhan @TheNickFoy @zeynep @TheEliKlein You rejected the results of the randomized control study because Pfize‚Ä¶ https://t.co/EzJFa51Vwq
Fuck! #vaccine #vaccination #Germany #GermanyHasFallen https://t.co/XtLjqEg70c
"@BcCaro @JosephRReagan Especially with testing backlogs, and the fact that 1/3rd of the population won't get a free‚Ä¶ https://t.co/JWaYfIajyv"
Plus Thousands Have Died Or Had Adverse Reactions From The Experimental Vaccine ü§≤üò¢ü§≤ https://t.co/aLhxJ9wdrp
@jett254 @ashishkjha Pfizer has already asked FDA to authorize the booster dose for those 16-17 year olds. It‚Äôs a p‚Ä¶ https://t.co/aPodLHKSyQ
@Joeyjbeck_ @BryceRich23 @digorytoothman @clydelouis You ARE confused. When you need 3 or 4 in less than a year tha‚Ä¶ https://t.co/dPygpOEBOV
@_CitizenO @jaban84839048 @pfizer I know... but I think it's hard for people who have believed in things for a long‚Ä¶ https://t.co/ew62CXj3Nt
Me and my family got our three Pfizer üíâ. üí™üèªüí™üèªüí™üèª https://t.co/G1W1UJwc4r
"@goinbigger @Bouch63 @TheSNFD @pfizer @WHO @mvankerkhove And yeah my taxes were paid, I can‚Äôt really dictate where‚Ä¶ https://t.co/YTZ5pL5zBr"
@goinbigger @Bouch63 @TheSNFD @pfizer @WHO @mvankerkhove I didn‚Äôt say it was free. I said it was free for me. And i‚Ä¶ https://t.co/4QxfubQQoR
Do√±a Ana County COVID-19 vaccine tracker: 61% of people fully vaccinated https://t.co/4sEksHWoTG
@Abramjee Vaccine business is booming if you ask me.
"Covid live: Omicron spreading in UK ‚Äòmuch faster‚Äô than other variants, PM says; three Pfizer shots can ‚Äòneutralise‚Äô‚Ä¶ https://t.co/MT178gLBvA"
@POTUS @HouseDemocrats @pfizer ... dang! Another $5.4B in the bag! üëèüèº üëèüèº üëèüèº üôÑ
"Republicans ready new push to defund, repeal Biden vaccine and testing policies https://t.co/7ZNXUHcoWY via @Yahoo‚Ä¶ https://t.co/NplbI5scBC"
"@_CitizenO @jaban84839048 @pfizer sigh, that's a rather mean tweet, since he probably did it out of a belief the sy‚Ä¶ https://t.co/NY2MeiJgzt"
@chelsxmariee I know some people that have been getting covid like it‚Äôs a badge of honor or something lol üòÇ. Like I‚Ä¶ https://t.co/b33Sh6WY9K
"@Lucypurr12 Mine is out of rows.  I got 2 J&amp;J's which filled both ""other"" boxes.  Husband got Pfizer booster at Wal‚Ä¶ https://t.co/8V1m62kmEx"
@goinbigger @Bouch63 @TheSNFD @pfizer @WHO @mvankerkhove Are you in the US? My booster was free. But oh yeah get al‚Ä¶ https://t.co/yXz8ZrVeDT
@JackBre21488853 @Bouch63 @TheSNFD @pfizer @WHO @mvankerkhove I am very cute. But it‚Äôs the FDA that requires these‚Ä¶ https://t.co/UvzZLpqiIy
"And, in some cases, people get extra vaccine doses they don't need -- wasting doses that could be used in LMICs and‚Ä¶ https://t.co/7dya9zCr9q"
@untappedgrowth From the FDA YouTube channel.  71x more likely to have a heart attack from this vax  More people di‚Ä¶ https://t.co/9JNPa3Xctn
Everyone at @pfizer should spend life in prison minimum. https://t.co/JIQSb3GvBe https://t.co/e2tfTmPMad
"Honestly, governments should even rethink Covid vaccine requirements for international travel. How is a Mexican who‚Ä¶ https://t.co/cczWZmqM1a"
@arikeokinn Just like flu vaccine!
@WeAreTennis Sure he will!! Are you disappointed bcs he doesn‚Äôt have principles? Against the vaccine yet‚Ä¶ vaccinate‚Ä¶ https://t.co/hupAe0bXEv
@C_Barraud lol didn‚Äôt Pfizer just say they work exceptionally well? Twilight Zone.
A federal judge blocked President Biden's administration from enforcing a COVID-19 vaccine mandate for federal cont‚Ä¶ https://t.co/RZnB09VwBW
Meanwhile Pfizer says their booster works great. https://t.co/SqqSgimyu1
@CityNewsVAN Must be on the Pfizer kick back list  huh @CityNewsVAN
@dolmenman1 I don't believe a damn thing Pfizer says.
"Heart attack rates are up in India due to the vaccine. We need to do something quickly, America https://t.co/AgHnsHwf0G"
"@GNev2 Hey G, Vaccine Passport's are going to become Health Passports on the mobile phone, and from there biometric‚Ä¶ https://t.co/5GcVekDWbD"
What do they think the CEO of Pfizer is going to say? Well the omicron variant is mild so maybe only the elderly an‚Ä¶ https://t.co/VyPLnQ7jdd
People complaining about getting a vaccine or masking at this point are selfish assholes who obviously don‚Äôt care i‚Ä¶ https://t.co/vuDDkERW4i
