"The man is evil. An overpaid, narcissistic bureaucrat.  Fauci Recommends Asking Family Members For Vaccine Proof Be‚Ä¶ https://t.co/NMUu67zype"
"October 2024:  Snowflakes: Do we really need a 26th Covid-19 shot, and a 114th booster shot?  Dr. Fauci: YES  Novem‚Ä¶ https://t.co/yVJ9Iw01CJ"
@TheRickyDavila Same except we had Pfizer
This is DeBlasios NYC - crime outta control - Hate Crimes are up 100% in this Liberal DemoKKKrat #Ruined City but M‚Ä¶ https://t.co/SWbDQQPNu5
Omicron likely to weaken COVID vaccine protection https://t.co/zSlCocvwSc
"@PiperK @SenTedCruz @HawleyMO They could ""coordinate"" a paper ballot recount, that would take 5-10 days per state,‚Ä¶ https://t.co/wmSpjjmFCK"
"Early data indicates that boosters, at least for BioNTech and Pfizer's COVID-19 vaccine, further protect against om‚Ä¶ https://t.co/QsaMNnAdTZ"
More vaccine mandates are going into effect when it comes to kids and New York City entertainment watch @NBCNewYork‚Ä¶ https://t.co/GXeFJTAmdn
@BorisJohnson I think you should remember who got you elected when considering vaccine passports or mandatory vacci‚Ä¶ https://t.co/Zzv3FrH1ky
JUST IN: Pfizer Announces Omicron Variant Neutralized By Third Vaccine Booster Shot https://t.co/QIJ4ypZXnL Sounds‚Ä¶ https://t.co/7PFCn36WIj
@HM64444420 @jimbosuff @Nate_McMurray All you have done is agree that there is a vast difference between covid vacc‚Ä¶ https://t.co/VK6b1cYFRj
@michelletandler I saw post with list of ‚Äúin memorium‚Äù for airline pilots with inference pilots dropping dead from‚Ä¶ https://t.co/3rjdRmcDDD
"NYC correction officers sue over de Blasio‚Äôs COVID-19 vaccine mandate, work conditions https://t.co/NqDjdg4qAQ #FoxNews"
Health care workers in NYC lose jobs over vaccine mandate https://t.co/U2DosYKh2z
"@atheistic_1 @KinghorseWrites If this was a vaccine, would ""skillfully combined"" be the best....technique and accep‚Ä¶ https://t.co/NQTFT4lvrc"
Senate votes to repeal Biden federal vaccine mandate for businesses https://t.co/Z1nz4wvD3t #FoxBusiness
"üá∫üá∏ As of DEC 2, 2021: 234+ million people  received at least 1 #COVID19 #vaccine dose.  197.8 million are üíØ vaccina‚Ä¶ https://t.co/PjHel5zx9e"
NYC Announces Mandatory Vaccine Requirement For All Private Employers https://t.co/PWOhrhTw4M By @fordharrisonlaw
FDA Doubles Down: Asks Federal Judge to Grant it Until at Least the Year 2096 to Fully Release Pfizer‚Äôs COVID-19 Va‚Ä¶ https://t.co/zLgFkZEsZR
Pfizer says booster dose of Covid vaccine appears to protect against omicron variant #JustOverBroke #Jobs #Career‚Ä¶ https://t.co/rH4YYsUH8Z
"@GloriaJennings1 @tomgreenlive That‚Äôs not true, they actually developed it years ago, and only had to tweak it for‚Ä¶ https://t.co/YAHeXoCJI5"
"DOC workers had until Nov. 30 to get at least one vaccine dose or face suspension without pay, a deadline that was‚Ä¶ https://t.co/1uF6BWm23x"
"@Dominic_Wyse New York the same. Show vaccine certification and ID to get in to bars, restaurants, venues etc. No o‚Ä¶ https://t.co/c1yADRKsle"
And there never will be. This vaccine lowers our natural defenses to this man made plague. https://t.co/Wvv4SIEFAr
@DianeToucan @GerrishLisa Biden promised to unify the country. We are more divided. Biden promised to end the pande‚Ä¶ https://t.co/NvW3TcUjhy
"This vaccine ""neutralizes"" the #omicron variant according to the manufacturer: https://t.co/WbGionBAsY"
"Vaccine makers racing to update COVID shots, just in case https://t.co/kZ3q6P3YMK"
Whoever decided that the Covid booster shot clinic on campus should be in the middle of fucking dead week is clearl‚Ä¶ https://t.co/UYzPk8zg2w
@TheRickyDavila Same with us....only we got Pfizer
"https://t.co/wv6S3AcPyb ""5 Steps You Must Take Before Engaging Vaccine Litigation"" #milettilaw"
European shares rebound as vaccine reassurances lift sentiment $DB https://t.co/MzVE1TVt1F
"@Cunliffe81 @sueaddison5 @JuliaHB1 @Keir_Starmer In your case, I‚Äôd agree. Does the mask and vaccine hurt you so muc‚Ä¶ https://t.co/GnWHkQcjEj"
@GovKathyHochul Kathy. Just stop. It's over. The vaccinated are the ones getting hospitalized. You should be callin‚Ä¶ https://t.co/gz12tSbI2b
Pfizer Says Booster Neutralized Omicron but Variant May Elude Two Doses https://t.co/oOE0x6JoDc Pfizer will say anything to make money
LA School District Fires Nearly 500 Employees Who Refused Covid-19 Vaccine  https://t.co/s2T0DFoBGG
@aaron_wineberg If the MD or RN can‚Äôt evaluate the science that has been published to determine that the vaccine is‚Ä¶ https://t.co/SS3CqL67IN
Senate votes to reverse Biden vaccine mandate for private companies | Washington Examiner https://t.co/iRokmovLVB
@GregJoh79387119 That's great news my friend!  We all have Moderna as well. I'm nervous üòì the second jab did a numb‚Ä¶ https://t.co/eH2da4tdXy
Senate Passes Legislation Aimed at Blocking Biden‚Äôs Covid-19 Vaccine Rules for Employers https://t.co/ItmU3z8tpA
Senate Passes Legislation Aimed at Blocking Biden‚Äôs Covid-19 Vaccine Rules for Employers https://t.co/TUdcGMd6Bn
Senate Passes Legislation Aimed at Blocking Biden‚Äôs Covid-19 Vaccine Rules for Employers https://t.co/MvqOPw5ttA
Senate Passes Legislation Aimed at Blocking Biden‚Äôs Covid-19 Vaccine Rules for Employers https://t.co/gzI1ri8LmI
Senate Passes Legislation Aimed at Blocking Biden‚Äôs Covid-19 Vaccine Rules for Employers https://t.co/L77yyCLwST
"Senate Votes 52-48 to Repeal Biden's Vaccine Mandate....If Resolution Passes Dem-Controlled House, Biden will Veto‚Ä¶ https://t.co/AZ9lzClSe7"
Covid live: UK could see ‚Äòabout 1m infections‚Äô in weeks; Japan cases buck trend across Asia https://t.co/1vB325JmEH
TwitterMoments: Pfizer and BioNTech said on Wednesday that tests suggest that three doses of their COVID-19 vaccine‚Ä¶ https://t.co/z00al5QaX8
"U.K. Prime Minister Boris Johnson tightened pandemic rules, advising people to work from home and mandating the use‚Ä¶ https://t.co/xg3P2mbf2s"
The Senate approved legislation aimed at nullifying President Biden‚Äôs vaccine-or-test mandate for private employers https://t.co/SzL964LVd5
"From @WSJopinion: A one-time fine for the unvaccinated might be reasonable under Jacobson, writes @EVKontorovich. F‚Ä¶ https://t.co/jGd729qBl6"
"Johnson‚Äôs Plan B, omicron more transmissible, and Pfizer vaccine effectiveness. Here‚Äôs what‚Äôs moving markets‚Ä¶ https://t.co/GbEH6ZAW8Q"
Thinking about this @daisandconfused  short story written at the start of the pandemic and now I got a super-friend‚Ä¶ https://t.co/qbACpeMFZS
eversince i got my booster shot earlier my right eyes keeps twitching lmao
"""Senate votes, symbolically, to dismantle Biden vaccine mandate."" by BY EMILY COCHRANE via NYT New York Times https://t.co/naDc4NF6m8"
"""The pandemic poses the worst threat to gains for children in 75 years, Unicef says."" by BY RICK GLADSTONE via NYT‚Ä¶ https://t.co/Tvs2pPnK2n"
@nypost Pfizer knows how to market their products‚Ä¶.  There will always be flu variants. A yearly flu shot should en‚Ä¶ https://t.co/toplGKKPOo
Judge to review New York City vaccine mandate for public sector https://t.co/PqLWeOpTN1
Thank you to everyone in Dorset who has accepted the offer of the vaccine. There's still time to get yours if you'v‚Ä¶ https://t.co/MY8eEY7oYQ
@MikeWatersSYR @moderna_tx @DonnaDitota1 @Cuse_MBB @SyracuseU Oh yeah......
"""Senate votes, symbolically, to dismantle Biden vaccine mandate."" by BY EMILY COCHRANE via NYT New York Times https://t.co/qtjEsx1rkB"
"""The pandemic poses the worst threat to gains for children in 75 years, Unicef says."" by BY RICK GLADSTONE via NYT‚Ä¶ https://t.co/hhC6UdDbvz"
Alabama DOL Publishes Emergency Rules For Handling Appeals To Employers' Denials Of... https://t.co/paqsoVmJnT By @OgletreeDeakins
I don't get the boycott of businesses which require a vaccine passport.   If you don't have one you can't go in the‚Ä¶ https://t.co/XhFcUZleWr
"üéÅ ADVENT CALENDAR DAY 9 üéÅ  If you are eligible, book your COVID-19 booster vaccine today as it helps improve the pr‚Ä¶ https://t.co/7uKHpnrbf6"
NYC Announces Private-Sector Vaccine Mandate https://t.co/62JCHC046X By @OgletreeDeakins
@LethaboMakgoba That‚Äôs fucked up. I‚Äôm not against the vaccine but How u feel all high and mighty and proud for jeop‚Ä¶ https://t.co/EN5toVCGXb
"Prime Minister Boris Johnson of Britain announced major new Covid restrictions on Wednesday, urging people to work‚Ä¶ https://t.co/bjZkNmoWY4"
The Senate narrowly approved a resolution to nullify the Biden administration‚Äôs requirement that businesses with 10‚Ä¶ https://t.co/udz3wGl3Um
"@FelixDaWildCat @Charlie_WWright @GNev2 Well said, along with that the vaccine is becoming mandatory across Europe,‚Ä¶ https://t.co/MftCqiy4Pr"
Booster shot shivers got me on vibrate
@GovWhitmer No one is being ‚Äúforced‚Äù to leave jobs over taking a vaccine. The stupid and selfish are making that ch‚Ä¶ https://t.co/MD8iXcZhob
@Jeffrey62289994 Covid is much safer then vaccine  Like it or not vaccine is poison and its a fact
"Omicron is a reminder that wealthy nations have the power to take action and bridge the gap, and just like taking‚Ä¶ https://t.co/cn0YuN5cBW"
S.Korea stocks end at over 6-week high on vaccine optimism $PFE $BNTX https://t.co/WqSxklTxYo
the guy that gave me my booster shot gave me a new vaccine card and said to fill out the info for first 2 doses whe‚Ä¶ https://t.co/41804dXWdX
@SenRonJohnson You left out the part about the free and effective vaccine.
Senate rejects Biden‚Äôs vaccine mandate for businesses https://t.co/8Lq5dFW72a
U.S. Senate passes Republican bill to overturn Biden vaccine mandate https://t.co/CRmOrZThoh https://t.co/FZkqGVQtAj
The challenge of limited vaccine supplies: impact of prior infection on anti-spike IgG antibody trajectories after‚Ä¶ https://t.co/IFBOpDwmSr
"@GimsonSusana @Esterostktrader @jimcramer Actually, they don‚Äôt compared to the vaccine. Also, the disease wouldn‚Äôt‚Ä¶ https://t.co/HO0YAV2YGP"
#News United States President Joe Biden's vaccine mandate for private businesses is facing massive opposition in th‚Ä¶ https://t.co/moDQn2Kkrf
"@RexChapman This is what I have observed in NYC, too. The ‚Äúwellness‚Äù type folks are anti-vax. ‚ÄúI have a great immun‚Ä¶ https://t.co/4GEfG4DcaM"
@mrsdebda @jimcramer If there was no vaccine there‚Äôd be no new variant. Natural immunity beats vaccine immunity whi‚Ä¶ https://t.co/6IYfqmYZT2
HUGE! Glenn Beck on Tucker Carlson: US Doctors Were Reviewing Moderna Vaccine In December 2019 Before COVID Hit the‚Ä¶ https://t.co/mC7hQ0tMKA
"Covid isn't going away and the misinformation by those pushing a ""vaccine only"" initiative instead of also emphasiz‚Ä¶ https://t.co/GQNvktU2kr"
"Honestly @DemSocialists, yes I know we're not a party, needs to put out a statement like this along with doing a na‚Ä¶ https://t.co/HXE9HIo3Xf"
"@pipe2323 @Oh_Kevin_G @Maxineviolet @johniadarola If you support vaccine choices based on bodily autonomy though, t‚Ä¶ https://t.co/Yd5obZZtTL"
"The rule, published through the Occupational Safety and Health Administration (OSHA), orders businesses with at lea‚Ä¶ https://t.co/gpSxk4gWJu"
Corrections Officers' Union Sues Mayor De Blasio Over Vaccine Mandate https://t.co/dpiSnZuQ0z
"@minimadclaire Hope you feel better soon. I got mine a month ago , I was so sleepy 2 -3days long then it was fine. Got pfizer after 2 astra"
@prvtcitizeen @dambmad @angeloisidorou @jordanbpeterson @joerogan They actually took a lot of our freedoms. I cant‚Ä¶ https://t.co/pymeS4nrEd
Analysis: Twisted Covid politics scramble Washington's partisan battlefield https://t.co/BL82ctLflR https://t.co/me6dbSZGtg
Dr. Gupta questions Pfizer chief scientist on vaccine's Omicron defense https://t.co/Q1eoxohcFv https://t.co/xVEG3qGV7D
"@TESAHAPS @TheDailyShow @jordanklepper /2 The malaria vaccine has been described as only 30% effective, but in sub-‚Ä¶ https://t.co/oatux5CG8I"
@ImranKhanPTI Never be afraid to be yourself with someone.  In front of you block chief of army staff official acco‚Ä¶ https://t.co/dhHztIfe33
"@POTUS You need a booster shot too, President Biden. Stop evictions, resume retroactive PUA UI until the disease is‚Ä¶ https://t.co/2ltEguT57z"
@AriMelber My spouse is getting ready to turn 67. BD in January. He was slow in getting the vaccine. Slow at gettin‚Ä¶ https://t.co/ItveoYasHy
@TESAHAPS @TheDailyShow @jordanklepper Vaccines aren't defined by a hard binary where anything &lt; 100% automatically‚Ä¶ https://t.co/JPS8L53s5O
@ArditiMd @JanineKimpel 3rd dose individuals were tested already. See Ciesek and Pfizer.
"No, Merck and Pfizer‚Äôs COVID-19 treatment pills are not currently for children https://t.co/4LqOOleDFj"
@vw_chen @_mihirpatel Yeah lots of great educational content I‚Äôll give it that - i got to learn all about how the e‚Ä¶ https://t.co/xeHXKMvmiW
S.Korea stocks end at over 6-week high on vaccine optimism $PFE $BNTX https://t.co/WqSxklT08Q
"Someone asked..  How many booster shot are you willing to take?  If people would just get vaccinated, then we'll se‚Ä¶ https://t.co/ezUDsoNAR2"
Only if we accept the status-quo. It is time for vaccine 2.0. https://t.co/CrKbX5SClO
"Could Would Should Should I get my COVID vaccine booster? Yes, it increases protection against ... - The Conversati‚Ä¶ https://t.co/6Nof39pvmm"
#NYC will implement a sweeping vaccine mandate for all private employers this month- https://t.co/Idebaopf5d
"ATAGI has recommended Pfizer as a single booster dose, irrespective of the primary COVID-19 vaccine received.   Ful‚Ä¶ https://t.co/pmQC2SjzdL"
"Vaccine Makers Racing to Update COVID Shots, Just in Case https://t.co/DUnpm6ltCi"
"COVID-19 vaccine booster cuts death rate by 90%, Israeli study finds.   https://t.co/7YHURjXfyu"
"#VaccineSideEffects 'He Wants To Deny The Reality Of What He Said, What He Did!': Ron Johnso...‚Ä¶ https://t.co/Na4hF81tvh"
Pfizer says COVID booster offers protection against Omicron.   https://t.co/hZ1YQybr7W
"Yes Pfizer literally put out a statement claiming otherwise. Hmmm. Wonder how many shares of ""premium"" stock Pelosi‚Ä¶ https://t.co/wOt3vP0bEv"
Corrections Officers‚Äô Union Sues Mayor De Blasio Over Vaccine Mandate. https://t.co/2dwQZjCV6c
NEW: Could there be one coronavirus vaccine to rule them all? It might not be as far off as you think.  Read The Bi‚Ä¶ https://t.co/w9zr4oQWie
Overturning a federal vaccine mandate for private businesses when this country is currently averaging over 100k cas‚Ä¶ https://t.co/Z4aJB5NqSu
@ASlavitt What about people who got j&amp;j and then got pfizer?
"First, not everyone *can* get vaccinated. I'm not talking abt conspiracy theorists, but people with allergies to va‚Ä¶ https://t.co/f0u0uf39Ui"
I can only get my booster shot in April üíîüíî
Compassionate ER doc campaigns for vaccine mandates https://t.co/nRKhqr7eRN
"üì£ New Podcast! ""#CanYouHearMeNow @latenightparent"" on @Spreaker #fraud #mandate #presidentbiden #scammers #vaccine https://t.co/hRuc0Qm2TT"
"I got my booster shot in my left arm, flu shot in my right, &amp; the body aches are the worst part of my reaction.   I‚Ä¶ https://t.co/RWyomc8LI0"
"@ericadamsfornyc People injected far worse things on their veins, lived through tough contaminated water and food,‚Ä¶ https://t.co/D6fo0wYnLs"
The FDA is now recommending all adults over 18 get a booster shot https://t.co/9Sxqb4R5tO
What is Kyrie even talking about plant based vaccine. There aren‚Äôt any animal products in the COVID vaccine. Just s‚Ä¶ https://t.co/urniRecu7r
@_JonCorbett @FinchTH @MarkLevineNYC Pfizer said three doses is now fully vaxxed
"Have you ever felt a moment of hatred? Republicans ready new push to defund, repeal Biden vaccine and testing polic‚Ä¶ https://t.co/r1MqePUksG"
@BahumisitsweM @IronicVector Not just silly. STUPID AF!! https://t.co/kk215lKztXü§£ü§£ü§£ü§£ü§£ü§£ü§£ü§£ü§£
I am an immunizer. I have personally given 2400+ vaccines. The ‚Äúnot 100% effective either‚Äù smallpox vaccine worked‚Ä¶ https://t.co/fusZDh2dGX
@chrislhayes Biden could release vaccine IP to üåç  I will not get my booster until Biden releases the vaccine IP  Et‚Ä¶ https://t.co/3wQcE2q3m7
Could there be one coronavirus vaccine to rule them all? It might not be as far off as you think‚Ä¶ https://t.co/OmZttcynjp
#NashvilleNed @GovNedLamont wants #VaccinePassports in our state. He wants to facilitate #discrimination for‚Ä¶ https://t.co/nTLMsXzuXh
Could have sworn I muted ‚Äúcovid‚Äù and  ‚Äúvaccine‚Äù. Guess it‚Äôs time to mute ‚Äúvariant‚Äù too. My gawd.
"We not drinking the purple Listerine, greener Listerine, or yellow Listerine, We are taking the actual vaccine, cuz we don't want Covid."
Senate votes to repeal Biden federal vaccine mandate for businesses   https://t.co/SsIIYxIQlk
"So someone sent me this, very frightening , especially if the vaccine is mandated and forced on the people who don'‚Ä¶ https://t.co/vn7Pa1AtUW"
NEW: Could there be one coronavirus vaccine to rule them all? It might not be as far off as you think.  Read The Bi‚Ä¶ https://t.co/fzuKeMKKAH
U.S. Senate votes 52-48 to pass a resolution to repeal President Biden's vaccine mandate for private employers. The‚Ä¶ https://t.co/i9U1XaysTT
I cannot believe this crazy s***!  Democrats are stupid. Why are they trying to undermine @POTUS They are helping u‚Ä¶ https://t.co/1dHS2kmHN2
"@Nettie_Bergin @YourFrenRad Obviously if you take the vaccine, you get arm nipples."
"Huff Post, were you at the hearing Johnson held in Congress with several individuals damaged by adverse reactions t‚Ä¶ https://t.co/rN4Cvt1GwV"
"fuck yeah 24 hour clinics, drove thru the snow for a 1am flu+booster shot"
Pfizer just anounced that for the Tryxcon variant you wll need the fifth booster https://t.co/kOtxVCFobx
@elden_joseph @DrLeanaWen @DrRobDavidson @P_McCulloughMD Have you checked Pfizer‚Äôs stock price lately?
JUST IN - Pfizer claims 3 doses of its vaccine provide as much protection against Omicron as 2 doses against the or‚Ä¶ https://t.co/nEtfNGDo3W
"@MalakahAshley @BestKyleNA_ @SportsCenter @wojespn They probably shouldn‚Äôt have labeled it as a vaccine, it is diff‚Ä¶ https://t.co/61YsKd9u9T"
@naval That would be the cost of the vaccine which is paid by the government in advance and reflected in higher tax bills.
@doom37455413 @AndrewLazarus4 @skepticalprune @AbsoluteGnosis @Particle96 @janem1276 @sammy44231 @LukeAnglindoor‚Ä¶ https://t.co/6UpFewDClg
@JblazeNYC @AP Unless it‚Äôs the vaccine of course then you can tell a women what to do with her body. Right?
@swwwwwapnil them that my parents had got verocell (which is Sinopharm).  They didn‚Äôt provide Pfizer and canceled t‚Ä¶ https://t.co/3yPwhqSKse
Lab tests showed a booster dose increased by 25-fold the level of so-called neutralizing antibodies against omicron. https://t.co/faiQycU7d1
"I will not waste my precious time arguing with anti-vaxxers online.  I am, however, extremely tired of seeing the p‚Ä¶ https://t.co/EuBcdfq6WI"
Not a substitute for the vaccine. Authorized for adults and children 12 and older whose immune systems haven‚Äôt resp‚Ä¶ https://t.co/dmEHhotwKy
@swwwwwapnil My parents came to the USA 3 months ago. They had already received two doses of verocell in Nepal. Whe‚Ä¶ https://t.co/nM0KxXhsSm
Can Pfizer and Moderna be sued for ‚Äòfalse advertising‚Äô? Asking any lawyers or legal big brains to weigh in.
"Lawsuit planned against NYC's private-sector vaccine mandate, omicron cases tick up https://t.co/0BAydYlnmf https://t.co/AD7e6YZrJw"
President Xi Jinping has pledged another 1 Billion COVID-19 vaccine doses for Africa at the eighth triennial Forum‚Ä¶ https://t.co/16gwyxQjWW
I WISH we have the Joe Biden that conservatives think we do. they think he's so far left and he's gonna hunt all th‚Ä¶ https://t.co/RVflxXaEo8
@Dorry_Segev The world knew this over a year ago. Welcome to the party.   Oh btw the shot technically isn‚Äôt a vaccine.. or working‚Ä¶
Too bad we can‚Äôt sue Pfizer for its ‚Äúfully authorized‚Äù shots because of the ‚Äúliability shield‚Äù!
‚ÄúPfizer booster neutralizes omnicron variant‚Äù?? How do you neutralize something that has never been proven to EXIST?
@ashishkjha Where do kids 12-15 fit into this who are over 6 months post second Pfizer shot and no boosters are eve‚Ä¶ https://t.co/GYDkLubASS
@TizzyEnt That‚Äôs how Michael Douglas got throat cancer. But there‚Äôs now a vaccine for HPV9. Killed two friends.
It is hard to find a major antiviral ‚Äúvaccine‚Äù that didn‚Äôt include killed or weakened viruses prior to Covid.   But‚Ä¶ https://t.co/hASzKLgUHa
@annaexclaimed Shouldn‚Äôt have gotten the vaccine what the fuck was I doing
@RedState OSHA's rule is not a vaccine mandate.
"Make Covid-19 testing to be free at both public and private health facilities,people will be motivated to get the vaccine #SAfmSunrise"
@thehill 1. Dem governors who think vaccine mandates are a problem for all of us are a problem for all of us.  2. O‚Ä¶ https://t.co/AaY1ie8XUN
"Yes, it‚Äôs safe to get the COVID-19 vaccine booster if you have mild cold symptoms https://t.co/w4caxefGJm"
"The influence of new SARS-CoV-2 variant Omicron (B.1.1.529) on vaccine efficacy, its correlation to Delta Variants:‚Ä¶ https://t.co/VwQOdqC7UF"
"Jacob Rotschild has determined that the vaccine mandate and compliance by government, media and population have now‚Ä¶ https://t.co/nCo5k67GqB"
Please unfollow me if you think I am ever going to get vaccinated. I mean it when I say I am never complying to these vaccine mandates
The studies concluded that people with two vaccine jabs have weaker immunity against the Omicron variant than again‚Ä¶ https://t.co/LGZ9rX9267
"Masked Christmas. You gave me a cough and the very next day I hid myself away Yes, dear, save me from fears and get you the Pfizer special."
@AssalRad Same propaganda machine that convinces workers they are now safe due to a vaccine that doesn't prevent in‚Ä¶ https://t.co/7wMHU6GdoL
@drklausner They fail on everything covid related and health related. They are in bed with pharma. We can develop a‚Ä¶ https://t.co/7FueKPWsCj
"@mehdirhasan @DrEricDing Ethanol as a natural, organic vaccine is a new discovery last spring to quickly/safely end‚Ä¶ https://t.co/wBqsEd6Qgb"
"@JOEL9ONE J&amp;J‚Ä¶.no issue other than sore arm. Moderna booster‚Ä¶..sore arm. You‚Äôll be good. After all, you are hydrated‚Ä¶.right??"
regrets that I had 2  Moderna vaccines. Look up Dr Vladimir Zalanko. He has two offices one in Monsey  and one in M‚Ä¶ https://t.co/3DEFBMV8ed
"@325Sage @theacquiredfox I think when vax'd people get Covid19,  it weakens its strength because the vaccine is a f‚Ä¶ https://t.co/1w0vgUd06y"
@RWMaloneMD @disclosetv So why would a booster provide the protection lacking in Pfizer‚Äôs first two shots? Is there‚Ä¶ https://t.co/V367C3HUzx
@logosaetos @CliffKYYJ @DFoe99 @TTroyminator @AndersonLaney @AddieShepherd19 @ABC Yeah Canada also requires vaccine‚Ä¶ https://t.co/TKlfQCXKUa
Senate votes to nix Biden's vaccine mandate for businesses https://t.co/2HhdWo6kIt  #CNN #MSNBC #maddow #latimes‚Ä¶ https://t.co/6yqQilBAqx
"@TuckerCarlson So, which falsehood do you wish to present? Deny the vaccine, and get COVID for ‚Äúnatural immunity?‚Äù‚Ä¶ https://t.co/NIw4wxaAmP"
Pfizer and BioNTech said that two doses of the vaccine ‚Äúmay not be sufficient‚Äù to protect against infection with th‚Ä¶ https://t.co/5If5pdlGQN
@rangermonk1 More charlatan talk. You have tweets excusing Trump's violent self coup attempt.    You keep using tha‚Ä¶ https://t.co/ivpPYT3vdz
@scrimmins53 @GovJanetMills Yes!  Let's do this and be a beacon for all to see.  What do we have to lose trying som‚Ä¶ https://t.co/PjA5fSueuX
I had a dream my team was accepting vaccine cards in place of government-issued ID when carding people.  The name o‚Ä¶ https://t.co/PYT0VPxriM
@BrianMastFL No. How about just get the damn vaccine already.
@DaisyKe81790043 @Sen_JoeManchin Do you know what would have helped his immune system? A vaccine! Which he didn't g‚Ä¶ https://t.co/haO27uV22Q
Pfizer says booster dose of COVID vaccine neutralizes Omicron variant https://t.co/Wm63p3jRIx https://t.co/6q4WXM6C2M
UMass Memorial hospital fires 200 unvaccinated employees when they should be HIRING those with natural immunity‚Ä¶ an‚Ä¶ https://t.co/nujlTdomPu
Please go get your booster shot. Have a good night my friends. üíú
@GingersPage There was a 5G antennae inside of that tree. Earlier I saw them spray it with COVID vaccine and dusted‚Ä¶ https://t.co/vtGtGdsAHE
"""Getting covid emasculates you and sucks your life force but also you should get covid so you have 'natural immunit‚Ä¶ https://t.co/UZBUZWtoAW"
@ake2306 Just like the vaccine I had 2 modernas. I‚Äôm sorry I got them from researching these vaccines that were man‚Ä¶ https://t.co/opqvwApSYS
@mollyschreiber I‚Äôm in the same situation. Had 3 doses of Moderna and no antibodies level were detected. Stopped my‚Ä¶ https://t.co/yNQV4BxXcB
How well Sinovac‚Äôs shot holds up against omicron is a question of significant consequence for much of the developin‚Ä¶ https://t.co/NQpQyvCQCL
Perfect example of what a charade vaccine cards are. They dont prove anything regarding the safety of others https://t.co/cedPmFYJbc
@InCollegeHelpMe The vaccine ain‚Äôt nerf him the depression did and I‚Äôm coming to the mic
"@JOEL9ONE Haven't boosted yet,  1 and 2 of Moderna made me sore and tired for a couple days"
@eli_pax @Mindcite_US Most Americans could care less about who fricking mandated the vaccine! Besides Trump didn‚Äôt‚Ä¶ https://t.co/BXGXveswnt
@JOEL9ONE I had Moderna all 3 doses and same exact experience 1-2. Booster 3 more mild then regular 2nd but still a‚Ä¶ https://t.co/g1QmfFFuam
@KatiePhang The Publix heiress financing an insurrection! No wonder DeSantis made the vaccine announcement from my‚Ä¶ https://t.co/QzCwTxmK6G
Follow our live updates on the #coronavirus here: -- China's drug regulator approves two local COVID-19 medicines -‚Ä¶ https://t.co/KPLw9fkgMd
You cannot say that a vaccine is not effective because some cells in a Petri dish didn‚Äôt react as strongly. Our imm‚Ä¶ https://t.co/5Mkwj21t6f
"@ScottAdamsSays Absolutely, unequivocally not. Where is proof of the shot saving millions of lives. Where is that d‚Ä¶ https://t.co/4H3nZ0Gt2X"
@tinaprink42 @newsmax It's the first amendment you are messing with. And that's just not happening. Forcing medical‚Ä¶ https://t.co/KAssHUQNxd
New NYC 11th-hour vax mandate is 'a real big eff you' to Eric Adams https://t.co/mUAZGq04Jc via @MailOnline
A reminder.. Most New Yorkers support a mask mandate!  #MandateMasksNY   https://t.co/MvdOWUf6we
@RealCandaceO Must be one of the variants because there‚Äôs no way it‚Äôs the completely safe vaccine.
‚ÄúThe Senate voted Wednesday night to overturn the Biden administration's proposed rule that large private employers‚Ä¶ https://t.co/6Nd79pNoAg
@RaleighBowman Exceptions for those who truly cannot take the vaccine due to medical reasons
Kim Iversen: NEW Novavax Vaccine Could Be The Answer To Jab Hesitancy https://t.co/Eu1TEqvtkp via @YouTube Great ex‚Ä¶ https://t.co/ye3BafARkg
@Particle96 @provaxtexan @immunotoxPhD @JimeeLiberty @janem1276 @AbsoluteGnosis @kath2cats @doom37455413 @tenebra99‚Ä¶ https://t.co/zgCD9EzEXT
COVID Cases Spike Even As US Hits 200M Vaccine Milestone https://t.co/zHaYaeZLFu
"Pfizer has shared that its first two vaccines do not hold up well against the emerging omicron variant. However, th‚Ä¶ https://t.co/92v2mciJt7"
Judge blocks Biden vaccine mandate for federal contractors https://t.co/W2hZfnK2Sc
@RobinD444 @ASlavitt They are discussing it‚ÄîI saw a news report last week that Pfizer was requesting the EUA for th‚Ä¶ https://t.co/yesNxd7vnS
@TheOGpianoGeek I‚Äôm torn about the booster .. I had the j&amp;j vaccine. I ended up hospitalized with CoVid and with a‚Ä¶ https://t.co/h40x7NHX1W
@JOEL9ONE Barely any symptoms for the Moderna booster. I was shocked. Had snacks and a 24 case of water bedside pre‚Ä¶ https://t.co/VHX0vKwfpf
Tell me your moderna booster experience  I just got mine
"‚ÄúIt hurt to know he got a shot without my permission, without me knowing and without signing any papers,‚Äù Maribel D‚Ä¶ https://t.co/Jc9d9kDEK3"
"Pfizer Says Its Booster Offers Strong Protection Against Omicron Amazon, Bird box, Community, credit karma, google‚Ä¶ https://t.co/G4LgRNBmb0"
I learned about the fight to get vaccinated and the great work of journalists on the ground including my friends‚Ä¶ https://t.co/JjJz5YbUfw
I called out vaccine misinfo for @observer  https://t.co/oR4E6PK7pb
"3 - We (@AliaLorae and I) filmed this movie in fall 2020, before there was a vaccine. So that's proof that complex,‚Ä¶ https://t.co/Q9mj6cGi0D"
@MicheleCherro Yes but much less (+depends on vaccine)
"I'm not understanding the resistance to this vaccine, as far as I know no one has grown 2 heads nor has become impo‚Ä¶ https://t.co/TwB2szmZNw"
"@JustaDiscussion @PreAnteDiluvian @KnockOnWoodard @OccupyDemocrats Ok, follow me here: 1. Unvaccinated person is mo‚Ä¶ https://t.co/ssA7WICjYX"
"@realMrFrank @zeynep @RadioFreeTom Yeah, that's basically right.  The combination of vaccine (in)effectiveness and‚Ä¶ https://t.co/IgYdvlG18I"
@martyswant My second Moderna shot was terrible. The booster was nothing. FWIW.
"@GovKathyHochul Nope. I had covid 2x. I didnt even have to go to a doctor nevermind a hospital. I took NAC, Elderbe‚Ä¶ https://t.co/6Oh1YRObaE"
"""This pandemic ends for no one until everyone has vaccine access worldwide. We‚Äôll only see more variants, more illn‚Ä¶ https://t.co/O5FV6cYRoT"
@ScottAdamsSays We know that many countries with a nearly 100% vaccination rate still have an ever increasing numbe‚Ä¶ https://t.co/VGYhcGGpzR
Senate votes to overturn Biden vaccine mandate for businesses https://t.co/paHDalq4vj
@ClayShentrup @LeanneHebert14 @bennyjohnson And Lord omicron let's not forget natural immunity is nothing compared‚Ä¶ https://t.co/2o1OvdEfhC
"@askboomer1949 Rabies? Prophylactic rabies vaccine in the military? That‚Äôs a new one on me! But hey, OK."
Got my booster today and so far my face is partly numb (norm for me when under the weather) and lymphs are swollen.‚Ä¶ https://t.co/OUihXMS0k5
Today I‚Äôm fully vaccinated I got my booster shot hopefully no reaction from it to
"@silencedrowns after the line disaster i witnessed at anime NYC, i guarantee next AX, assuming a vaccine check is n‚Ä¶ https://t.co/FCLMJ20U07"
"@EricBoehlert Child poverty cut in half, employment at its best levels ever, American workers get the biggest pay i‚Ä¶ https://t.co/d03UWnlu2H"
Kyrie about to get Beyond Vaccine ü§£ü§£ https://t.co/HrgKusWEPT
"#News The Omicron variant might need the current vaccines to be updated to deal with its 50+ adaptations, as some b‚Ä¶ https://t.co/og8TeHcJw7"
@AgnosticLeigh Wait is there an hpv vaccine ??
@ThisisFitzie A good! üòÇ love vaccine to much
@BabblingBiden @GrahamManges @AreYouHamboning @JesseKellyDC It's lower than 99.99999%. Your ignorance is amazing. N‚Ä¶ https://t.co/msxlQ6TLBt
@SteveMi88021428 @JJthebig30 @qlqrcoisaporfav @Eagleeye7361 @brad_on_fire @GregAbbott_TX Lol exactly. For tetanus y‚Ä¶ https://t.co/dQRmKsaqts
If you are promoting vaccine mandates I choose to believe you are either stupid or sold your soul to Satan.
The corrections officers‚Äò union is suing Mayor Bill de Blasio over New York City‚Äôs vaccine mandate for city workers. https://t.co/1WGnqTKjBY
I have sudden craving for pancakes. Is that a symptom of my vaccine shot? ü§îüíâü•û
ALL A/BOARD ‚è≥ because this deserves a replay..  https://t.co/DZDSFRYbaj 11.24.21 üëÅÔ∏è Glenn Beck has a copy of a 153‚Ä¶ https://t.co/nK3sTGxvPj
Just saw a person call a doctor a sheep because he got the vaccine LMAO. Yes. A literal doctor
@jaredlholt Biden should be leaning into this way way more in messaging. Any comment on his test-or-vaccine mandate‚Ä¶ https://t.co/10vnVI2QVy
BROADWAY ENFORCING MANDATE: The owners and operators of all 41 Broadway theaters announced that they plan to enforc‚Ä¶ https://t.co/grtHZW6dRc
BROADWAY ENFORCING MANDATE: The owners and operators of all 41 Broadway theaters announced that they plan to enforc‚Ä¶ https://t.co/jJ6JYySHq2
.@ashishkjha joins @DavidMuir to answer your questions on boosters as Pfizer reports high antibody level after a th‚Ä¶ https://t.co/X2wNTJaFrU
90% risk reduction with a booster shot #COVIDBooster #ACP https://t.co/oxE5nylRM3
'Fatally Flawed!' GOP Senator Demands That Biden Reverse Vaccine Mandate https://t.co/J4lFyMLTmF
@pfizer @ConquerCancerFd I took the second dose of Covid-19 vaccine and I still have issue with my right hand. It‚Äôs‚Ä¶ https://t.co/kuvOivnenr
"@GreenPartyUS What an awful, wrong, and stupid statement supporting vaccine mandates from the Green Party Steering‚Ä¶ https://t.co/fhxVXciHgJ"
To the judge who blocked that vaccine mandate for nyc. I fucking love you. DiBlasio &amp; your minions can go jump off the Brooklyn bridge.
@ChuckGrassley We will remember when people die from this vaccine that you encouraged it!
"What the hell is going on in Canada? My son's and DIL entire family is antivaxxers, ordering fake vaccine cards! My‚Ä¶ https://t.co/QPTku322ah"
NYC vaccine mandate BLOCKED by court https://t.co/E07KMRitvG via @YouTube
@TheOGpianoGeek I am too .. got moderna/moderna/moderna
"In a 52-48 vote, U.S. Senate votes narrowly to block President Joe Biden‚Äôs #COVID19 vaccine mandate for the private‚Ä¶ https://t.co/9QCoZo1o62"
NYC vaccine mandate BLOCKED by court https://t.co/B9cBEiQHy9 via @YouTube
@djericrage @industrial_baby @NPR Download the data yourself: the death rate drop  from peak for the fully vaccinat‚Ä¶ https://t.co/nfvfLN1sB2
@kxviswan123 Maybe the Moderna CEO might have thought a little about his comments before he blurted them out.
Senate votes to overturn Biden vaccine mandate for businesses https://t.co/h5vgacyPuf https://t.co/uL1BjQWYXd
Identifying protein sites contributing to vaccine escape via statistical comparisons of short-term molecular dynami‚Ä¶ https://t.co/hVikIblZhj
@Neoavatara @Coral12271 @vjeannek Bro. Every ‚Äúexpert‚Äù on the planet from Wallensky to Surg Gen to Fugazi to Biden t‚Ä¶ https://t.co/ltiBaDr90t
@UncleBillyMoney @pfizer @AlbertBourla @LizClaman @cvpayne @joerogan @JamieVernon @BretWeinstein @RWMaloneMD‚Ä¶ https://t.co/VOPNIN5H59
"NY judge orders girl, 11, to have COVID vaccine against wises of dad https://t.co/eTCJycikfh @MailOnline"
@pfizer Boosted. Thanks. You too @cvspharmacy https://t.co/C8oEpVeiyO
You want me to get the vaccine? The thing that prevented millions of people from being killed by smallpox and polio‚Ä¶ https://t.co/qQqxmnjMG7
@UncleBillyMoney @pfizer @AlbertBourla @LizClaman @cvpayne @joerogan @JamieVernon @BretWeinstein @RWMaloneMD‚Ä¶ https://t.co/vWIgnj1x3l
@Sen_JoeManchin you are a real fool! Blocking vaccine mandate? You must have lost your mind
‚ÄòWE‚ÄôRE APPROACHING A MILLION VACCINE INJURIES IN THE U.S.‚Äôhttps://t.co/6pCohjbWLC https://t.co/1LT7qWVJj3
What happen sleepy joe you just had 2 dems go against and to side with republicans to repeal your vaccine mandate l‚Ä¶ https://t.co/y4hR4jIkeL
‚Å¶@JoeBiden‚Å© ‚Å¶@SenateDems‚Å© It‚Äôs about time that all Democratic Senators support President Biden. If we are ever goin‚Ä¶ https://t.co/VPu1vdu3VJ
JUST IN: Senate Passes Resolution To Nullify President Biden's Vaccine M... https://t.co/dbVJOvMJ4h via @YouTube‚Ä¶ https://t.co/kzF842FUCZ
@fanofwalt @ASlavitt They can be vaxxed (I have a couple of friends who currently have cancer and they've been vaxx‚Ä¶ https://t.co/DDHub4N6Vt
@AnaCabrera Please read beyond the Pfizer PR headlines. From CNN: ‚ÄúThe data released Wednesday has not been peer-re‚Ä¶ https://t.co/HZpZo9ytYZ
I think Schumer just allowed this to go to a vote so that red state Democrats like Manchin and Tester could say ‚ÄúI‚Ä¶ https://t.co/inYk8g9WGr
Im not taking booster shot after booster shot fuckin around with these dumbass people https://t.co/ay98WX0Dhy
@BradleyMartyn I want ur vaccine
"CNN: Why should people with natural immunity still be forced to take the vaccine? FAUCI: ""I don‚Äôt have a really fir‚Ä¶ https://t.co/1W4JVHdzwZ"
@Moonlightsiesta @fascinatorfun @xtinamagwaza @BernhardBraun7 @rid1tweets @sailorrooscout I truly dont understand h‚Ä¶ https://t.co/qpV7QpFEVt
‚ö°Ô∏è11.24.21‚ö°Ô∏è Glenn Beck has a copy of a 153 Page Confidential Agreement between Moderna and the US Government and i‚Ä¶ https://t.co/s6e1iiDU7P
@BlondieforTrump @aaru_03 I am glad to hear you didn't experience the terrible symptoms of a mild cough and sore th‚Ä¶ https://t.co/KdYKMs8kx1
"The question I consistently can never seemed to have answered is, if you go get a vaccine shot to protect you from‚Ä¶ https://t.co/bubYMrY6ii"
Damn‚Ä¶ Pfizer about to have a lit Christmas. https://t.co/vaHzpu7URR
happy bday @NICKIMINAJ . go get that vaccine girl &lt;3
Did anybody else notice the Moderna logo on the scoring table in the Dome last night? Is SU taking money from the v‚Ä¶ https://t.co/xS4PVTTRp8
Pfizer and BioNTech said Wednesday that laboratory tests suggest a booster shot of their coronavirus vaccine offers‚Ä¶ https://t.co/KjHUY1QDJu
@Brian_Orak @macroliter They were right in line with what I expected.  My takeaway was that we have a good omicron‚Ä¶ https://t.co/JO6tXJGlI4
#VaccineMandate @SenateGOP @Sen_JoeManchin @jontester @SenatorTester  U.S. Senate Repeals @POTUS Vaccine Mandate fo‚Ä¶ https://t.co/aYk2QN4iC9
üó£Get the FACTS and then GO GET VACCINATED   #GetVaccinatedNow #vaccine #COVID19   üëáüëá https://t.co/2ADt5a9bx0
Vaccine co-creator: The next pandemic could be¬†worse https://t.co/TsjK5omQhE
Senate Passes Resolution To Repeal Biden's Private Sector Vaccine Mandate https://t.co/Q1jCIcoONI via @YouTube
So much of what we've seen just in the last few months are world leaders terrified of admitting this truth.  What w‚Ä¶ https://t.co/YxLEgSUZU4
‚ÄòWE‚ÄôRE APPROACHING A MILLION VACCINE INJURIES IN THE U.S.https://t.co/6pCohjbWLC https://t.co/4TldnYiHTW
Senate votes to repeal Biden's vaccine mandate - ABC News via @ABC - https://t.co/n1P2u0d3e3
‚ÄòWE‚ÄôRE APPROACHING A MILLION VACCINE INJURIES IN THE U.S. No to Vaccines https://t.co/6pCohjbWLC‚Ä¶ https://t.co/DakUxghvvE
So getting the vaccine makes you a pussy and getting COVID feminizes you? Got it.   Apparently rightwing masculinit‚Ä¶ https://t.co/QA37VHUB0m
Senate Votes to Repeal Biden‚Äôs Vaccine Mandate for Businesses  https://t.co/S6WtBNb9AW
@MemphisCatman I feel your pain ‚Äî I got the flu vaccine and 1st shingles vaccine on the same day back in October; f‚Ä¶ https://t.co/K62ltRPGYY
@jenneraub They want so badly to be proven right on masks- and cling to it tightly now that all other NPIs have bee‚Ä¶ https://t.co/Mg6Q58tTwM
@CharlesMBlow And now they have fake vaccine cards so it‚Äôs pretty hard to tell who is even vaccinated.
Pfizer study shows booster shot protects against Covid-19 omicron variant. https://t.co/hxU3JZkzlx
@TheOGpianoGeek 3x vaxxed but no flu vaccine. Haven‚Äôt had flu vaccine in about 18 years
The battle continues over vaccine mandates in the courts. The reality for nursing homes is they will be able to kee‚Ä¶ https://t.co/8Ka75hAkBX
Demand for coronavirus vaccines has spiked in the U.S. in recent week. Omicron ‚Äúmay be the ‚Äòboost‚Äô to help the unva‚Ä¶ https://t.co/uJZwZL8kUW
@JulieBanderas @moderna_tx Required??
The Devon man died 11 days after he received the AstraZeneca shot. https://t.co/ZGgW2JJUWa
ü§¨The Senate voted today 52-48 to nix President Biden‚Äôs vaccine mandate for larger businesses-a symbolic GOP win. ON‚Ä¶ https://t.co/IUnyHlhnRT
The folk who do not want to take a vaccine out of fears of governmental/corporate malice are constantly breathing i‚Ä¶ https://t.co/ADdYqoGv0n
Pfizer and Moderna push booster shot propaganda that science says will not work https://t.co/bMG7alT2Py via @CDNNow
The Senate voted Wednesday to repeal a President Biden-backed federal #COVID19 vaccine mandate for private business‚Ä¶ https://t.co/OY0K9AcH95
Pfizer‚Äôs vaccine takes a ‚Äúvery large‚Äù hit from omicron‚Äîbut boosters help https://t.co/NxwT1go8hM from #FeedLab
@ChristinaMets15 The first comment took me out ‚ÄúBeyond Vaccine‚Äù üòÇ
"Gov Whitmer Reportedly Calls Biden‚Äôs Vaccine Mandate A ‚ÄòProblem,‚Äô Wants To See What The Courts Decide https://t.co/l9Mf1PDXMI via @CDNNow"
@Lukewearechange Dana is vaxxed so taking anything extra üôÑ  because rogan told him his magic formula is his choice.‚Ä¶ https://t.co/7c1yot2NTA
@ASlavitt Where does this leave kids ages 12-15 who are now more than 6 months post second dose of the Pfizer vacci‚Ä¶ https://t.co/uIRnCotsgX
@WFSBnews The science: vaxxed people can GET and SPREAD Covid19   Stupid government: show your vaccine passports to‚Ä¶ https://t.co/nQzJKCiGq6
"This vaccine ""neutralizes"" the #omicron variant according to the manufacturer: https://t.co/mweYBkk7IY"
@NorthernLightH Maybe you shouldn‚Äôt have fired all those vaccinated employees. At the same time that the vaccine wa‚Ä¶ https://t.co/bVWwyqdRXc
This is why I refuse the jab. Good people like this found out the side effects of it the hard way. Innocent people‚Ä¶ https://t.co/yiy49GRzqi
Tonight was the most eventful (and delightful) night for me since Covid has started! Got a booster shot late night‚Ä¶ https://t.co/SwIoCIzXjM
NYC Mayor Announces a Vaccine Mandate For ‚ÄúAll PRIVATE Sector Employers‚Äù in NYC https://t.co/ElcCcyov95
@SenatorTimScott I‚Äôm glad you weren‚Äôt around during WWII when Americans banded together to sacrifice for the common‚Ä¶ https://t.co/xJ77CZVdGh
@TheBakeman It's not a vaccine. It's a killing machine!
"@SenatorTimScott If they aren't smart enough to get the shot, they shouldn't be on the job.  https://t.co/4BbDukC2CT"
"Connecticut Coronavirus Vaccine üíâ Update ‚Ä¢ December 8, 2021 https://t.co/kkecNeaXKv"
@HolidayHobo @ibroxman99 @skidathustra @Yamiche Ummm everyone in the world is going to be exposed to this virus and‚Ä¶ https://t.co/34FssdRjfQ
@BeauJeansonne @Landon59482362 @iMissMollyIvins @OccupyDemocrats I have no idea but no vaccine is 100%. That doesn‚Äôt invalidate anything.
@AustinSarabia Prove it. Where does he affirm the recent CDF teaching on the Covid vaccine?
@EricTopol And how long will it last? You know it is an endless loop. Are we gonna just all use intrathecal vaccine‚Ä¶ https://t.co/PGD2BGspuW
CBS Evening News - NYC announces one of the strictest COVID vaccine mandates in U.S.
"@JustsayinGB13 @JoyAnnReid No, it‚Äôs actually a fairly simple equation, restrict the supply of fossil fuel energy, r‚Ä¶ https://t.co/mvcawbD326"
"@EricTopol @ScienceMagazine @ScienceVisuals The ""holy grail"" is in the works! Room temp stableüíä#vaccine, produces m‚Ä¶ https://t.co/o4XZ4ULpzy"
@Yaya05101 @RedBeretNYLouis Yes there are people on the left. BLM protested at carmines. A lot of Democrats origina‚Ä¶ https://t.co/yb47BmFDgk
COVID vaccine passports could be coming to CT https://t.co/L6ciRmD0EM https://t.co/AXStQKQ8Kk
Senate votes to nix Biden's vaccine mandate for businesses https://t.co/hEN6kv6XO9 #SmartNews
"@RadioFreeTom Eh, the data/reports from the scientists a week later isn‚Äôt exactly great news on the vaccine front‚Ä¶‚Ä¶ https://t.co/PUYxF64iYR"
"@fobita I told Kyrie not to be forced to take the damn vaccine, this is bigger than basketball üòÇ. And mannn the Roc‚Ä¶ https://t.co/YT0Dfqrf8v"
New @UNICEF report lays bare that the threats to children are the worst in the organization‚Äôs 75 year history‚Ä¶ https://t.co/NgICoXiFmx
@ConnConnection I am trying very hard not to contract Covid given that I‚Äôm already disabled &amp; have cancer. That‚Äôs w‚Ä¶ https://t.co/GwsSyibVVa
@TadEdge @Molson_Hart @eyemightbewrong Isn‚Äôt that the point? Delaying the FOIA protects Pfizer?
So his whole beef with the vaccine and losing out on money was because they tested it on animals? Not anything else‚Ä¶ https://t.co/ReN5Pr70h8
Biden administration sending 9 million Covid vaccine doses to Africa - NBC News About time!!! Wealthy nations shoul‚Ä¶ https://t.co/sBa980U4Ni
@LindseyGrahamSC @POTUS does not have the right to have the country vaccinated! He has the OBLIGATION to vaccinate‚Ä¶ https://t.co/Cswm1NWfJh
Merck and Pfizer‚Äôs antiviral pills against Covid may just be the beginning https://t.co/ZQ1Au5QUQU
Plant-based vaccine wya?
"@LauraMiers I‚Äôm already disabled, &amp; a cancer patient; I‚Äôm trying my hardest not to get Covid. This includes getting‚Ä¶ https://t.co/AaosTKPBnk"
He's vegan and the vaccine was tested on animals (but there's a vaccine coming out of Canada being tested that is n‚Ä¶ https://t.co/669s0hLbuy
I read the whole article of Kyrie wanting to take a plant-based vaccine.. and per usual people were dragging him for no reason... üòÇ
@DinnerWed @edwinfornyc You‚Äôre citing a bureaucratic detail as evidence of some conspiracy. Millions of people have‚Ä¶ https://t.co/i0aA0fgyv0
@RWMaloneMD spoke at length with @jimmy_dore about @GVDBossche's vaccine-resistant immune escape warning. I wish th‚Ä¶ https://t.co/WhPo8zGQ4g
"@CWilliamson44 For me, the second Pfizer shot was the worst. But it‚Äôs better than getting Covid!"
@DnaLeguillou @dtcollier54 @Lauriemac916 @SenatorLankford No koolaid‚Ä¶just a vaccine that works and can save my life‚Ä¶ https://t.co/Jpysp4qicV
@tayl8again Why did you make your page private lol?? What are your side effects so far? The arm I got the vaccine i‚Ä¶ https://t.co/dn6XNt8LIT
"Private sector workers in #NewYorkCity will have to get a #COVID19 vaccine or face termination, #DeBlasio announced‚Ä¶ https://t.co/zpCpcdCnOk"
Senate Votes to Repeal Biden‚Äôs Vaccine Mandate for Businesses https://t.co/qIqaZhh4zJ https://t.co/XVjoh8mKNS
LA School District Fires Nearly 500 Employees Who Refused Covid-19 Vaccine https://t.co/8DFu7uGKR5 https://t.co/8Yob2qEJdz
@DinnerWed @edwinfornyc From august https://t.co/XHsFwfHF2K
@_daveharrison @SenRonJohnson It's all good.  Just think of it as a vaccine mega booster.
While Oklahoma Governor Kevin Stitt looks to reap the political rewards for his anti-vaccine mandate political stun‚Ä¶ https://t.co/I9UjLLaLn8
IBM Employees Release Open Letter Questioning Company's Vaccine Mandate https://t.co/LfsYe6kfyO
@mehdirhasan Maybe the abundance ‚Äî oh wait ‚Äî the complete lack of cheap at home testing‚Ä¶ Or local border controls?‚Ä¶ https://t.co/8ClsIFY8NO
"Two take aways from the late show: this new covid strain is real but science is real too, don‚Äôt me misinformed, get‚Ä¶ https://t.co/1QxzCzVUPz"
U.S. Senate passes Republican bill to overturn Biden vaccine mandate https://t.co/x2v9d1lodQ https://t.co/tmovCEAl9g
"With the help of Lackawanna County, Gerrity's Supermarket is offering $50 Gerrity‚Äôs gift cards to anyone 18 or olde‚Ä¶ https://t.co/hsb4dZUHTf"
But you can‚Äôt enjoy them because of COVID mandates &amp; when those are lifted you still need to have a vaccine.  ü§£ https://t.co/9P5uOFZDMx
U.S. Senate votes to REPEAL Biden's vaccine mandate for private businesses  https://t.co/vXnEUxJfBQ  https://t.co/T3cRS28Vup
@kathyinbluebell @JesusNarrowWay You should be fine Moderna
Pfizer says its COVID booster shot works best.  #77WABCRadio #Pfizerbooster  https://t.co/cfyBrAoHsW
@WorldAltMedia The FDA now wants to keep the vaccine truth from us...until 2096! ICAN just sent me an email on this‚Ä¶ https://t.co/6eH1QMwzs3
@DinnerWed @edwinfornyc Jesus get off of YouTube. Nuance is a political virtue. Pfizer can be evil and still provid‚Ä¶ https://t.co/PL36JV7qvM
Plant Based Vaccine? TF
@CultusMusicorum @edwinfornyc The mandate is fascist. People don't need politicians who own Pfizer stock forcing ex‚Ä¶ https://t.co/ufE1SK66Tw
"@edwinfornyc But the vaccine does not require one to be insured. Generally speaking, yes our healthcare system is b‚Ä¶ https://t.co/a0mW5lTSNJ"
|| I'm so nervous to get my booster shot tomorrow I swear I don't mind shots but I'm not ready for the side effects‚Ä¶ https://t.co/ubZbXSvHxL
Hahahahaha fuck why did I ever get the vaccine üòÇüò≠ https://t.co/8ifkKYMXFV
"@UNICEF 100 million children have fallen into poverty since the pandemic began, more than 23 million missed getting‚Ä¶ https://t.co/98WyJD33Se"
A booster shot and a 4th dose ? How many times you get a flu shot a year ? Just curious
If your top Spotify Wrapped artist is Bad Bunny then you my fiend have been partying/perreando way too hard since that vaccine hit
WE‚ÄôRE APPROACHING A MILLION VACCINE INJURIES IN THE U.S.‚Äô https://t.co/6pCohjbWLC
Broadway Expands Vaccine Requirements https://t.co/RzT5P8qsvG
.Senate votes to repeal key Biden administration vaccine and testing policy  https://t.co/Fx9Ptoo25G
"At one clinic serving low-income children, treatment for health problems that have gone unchecked during the pandem‚Ä¶ https://t.co/kIt0k3A5cN"
"@BreitbartNews Or, were they vaccine-mandated OUT?"
"@SHolmesV2 @PrisonPlanet ""Your yearly jab, brought to you by Pfizer."""
"It‚Äôs great 3 doses of Pfizer neutralizes Omicron, but we can‚Äôt even get people to take 1‚Ä¶"
"@SonsOfMontesQ By contrast, the self-reporting Vaccine Adverse Reporting System (VAERS)¬†lists¬†16,310 deaths related‚Ä¶ https://t.co/kes9RsaXF4"
@TheBabylonBee Moderna better step up their game!
No issues with Pfizer shots 1 &amp; 2. Booster with Pfizer had some redness and swelling. All resolved in a few days. D‚Ä¶ https://t.co/rmCIZljDqq
@bradleyjakej @wagatwe @OccupyDemocrats In NYC the Pfizer trucks are parked everywhere.
"Manchin and his fellow moderate Senator Jon Tester were the only Democrats to vote in favor of the bill, which woul‚Ä¶ https://t.co/erXnaYWre3"
Nursing Home Staff Vaccination and Covid-19 Outcomes | NEJM For those who wonder whether vaccine work to save other‚Ä¶ https://t.co/wadEAkvsIf
Vaccine mandates has been nullified!  #fjb #gonebeyondmeans #tyranny                           JUST IN: Senate Pass‚Ä¶ https://t.co/ys3N188Kgk
A 3rd full dose of Moderna ! ü•≥ https://t.co/pzkGYKWu53
I'm 99% sure I left my vaccine card in NYC.
@NFJes15 @niagaracatholic @Camillocipriano @mustafahirji thought the lord helped those who helped themselves. get t‚Ä¶ https://t.co/TJj6h76HjI
"Pfizer said its COVID-19 booster dose may protect against the new omicron variant, but the initial two doses appear‚Ä¶ https://t.co/SU2MjaXRBY"
"@PokerPolitics Torbs is like, ""Parler uses AI that will inject the Trump vaccine in the your skin from your finger‚Ä¶ https://t.co/ndolh18kDF"
@EricTopol @ScienceMagazine @ScienceVisuals @InovioPharma has the vaccine
@steve90232052 @Tsherm66 @rachida_labbas @CNN Have a chance at what? You have a 99% chance of living without the va‚Ä¶ https://t.co/1YzgvFU4Ho
Covid vaccine also can kill your kids https://t.co/saspZpMEWD
@xmillrunner None from my Pfizer booster.
@maddow Why not try a vaccine?
Intranasal immunization with a vaccinia virus vaccine vector expressing pre-fusion stabilized SARS-CoV-2 spike full‚Ä¶ https://t.co/KTJ5WkETiR
"‚ÄúFollowing testimony, Louisiana House Health Committee members voted, 13 ‚Äì 2, to reject the proposed mandate! Despi‚Ä¶ https://t.co/OVPKqXVtAC"
Senate Passes Measure Nullifying Biden‚Äôs Vaccine Mandate On Large Companies https://t.co/qkr8yEf2hr #and #Biden‚Äôs‚Ä¶ https://t.co/dwKW0iF96L
"So a lady got transferred out of the shelter for testing positive of #COVID19, she was from my dorm. Apparently two‚Ä¶ https://t.co/Qj0jv7rr1B"
JUST IN: Senate Passes Resolution To Nullify President Biden's Vaccine Mandate... https://t.co/kvPtt2OIor via @YouTube
@cnnbrk The Senate has voted to nix the Biden vaccine mandate for businesses with 100 or more employees. Perhaps th‚Ä¶ https://t.co/gtJyf1baZY
@Raven4212 @LunaStrongKali @blahloney42 @akheriaty Maybe they should use the $$$ they are getting from Pfizer and hire some more people.
@agmiller92 @katie_honan @BilldeBlasio @NYCMayor Didn‚Äôt Giff! Fundraising off a chaotic vaccine mandate? I don‚Äôt think so
"""In a small hospital, our patients are our neighbors, friends and old high school classmates,"" writes‚Ä¶ https://t.co/PIMiPCyvUc"
"@JoeDoe20211018 @GregAbbott_TX They‚Äôre grown adults JoeDoe, &amp; I hope they get the vaccine.  Their great uncle is 6‚Ä¶ https://t.co/I5kS1ll1gT"
A report out of South Africa offered a first glimpse at how vaccinated people might fare against the fast-spreading‚Ä¶ https://t.co/QSGUKnSzPN
"My nerves were off the charts on Saturday when I got my booster because I‚Äôd had the J&amp;J vaccine, so I wasn‚Äôt sure w‚Ä¶ https://t.co/d7Yz4A1a8T"
@RUSI_org @VeerleNouwens @MichitoTsuruoka This was great. Is the Quad moving in the direction it was supposed to? I‚Ä¶ https://t.co/j4bY0MBjt4
Thank you Senators #FJoeBiden https://t.co/FLl0KbEdV6?
@Sen_JoeManchin Thanks for nothing. Our family friend died in WV yesterday...from covid. He was unvaxxed and alone.‚Ä¶ https://t.co/v9uTJxnq2G
Getting a vaccine for any reason is a choice. We are autonomous beings.  You can‚Äôt force it people who have made a‚Ä¶ https://t.co/yw2X1PGM6w
Europe may have draconian lockdowns &amp; mandates but America should show the world that Freedom is not negotiable - L‚Ä¶ https://t.co/zYw7iNxgCQ
@Adventure522 @polarbearsuburb And that‚Äôs why ppl need to get the booster shot as well when it‚Äôs time for them to g‚Ä¶ https://t.co/iiqbzXXTNj
@knitvspurl @DirtdogKathy @chipfranklin Vaccine mandates are settled law. Any lawsuits get to SCOTUS and that ends‚Ä¶ https://t.co/1K4J7wqi4H
‚Äú‚ÄòThis practice is treating us like slave labor and it will only result in officers getting sick or injured by assa‚Ä¶ https://t.co/PdEjrqpYOM
"Booster shot this, booster shot that. I haven‚Äôt got my first jab yet. I‚Äôm honestly terrified, I just mask üò∑ up, and make duas‚Ä¶"
"@RaleighBowman Disagree. As stupid and dangerous the decision not to get the vaccine is, the state should not withh‚Ä¶ https://t.co/wRbgv5hj1J"
My 88 y.o. parents told me tonight of an elderly friend‚Äôs sister who died of #COVID-19 last night. #Unvaccinated of‚Ä¶ https://t.co/lMieAPKeft
@SkyNews All he‚Äôs got in reply to every question is ‚Äúvaccine rollout‚Äù which shows he takes nothing on board except‚Ä¶ https://t.co/Y0nxQ4xZxu
@jimbosuff @Nate_McMurray Why did we shift to Trump? He has been out of office for almost a year. Unsure what that‚Ä¶ https://t.co/7weXptyj0v
"I'm boosted, carried by Moderna  https://t.co/CMdsRzTGWm"
@tedcruz How about doing a PSA to encourage Texans to get a Covid vaccine.
"Oregon State University will be hosting a coronavirus vaccine booster clinic next week, Wednesday, Dec. 15 and Thur‚Ä¶ https://t.co/1pE0np0G0l"
"They'll have to kill me, before I ever think about getting the vaccine.  #DoNotComplyEVER"
@Eric_Hansen71 I got my Moderna Booster last week...still not Wonder Woman either.
"@TuckerCarlson So, let me understand this archaic view of womanhood. You equate women with weakness, and because Jo‚Ä¶ https://t.co/BD2bwzmJmS"
German Study Finds ZERO COVID-19 Deaths in Healthy Children but the Children are Now Dying from the Vaccine https://t.co/LrzSMOrvL7
@Phillygirl741 It might be? I don‚Äôt know anything about how vaccines are funded.  But the US govt has some type of‚Ä¶ https://t.co/sd9v4kqo00
Wait. I got a Pfizer booster and I do remember John Lennon! https://t.co/0vIyNxi4bA
"California mom blasts school for BRIBING her son, 13, into having COVID vaccine https://t.co/jRIEuLMX1p"
"#DYK: Parents, protect your #kids &amp; get $100 before the holidays; visit https://t.co/AN76i7UhSGüìÜ VAX@HOME‚ùì Call 877‚Ä¶ https://t.co/5SqIMWqbLE"
VACCINE MILESTONE: The number of Americans fully vaccinated against COVID-19 has reached 200 million.‚Ä¶ https://t.co/7gJ0NkwH8g
"So far, Omicron has been reported in 57 countries, and WHO expects the number to continue growing.   @UNHumanRights‚Ä¶ https://t.co/knOWtiwwQ0"
Scientists: ‚ÄúZERO omicron deaths‚Äù   News media: ‚ÄúYour all gonna die‚Äù  Pfizer: ‚ÄúWe‚Äôve done extensive tests to show 4‚Ä¶ https://t.co/ak55KBHQuk
@Awithonelison @Filli_79 @goinbigger @TheSNFD @pfizer @WHO @mvankerkhove Don't believe everything you read.  This i‚Ä¶ https://t.co/q1dD2lIiLW
@SirBancmoreLink @aortium @ClaireSilver12 I never contradicted myself. I said the vaccine (and all vaccines) lower‚Ä¶ https://t.co/XLGOn9y7vp
This is essentially forcing young kids to be vaccinated and it is so wrong‚Ä¶.NYC Expands Vaccine Mandate to Whole Pr‚Ä¶ https://t.co/KNiRw1NLPK
U.S. Senate passes Republican bill to overturn Biden vaccine mandate https://t.co/VfSmytkGAv https://t.co/bEkosyo4nL
I believe in science AND I have received 3 Pfizer shots! https://t.co/D180svjp2q
@liesarentfacts @donwinslow So. . . pay attention to details. The C-19 vaccine has never been sold as a way to prev‚Ä¶ https://t.co/vXjykEVbgH
The Senate has narrowly approved a resolution to nullify the Biden administration‚Äôs requirement that businesses wit‚Ä¶ https://t.co/Edx3xTT3t7
"@Lish_daddy @AdamSchefter That has NEVER been said, the point of the vaccine was to help you fight it better so it‚Ä¶ https://t.co/oF7JEk5csH"
@UncleChaps Which vaccine do you think he got?
@MarkLevineNYC So only 15% of the city is fully vaccinated and yet we still operate as though 75% is. For example r‚Ä¶ https://t.co/26xR5dAPFT
"REMINDER  GOP Senate was happy to use a 50-vote (majority) threshold tonight to pass anti-vaccine law, but still re‚Ä¶ https://t.co/Icm0ECP0A0"
Alternate take: 99.4 percent of the 70k LAUSD employees comply with vaccine mandate https://t.co/B0Tvrws0PB
@Raven4212 So you don‚Äôt know much about how the FDA and big pharma are getting rich off our backs I take it. Maybe‚Ä¶ https://t.co/Ozv9rYAc9V
@GovJanetMills Maybe have clinics open again so people aren‚Äôt waiting 3 + weeks to get in for a vaccine .. just a thought
"via @NYTimes For Republicans who forced the action, it was a prime opportunity to paint the administration‚Äôs effort‚Ä¶ https://t.co/ZTi4c7dnLS"
"@KimIversenShow @petehw11 @GreenPartyUS @Fwd_Party But, Yang? The supporter of apartheid Palestine and Gaza prison?‚Ä¶ https://t.co/Qz3TJRQRA7"
He said he feels much better then he did the other day. So hoping the vaccine is doing it‚Äôs job. His dr said consid‚Ä¶ https://t.co/YqBIsqQ64K
"@YahooNews Perhaps,  President Biden needs to veto that vaccine testing ban"
@sarahkhan557 I have everything but the 3rd booster shot.  Im getting that on the 16th of this month.
Senate votes to block Biden vaccine mandate ‚Äî but measure unlikely to become law - CNBC https://t.co/sI9B9Zs8j4
"I may currently be a burrito of blankets after my booster shot, but snow is falling outside &amp; my apartment vibes ar‚Ä¶ https://t.co/x3Gx2xgkRN"
The new flu vaccine ‚Äú fluzone high dose quadrivalent‚Äù sounds like the food they were storing in @StarTrek ‚Äúthe trou‚Ä¶ https://t.co/fcgtQB5wjx
"@MarkLevineNYC Mark, please reconsider this vaccine only booster heavy focus on the local NYC COVID response. We ne‚Ä¶ https://t.co/SYVpMQ9rXN"
"@DBTradePicks @yatesinvesting There's also a vaccine for covid, which makes it MUCH less likely you'll die if you w‚Ä¶ https://t.co/bSdvofA4r7"
@anyonewantchips They are pro-choice vaccine but not pro-life. They are pro pregnancy only
Pfizer-BioNTech says a booster dose of its Covid-19 vaccine appears to provide strong protection against the omicro‚Ä¶ https://t.co/lHZGPNOGgJ
Do the research. Look at the patents. Gene therapy is not a vaccine. https://t.co/7T7UmyBaId
"Got my Moderna booster today. So far, I feel ok. Hope it goes as easily for me as did my first two shots."
@Sen_JoeManchin This is was a political vote sir! I say that because you called it a vaccine mandate and it is not‚Ä¶ https://t.co/0xFOcIW0Xx
"Seriously, what the eff are parents w kids under the vaccine age supposed to do at this point?"
"@Devorakhay @MatieNicholls You should visit Desantisland, where he makes the rules for everyone and if he needs to‚Ä¶ https://t.co/UO2Rxbyofa"
"@kellydleventhal Where did you grow up? They give you shots as a baby, and polio when you're a young child. Back fr‚Ä¶ https://t.co/o1G7CRA0wc"
BioNTech's CEO says the company's covid vaccine should be considered a three-dose series: https://t.co/0aqz1or97i
21000 Texas have died of vaccine refusal in 2021. It‚Äôs the lead cause of death
He is not anti vaccine he is pro-safe vaccine
@11th_inty_chess @tjk_mla @WalkerBragman Anti-vaccine mandate leftists are libertarian because they are against big‚Ä¶ https://t.co/fH3vRZxBoe
'Stick Your Vaccine Mandate Up Your A**' Anthem Spreads https://t.co/ucp9sZe9pQ via @YouTube
@JackPosobiec When does a ‚ÄúShot‚Äù become a vaccine?
"@nirav_mainecdc @charles_gaba Crazy,all I can say is this is crazy 3 shots, next it will be 4,7, when will this end‚Ä¶ https://t.co/IJoMUnYe0k"
"@disclosetv Those who takes two doses of Astrazeneca already, should they switch to Pfizer for the booster? Is this safe??"
"Senate votes to repeal key Biden administration vaccine and testing policy  Manchin‚Äôs always a disappointment, but‚Ä¶ https://t.co/j7ttWcAo3u"
U.S. Senate passes Republican bill to overturn Biden vaccine mandate https://t.co/eudeeSFfHN https://t.co/FNOzG9vEoI
@GovKathyHochul Let them take the risk. Sequester the new Pfizer pill though for vaccinated only.
Oklahoma Attorney General John O‚ÄôConnor is facing a wave of criticism after he suggested that science surrounding t‚Ä¶ https://t.co/BEH9pxAOWK
@SuperNova9913 @BassistOld @wookietim @grampazachary @ArtysHouse @TallybanJoe @TomDoubting @ZoomZam10‚Ä¶ https://t.co/MIbtZLOtw4
A state-run vaccination clinic quickly set up this week at the National Guard Armory in Augusta administered more t‚Ä¶ https://t.co/4cV0xdx61R
"When the vaccine started coming around and people started talking about ‚Äúre-entering the world‚Äù, I started prepping‚Ä¶ https://t.co/G4Zm4b4hfL"
@PPHEricRussell @GovJanetMills Maybe she shouldn‚Äôt have forced out all those hospital employees who weren‚Äôt vaccina‚Ä¶ https://t.co/akC3UoCKCG
3 full doses of Moderna üëçüí™ https://t.co/59HrGnY8Yl
* COVID-19 * The first findings on the effectiveness of vaccines against the COVID Omicron variant have been releas‚Ä¶ https://t.co/aOwj6nEPgG
