Police investigate as concerns about doctor filmed giving vaccine exemptions escalate | https://t.co/b97tCBPiVA https://t.co/E6UPVItSyD
"@GlendonCarter @hilarymcam @duynienz ...a 'family,' a 'dairy company' but no verifying details. Fishy eh? What I do‚Ä¶ https://t.co/Wz4WbWmpZw"
People Are Getting Vaccine Passport Microchips Embedded in Their Hands as COVID Advances the 'Internet of Bodies' |‚Ä¶ https://t.co/Se7sN4OMZ1
I‚Äôm listening @MainePublic to State-run vaccine clinic draws large numbers after pharmacy cancellations from  on my‚Ä¶ https://t.co/dUgqMXPJwW
@RWranglebury The FDA goes back to court in the United States to protect Pfizer and stop them having to publish the‚Ä¶ https://t.co/BhBIsxLTCN
@RWranglebury They really do want to kill us....Gates said depopulation by vaccine and he meant it..
https://t.co/5RpBv3be9e  Highly recommend watching. @BretWeinstein &amp; a stark look into the vaccine.  @theJeremyVine‚Ä¶ https://t.co/3Afc78nyxa
"@TylerOlson1791 Purdue employee here- happy with the over 90% vaccine rate at my place of work, well done Mitch Dan‚Ä¶ https://t.co/F7bh1fb0Q7"
@Grandroyal11 @thecraigwalker @garethicke Well said. I have far more respect for individuals who just say the vacci‚Ä¶ https://t.co/4ikia5T108
"We need to embrace a public health mantra: ‚Äònone of us, unless all of us‚Äô | Expert Opinion https://t.co/O9H11pWYpp via @PhillyInquirer"
@TheOGpianoGeek Got my booster in August. Last month I got the flu vaccine and 3 weeks later received my pneumonia vaccine. I‚Äôm ready.
@PalmerReport @Susan_M65 Republicans are dying from vaccine preventable #COVID19 but the GOP are arithmetic challenged #VaccineMandate
"Senate votes to nullify Biden's vaccine requirement, with two Democrats joining all Republicans  The final tally wa‚Ä¶ https://t.co/AFrR6XVoa8"
Absolutely!!   Why don‚Äôt people realise this...is the vaccine killing common sense https://t.co/Xf31PkFj3I
"Remember, if you let a government force someone else to have a vaccine, it won't be long before they'll be forcing‚Ä¶ https://t.co/Q1LNX2CB32"
"@cleveleysnews I have total respect for individuals who just say, I don't want the vaccine and I don't want to wear‚Ä¶ https://t.co/iGh7nbUAyD"
"Senate rejects Biden vaccine mandate for businesses, with 2 Democrats joining Republicans https://t.co/kviPmfqGPS via @foxnews"
‚ÄúThis practice is treating us like slave labor and it will only result in officers getting sick or injured by assau‚Ä¶ https://t.co/gbjNx8ZdrD
@JOEL9ONE I got Pfizer for all three shots. The second shot put me down for a day. The third shot took my energy level away for three days.
Doctors weigh COVID-19 impact on children as vaccine drives ramp up https://t.co/jBmVdpGVLQ
"Only a fool will stand in line to get ""6 doses"" of an experimental vaccine... https://t.co/cNYmKCyl1w"
"@JOEL9ONE Team Moderna here too. Shot 1 = sore arm. Shot 2 = Slight headache, low fever, tiredness, etc. Booster =‚Ä¶ https://t.co/qEZnkCGNS5"
@VIPAL @stevethompson99 @LisaDaftari I don‚Äôt know about that . 1. Pfizer is on ever radio stations pushing this jun‚Ä¶ https://t.co/Er2ZAo4j13
@TheOGpianoGeek Moderna booster and the flu shot last month. Still wearing my mask and still taking breaks andmeals‚Ä¶ https://t.co/UcUH6dOEX4
"ABC News: Senate votes to repeal Biden's vaccine mandate. Come on ABC news: you know this is just GOP Theater, no c‚Ä¶ https://t.co/WLU8xbw0Rb"
@greekvvedge The Science/Pfizer says nope üëéüèª
"@JOEL9ONE I had Moderna 1, 2 and 3.  2 kicked my ass as well, 3 was better.  Tired and slight fever for a few hours."
#Pfizer have just announced a 4th #vaccine is needed !  Obviously.. the previous  3 x Jabs did not work !!!! Is Any‚Ä¶ https://t.co/2ldTCakwPo
#Pfizer have just announced a 4th #vaccine is needed !  Obviously.. the previous  3 x Jabs did not work !!!! Is Any‚Ä¶ https://t.co/rg9CdHbYGY
1st &amp; 2nd dose Moderna jabs (&amp; boosters for those who are aged 40 and over &amp; 6 months on from their 2nd dose) are a‚Ä¶ https://t.co/ync6FUYC7R
1st &amp; 2nd dose Pfizer jabs (&amp; boosters for those who are eligible) are available TODAY (Thu) via our vaccination bu‚Ä¶ https://t.co/vSECr433Em
"Senate votes to repeal key Biden administration vaccine and testing policy GOP Theater, no chance it becomes law https://t.co/0K4mY0C0L4"
Maryland Pushes Boosters As Pfizer Says They‚Äôre Effective Protection Against Omicron; State Has Not Released New Ca‚Ä¶ https://t.co/dgHWPHEtms
"‚ö†Ô∏è There's a #COVID19 vaccination walk-in running today:  üìç The Concourse Shopping Centre, 116, Southway, Skelmersd‚Ä¶ https://t.co/s0xmTca83b"
Please note - from tomorrow (Fri) the hospital will be able to start giving boosters to people who had their second‚Ä¶ https://t.co/2PUYQOAl4A
"@seanc510 @MarkleeMellor @piersmorgan So, by your logic, someone who eats meat, has tte occasional drink, and maybe‚Ä¶ https://t.co/EIfzkmQdKG"
1st &amp; 2nd dose Pfizer jabs &amp; boosters (for those who are 40+ and six months on from their second dose) are availabl‚Ä¶ https://t.co/gHgW0Vvgqj
"The Beast is global government, and it's mark is that so called vaccine. But fear not.  If those that have received‚Ä¶ https://t.co/TK7pTDcp11"
@NUFCLC Imagine if the prevention of cancer was a vaccine. What would the outcry be if it was determined that we ca‚Ä¶ https://t.co/fmYVb5oonb
"@NUFCLC Cancer is not communicable..and while it is a deadly disease, how often to you see people avoiding the prod‚Ä¶ https://t.co/ECjJrWL9Ll"
The baseless non evidence argument of the #vaccine keeps you from dying ?  How can you possibly Prove it People can‚Ä¶ https://t.co/opw1khQUaj
Senate passes bill repealing Biden's workplace vaccine mandate  https://t.co/4hje7DFRq1
"@seanc510 @MarkleeMellor @piersmorgan And say they don't, I don't drink, smoke, yes I'm over weight slightly but no‚Ä¶ https://t.co/sYAcNB9Caq"
"#Pfizer say a 4th #Vaccine is needed !  Clearly,  3 x #vaccines did /do not work !!!!!  How many ""experimental""‚Ä¶ https://t.co/cPKbfipsih"
Literally got class at 9 am and me and Luis laughing about taking 22 Pfizer shots at 3 am
A Listerine &amp; Clorox cocktail.... such friggen idiots. What world do we live in. I wish there was another New World‚Ä¶ https://t.co/jyCtqdRo3w
The #Pfizer manufacturer promotes their profit making products.. but missed out to say ...  3 jabs are not enough ?‚Ä¶ https://t.co/UIxwWUTWIG
@piersmorgan They are pushing for the mandate because they have bought 10000s of doses of the vaccine they have an‚Ä¶ https://t.co/M21FMCTtp0
"@I0I0IOO0 @wurzel260654 @SkyNews Me and hubby can't even use their digital database as no photo ID, a vaccine passp‚Ä¶ https://t.co/hUzBVjKwuw"
@BlueCat67515313 @piersmorgan Then they can take the vaccine....
@LindstromCheryl Peroxide oral rinse can reduce viral presence in the oral cavity for a short time. It‚Äôs not a trea‚Ä¶ https://t.co/knoqGyI0Sy
@minisaucy @WonkyWombat32 @CarlHigbie Don't be so silly the vaccine works very well for about 8 months then you nee‚Ä¶ https://t.co/U6K6ZtcFkI
@Jackie_kirkham5 Thing is they‚Äôre being backed by the ‚ÄúOpposition‚Äù every step of the way. Surely as an educated man‚Ä¶ https://t.co/uVwrtODVDF
"""Senate votes, symbolically, to dismantle Biden vaccine mandate."" by BY EMILY COCHRANE via NYT New York Times https://t.co/MDWTndXZcE"
"""The pandemic poses the worst threat to gains for children in 75 years, Unicef says."" by BY RICK GLADSTONE via NYT‚Ä¶ https://t.co/yDdHpM0Sri"
"@DataDrivenMD @michaelmina_lab @linseymarr @DrEricDing   If kids in the U.S. can ONLY get Pfizer, and are JUST now‚Ä¶ https://t.co/DO3MbOHbXn"
"‚ÄúIt‚Äôs not a booster. It‚Äôs just the fifth dose of a five dose vaccine, idiots!‚Äù #GetVaccinated https://t.co/YaC1dmJbve"
"New Mexico hospitals face more changes in care amid continued COVID case surge, record patient levels - KRQE News 13 https://t.co/Wq2XV75oN5"
@glennbeck @TuckerCarlson How can we get MSM to start screaming for this madness to end. üõë the spread üõë the infecti‚Ä¶ https://t.co/OQJ8nj97MS
"I hope this flies too. What I like here, and Biden and Harris know, in the health newsletter, the vaccines and mand‚Ä¶ https://t.co/Im18QROLLC"
"""Louisiana supermarket owner says ""he can't afford"" Biden's vaccine mandate.  ""We‚Äôre understaffed right now across‚Ä¶ https://t.co/HdPdB6VAvX"
"Yes, it‚Äôs safe to get the COVID-19 vaccine booster if you have mild cold symptoms https://t.co/w7XKFgYM0t"
Covid live: UK could see ‚Äòabout 1m infections‚Äô in weeks; Japan infections buck trend across Asia https://t.co/3xhQcajBfI
"Three doses of Pfizer vaccine likely to protect against Omicron infection, tests suggest https://t.co/QgFxtbBVfk"
@DrTomFrieden Vaccine inequity will only be addressed with @Vaxart. It is only possible with a pill that can be del‚Ä¶ https://t.co/3FgtMaCp0R
I swear that vaccine shit got me sick is shit üò° I don‚Äôt recommend! Idc
"Man Dies Of COVID-19 'Vaccine-Induced' Hemorrhage With 'Very Swollen' Brain, Doctor Confirms https://t.co/b42cw0lFJ0"
"Strong flu-like reaction 12 hours after my Pfizer booster jab that lasted for most of the day yesterday, but this m‚Ä¶ https://t.co/0s8gsf8NgG"
"The rule, published through the Occupational Safety and Health Administration (OSHA), orders businesses with at lea‚Ä¶ https://t.co/gpSxk4gWJu"
"@JamesMelville The problem is their opinions do change , they go from vaccine passports will never be introduced yo‚Ä¶ https://t.co/9R16OAA2Xq"
"Reply to Senator Tim Scott, saying Senate rejected President Biden's vaccine mandate."
Senate Idiots vote to repeal Biden's vaccine mandate while Covid Rages thru the Country   https://t.co/6pKsZwvpyQ
"Jennifer Aniston says she's been ""bullied"" for taking a pro-vaccine stance during the COVID-19 pandemic. The 52-yea‚Ä¶ https://t.co/oDN2ubyfng"
"BioNTech, Pfizer say test shows 3 doses of vaccine neutralise Omicron   ...  https://t.co/M5k9n5lWly"
"@SkyNews How come BEFORE Covid we used to TREAT viruses, but now it‚Äôs VACCINE ONLY‚Ä¶don‚Äôt try to treat it, don‚Äôt try‚Ä¶ https://t.co/HM58kH7JQ7"
I‚Äôm more than happy with a vaccine passport- nothing to hide.. Bring on the measures that protect the nation from Covid 19
@Imposter_Edits All you people commenting about them deserving it cuz they didn't get vaccinated fail to see the po‚Ä¶ https://t.co/kzqnYEY8ZF
Still not hearing Starmer or Labour  opposing mandatory vaccine question
"No, Merck and Pfizer‚Äôs COVID-19 treatment pills are not currently for children https://t.co/4LqOOleDFj"
"But of course @Sen_JoeManchin supports the infect others with COVID bill, but won't support paid family leave.‚Ä¶ https://t.co/khS3f3eQTz"
@TheOGpianoGeek I'm set to get Moderna booster. But after reading Pfizer test results against the omicron variant I‚Ä¶ https://t.co/xoCEYgG9Kd
So how does a vaccine passport work   So you can go to a nightclub with it but you cant go to work  We see small bu‚Ä¶ https://t.co/f8ao50bW1P
Pfizer and BioNTech said Wednesday that initial lab tests show that the omicron variant partly escapes protection o‚Ä¶ https://t.co/qIQLF3a90w
Im done with Boris after the Mandatory vaccine conversation @GBNEWS
"I'm sick of hearing ""We don't know what's in those vaccines!""  No, YOU don't know what's in a vaccine because you'r‚Ä¶ https://t.co/815myy8uVD"
Scariest thing about mandatory vaccine is the deafening silence from Starmer about this @GBNEWS
"@FisherBurton What planet are you on that vaccine mandates are ""fascist?""  We've vaccine mandates for other disease‚Ä¶ https://t.co/xy52VubX0P"
Pfizer said Wednesday that a booster dose of its COVID-19 vaccine may protect against the new omicron variant even‚Ä¶ https://t.co/vZeYe6MAZD
@KingJames Did you get a booster shot?
@TheOGpianoGeek I get flu and booster on Friday. I don't know which booster to get. My first two were Pfizer.
@FedUpMomInMN @beyerstein @kdlaw @pfizer I'm sure America's Frontline Doctors pays you well for that.
About 20% of prescriptions are off-label. But the CDC forbids doctors from using the practice with COVID-19 vaccine‚Ä¶ https://t.co/FM52MBzoSP
"Federal vaccine mandates have the potential to impact millions of Americans, but they aren't happening without a fi‚Ä¶ https://t.co/81QDStdOJ1"
Could One Shot Kill the Flu?. https://t.co/fcMmJJp94i A 'universal' flu vaccine could bring one of the world's long‚Ä¶ https://t.co/C9Rm5T4Fbw
@JD_Theplug @ChelsIsRight @katedashian69 thats a good ass question you should literally look up what kind of meat i‚Ä¶ https://t.co/kOQPmJ4Qst
"NYC correction officers sue over deBlasio‚Äôs COVID-19 vaccine mandate, work conditions https://t.co/9DX22m9KOs via @foxnews"
"Wow. November of 2019, before we knew of the virus, the US govt entered into a partnership with Moderna regarding mRNA vaccines. ü§Ø"
@SweetsGrandmot1 @Matt_VanDyke I‚Äôm a nurse. Most nurses have gotten the vaccine. Few nurses are covidiots. Perhaps‚Ä¶ https://t.co/dJMBlouvSA
"Judge halts Mayor de Blasio's vaccine mandate for NYPD, other public workers forced to get jab for job.buh bye BOZO https://t.co/fZvI1gjhVq"
@Terihaynes @thatgirl409 No nursing school could prepare anyone for 1. National pandemic fail  2. Covid politicizat‚Ä¶ https://t.co/3nxZOyTlD4
@wtyppod @notliamanders0n Just watching the Malbone episode now. Agree with the vaccine comment. A quick glance at‚Ä¶ https://t.co/O9YbRZNqJ7
@IngrahamAngle A future scenario may be having to catalogue your vaccine passports in volumes
@Ligma_T_Aint @TheBuffaloNews At capacity b/c ppl refuse the vaccine!! It‚Äôs at capacity because you can become much‚Ä¶ https://t.co/SdycxeShK1
What the hell is a FEMA vaccine bus? Why does NM them when 80% are currently vaccinated and you can get vaccinated‚Ä¶ https://t.co/OltSh5bP5r
"@SenatorTimScott You must have skipped school the day they taught the history of America, because this country was‚Ä¶ https://t.co/bkqiE1i36o"
"Yes, it‚Äôs safe to get the COVID-19 vaccine booster if you have mild cold symptoms https://t.co/w4caxefGJm"
"Researchers aren't sure how the drug interacts with the coronavirus, but they theorize it may interfere with an enz‚Ä¶ https://t.co/uJJ2Vanpyd"
"Masked Christmas. You gave me a cough and the very next day I hid myself away Yes, dear, save me from fears and get you the Pfizer special."
"@JOEL9ONE J&amp;J‚Ä¶.no issue other than sore arm. Moderna booster‚Ä¶..sore arm. You‚Äôll be good. After all, you are hydrated‚Ä¶.right??"
"@jsc1835 I know a guy who just got the infusion and it cost him $1,000. He was upset about it. I told him, ‚Äúyou kno‚Ä¶ https://t.co/gtetYvkRcG"
REVEALED: Pfizer Lobbying Hits Decade High as DOZENS of High-Profile Political Appointees Become Big Pharma Reps. https://t.co/GNwuTEMIT6
@JoeManchinWV betrayed us again. https://t.co/0FGLnZ8mzV
@youknowmymo When you say your cousin balls got bigger from the vaccine and your husband is a sex offender the popu‚Ä¶ https://t.co/asKl4dwO4k
@JOEL9ONE Had the same experience as you with 1 and 2 moderna. Booster was nothing
@scrimmins53 @GovJanetMills Yes!  Let's do this and be a beacon for all to see.  What do we have to lose trying som‚Ä¶ https://t.co/PjA5fSueuX
BREAKING: Federal judge blocks Biden administration vaccine mandate for federal contractors - AP  Join @CBKNEWS
@MMarcie2012 Buns banned‚Äîvaccine required to enter.  Metal detectors at the door.
@AnnettePursley @TheOGpianoGeek Same except mine was Moderna
@jim_walsh_trust @6abc THIS IS NOT A VACCINE.  SOME SILVER BULLET THIS TURNED OUT TO BE  GRANTING YOU  ANY REAL IMM‚Ä¶ https://t.co/E9tJn3kPYH
@crockerthoughts He‚Äôs an antivaxxer. Each bandaid is supposed to represent a vaccine shot. He‚Äôs an idiot.
@DotyBilly Imagine saying this knowing it‚Äôs openly acknowledged the ‚Äòvaccine‚Äô isn‚Äôt even effective after 6 months‚Ä¶ ü§° üåç
@jim_walsh_trust @6abc AND THEN IMPLORE THE WORLD RECEIVE  THAT WHICH THEY HAIL AS THE CURE  BUT THE REALITY IS IT'‚Ä¶ https://t.co/BINCpw7qoE
"@fynn_fan @JessClarke007 ""Vaccine ‚Äòside-effects‚Äô might actually be Covid, study warns"" https://t.co/ncbY1w42TL ü§∑‚Äç‚ôÇÔ∏è"
"Ron Johnson R-fucking idiot Wisconsin.  Hey dumb ass, if we're going the Listerine route, let's go all out and chug‚Ä¶ https://t.co/qRdewhI7VS"
@JOEL9ONE Booster made me feel super achey and I had a horrible headache. I got Pfizer and felt the same as your first two exactly!
@JOEL9ONE Got Pfizer number 1 two weeks ago and now I‚Äôm wearing a heart monitor.
"@TheOGpianoGeek I've had 3 covid shots (all Pfizer), a flu shot, and a shingles vaccine!!!"
"Oof, mentioned the vaccine to one of my favorite bartenders and he goes, ‚ÄúI‚Äôm not taking that shit!‚Äù https://t.co/GWVHX1IjNM"
"@JOEL9ONE Pfizer 1 nothing, 2 down for a day, booster - nothing"
Sen Passes Resolution To Repeal Biden's Private Sector Vaccine Mandate https://t.co/1Fu8RS2uwI via @YouTube  In 177‚Ä¶ https://t.co/SFcLKrO10C
"Coronavirus cases in Pennsylvania, how to get the vaccine https://t.co/H7KYPR5i3J"
Booster update: 13 hours post injection and I think I am having my very first vaccine side effect. Besides a slight‚Ä¶ https://t.co/AHGjn38MIe
@OvrTheEdge @6abc No it isn't.If it was  They would Just develop  a regular vaccine  This is a DNA altering mRNA in‚Ä¶ https://t.co/MYof14snFv
@JOEL9ONE I had moderna for all three and the same experience as you with the first two. The third was almost exact‚Ä¶ https://t.co/WRQK6BRtAR
"@JOEL9ONE I have had 3 Moderna. Like you, first one was smooth, second one was a 24-hour flu starting with fever &amp;‚Ä¶ https://t.co/FEzlNGFJqD"
@LeftHack @Alx17588250 @IngrahamAngle I'm sorry but you seem to be having a meltdown.   It was widely known and dis‚Ä¶ https://t.co/G5iNm6DX9A
Tell me your moderna booster experience  I just got mine
"No new data from the PA Department of Health today, but should have data tomorrow.  If you or someone you know has‚Ä¶ https://t.co/FtnHT1Z3dk"
"NYC Vaccine Mandate Expands Amid Omicron Variant, COVID-19 Case Surgeron Variant Drives Case Surge ‚Äì NBC New York https://t.co/DYbGYbJPqp"
#THIS is the part of the story #CNN #Pfizer and #Fauci won't tell you. It is also a major reason why 99% of the peo‚Ä¶ https://t.co/TTtgfKlACI
Today I‚Äôm fully vaccinated I got my booster shot hopefully no reaction from it to
"Who wants to start a movement?  Refuse masks, vaccine mandates, and all the other BS.  Just get back to living life‚Ä¶ https://t.co/hOhvLKskTk"
Pfizer said lab tests showed a booster dose increased by 25-fold the level of so-called neutralizing antibodies aga‚Ä¶ https://t.co/iyDdrfR76G
@mofckey @jimcramer I see these 2 above me enjoy the pharma look aid. I got my natural resistance by getting covid.‚Ä¶ https://t.co/BzjoZuiofg
"@SKUsa11 @FZirm WHAT is the religious exemption to the POLIO vaccine?Small pox?  If there isn't 1, 'splain WHY ther‚Ä¶ https://t.co/s0Y2nrCeTR"
@jimcramer Jim get off the kool aid with the useless covid shot. It‚Äôs not a vaccine; it‚Äôs a shot. Someone as bright‚Ä¶ https://t.co/vdAfLv4pdn
@BlackKnight10k Got me imagining covid-19 waiting in the bushes like...yup...no mask and no vaccine. *Turns on sirens* lol
"Stream might be later on in the day, got an appointment for my covid booster shot, so might be live right before th‚Ä¶ https://t.co/gclG7Q6ZNF"
When you hear the President talk about COVID and masking and 20 vaccine boosters just know his #1 lobbyist partner‚Ä¶ https://t.co/WHm9Da3i3z
Maryland Pushes Boosters As Pfizer Says They‚Äôre Effective Protection Against Omicron; State Has Not Released New Ca‚Ä¶ https://t.co/HXmee0f1rq
"@mloughlin @investrealsc @jimcramer Never once in my life had a flu shot and been doing just fine. It‚Äôs not a covid vaccine, it‚Äôs a shot. It"
Pfizer Says Third Dose Key To Fight Covid-19 Variant Spread https://t.co/HO8jgliP7A
Nearly 80% of NY has had at least one dose of vaccine. How can this be...? https://t.co/cjMP65O1JW
"@mloughlin @jimcramer A vaccine provides immunity. Like a TB vaccine. This is not a vaccine for the love of god, it‚Ä¶ https://t.co/fWUeQz0j2k"
Some Democrats voted with Republicans on this critical issue. @JoeBiden's mandate is falling apart.‚Ä¶ https://t.co/ynKu3yJ6Qj
"Senate passes resolution to repeal Biden vaccine mandate, with help of two Democrats https://t.co/6Pq8xHlM8h"
@Jim_Jordan Did you get your booster shot then worry about other worry about your self . Can you answer the questio‚Ä¶ https://t.co/VFshTDq9fl
This ‚Äúomicron‚Äù variant is apparently the weakest and most vaccine resistant variant yet and hasn‚Äôt resulted in any‚Ä¶ https://t.co/qvCB9naOJP
@Brian_Orak @macroliter Israeli data show VE for 3 doses against delta is ~90% (symptomatic infection) with a 5% de‚Ä¶ https://t.co/b07WgUYEPD
my COVID booster shot has got me fucked up
@Sen_JoeManchinm @SenatorTester&amp;any House DEMs who vote against Biden‚Äôs workplace vaccine/testing mandate r saying‚Ä¶ https://t.co/cgiI9EPq6h
@fanofwalt @ASlavitt They can be vaxxed (I have a couple of friends who currently have cancer and they've been vaxx‚Ä¶ https://t.co/DDHub4N6Vt
@Lukewearechange If you had to resort to an experimental (monoclonal antibodies) or a bullshit grifter (ivermectin)‚Ä¶ https://t.co/UntwZ0Sg4q
@rebecca_roache The ambiguous and often vapid excuses popping up to justify ‚Äúvaccine hesitancy‚Äù is what created thi‚Ä¶ https://t.co/t7KqeEpcau
Holy ....read this vaccine religion reply‚Äôs.  If a vaccine was available for diarrhea was available they would inje‚Ä¶ https://t.co/HqySQp7e5o
@oakfan71 @Alx17588250 @IngrahamAngle In this very thread durrr. This was never hidden. When the vaccine was discus‚Ä¶ https://t.co/NzG62KXFAv
@oakfan71 @Alx17588250 @IngrahamAngle I would like to see evidence of that from anyone in position of any expertise‚Ä¶ https://t.co/d2W7StXiE4
@KimuraJinketsu @mehdirhasan @Davejackson9876 These vaccines may even speed spread - by shielding people from sympt‚Ä¶ https://t.co/q4H6bsTjmG
"I hope this flies. What I like here, and Biden and Harris know, why Biden will likely veto this, if it doesn't fall‚Ä¶ https://t.co/zmMt8hRRhB"
The Senate voted down vaccine mandates. WTF???
@Mcflybud @TheDailyShow @jordanklepper I don‚Äôt have to. Because in vaccinated. That‚Äôs the whole point of the vaccin‚Ä¶ https://t.co/gmxuaUjnBN
Got boosted #Moderna
The battle continues over vaccine mandates in the courts. The reality for nursing homes is they will be able to kee‚Ä¶ https://t.co/8Ka75hAkBX
@trudolphan4good @JarnoBrown @SenatorBraun @WhiteHouse Uh what? I think you fail at your own reading comprehension.‚Ä¶ https://t.co/XnKAr6s360
"@DrSamPage Hey, ‚Äúdr‚Äù page...how‚Äôs that working out for Portugal? Or Iceland? Or Israel? What‚Äôs your plan? Boost eve‚Ä¶ https://t.co/bKCBchlK2o"
"According to the @PhillyInquirer, 94% of adult Philly residents have received at least one dose of the Covid-19 vaccine. Good job guys"
@jfja85 @Timcast Probably not for a while because of the unvaccinated refusal to get together with us in ending thi‚Ä¶ https://t.co/0haDYwK7o4
@TheRickyDavila I am triple vaccinated with Moderna and wear 2 masks anywhere indoors.
"@philly_bernie I see the reasoning is here, but I don‚Äôt remember Schumer ever getting to call a vote on anything as‚Ä¶ https://t.co/swTULDngpd"
@NorthernLightH Maybe you shouldn‚Äôt have fired all those vaccinated employees. At the same time that the vaccine wa‚Ä¶ https://t.co/bVWwyqdRXc
@aroseblush And we just fob't care anymore.  Too stupid to get the vaccine...to stupid to survive.
@megami_shiawase @E_got_tweets Why? Do you think adults should get the vaccine?
JUST IN: Senate Passes Resolution To Nullify President Biden's Vaccine M... https://t.co/Q8y14TlccB via @YouTube
Got my booster shot! So far just arm pain! Neither of the first two shots made me sick so fingers crossed for this one as well ü§û
@EricTopol And how long will it last? You know it is an endless loop. Are we gonna just all use intrathecal vaccine‚Ä¶ https://t.co/PGD2BGspuW
ok but when can i get my 4th dose of the vaccine?
US Senate Votes To Block Joe Biden Vaccine Mandate https://t.co/ui6K8EPyjR
"Who is joining us tomorrow to Keep Kennett Healthy? Limited appointments remain to receive your Pfizer first, secon‚Ä¶ https://t.co/KJ5Amq2W4X"
"Judge Temporarily Halts Vaccine Mandate For NYPD Employees, Other City Workers | ZeroHedge https://t.co/O9Zx4oba16"
"@apathetic_NY @chipfranklin What the eff is wrong with vaccine mandates? It's about public safety, ffs. Why stop wi‚Ä¶ https://t.co/7kXD71XmlJ"
I‚Äôd like to know how this got a vote in the Senate and is considered passed with 52 votes. Mitch McConnell never al‚Ä¶ https://t.co/7p1KsTN9u7
@RWMaloneMD Pfizer CEO says fourth Covid vaccine shots might be needed sooner than expected  https://t.co/LlpMosZVQk
Third wrong was over-estimated vaccine take up rate. I remembered several history books on Pandemics. Every one of‚Ä¶ https://t.co/QARFWlbxrR
üßµThinking back how many my own wrong assessments on the virus the last 2 yrs.   Kids (under 12) getting 2nd shot th‚Ä¶ https://t.co/niUEb3x28D
@Mcflybud @TheDailyShow @jordanklepper It‚Äôs a personal choice to drink and drive. There are equal and dangerous con‚Ä¶ https://t.co/oMAKMuTtyX
"There‚Äôs a shocker!! Following T RUMP = #darkness and #death  üëé see the freaking light , save ur self, get a‚Ä¶ https://t.co/oG2GwX5xJ6"
@medicagoinc any news of that plant vaccine coming to the US?
@FatGuysRun @AGToddRokita Your body your choice!!! not mine bit the any women who chooses.  I do not have to live w‚Ä¶ https://t.co/qcB4csg3BT
2 Democrats joined with every Republican senator to repeal Biden's private employer vaccine-or-test mandate‚Ä¶ https://t.co/1DaK2orXsR
"With the help of Lackawanna County, Gerrity's Supermarket is offering $50 Gerrity‚Äôs gift cards to anyone 18 or olde‚Ä¶ https://t.co/hsb4dZUHTf"
I‚Äôd be lying if I said this didn‚Äôt really bum me out. I‚Äôve had 3 vaccines already‚Ä¶. #Rituxan just doesn‚Äôt want to l‚Ä¶ https://t.co/bjSF3mIL3s
"@fogg813 @sportycanuck @CBCNews So the Healthcare system works, just not the vaccine part of Healthcare? Do you not‚Ä¶ https://t.co/FqhPhj2GHm"
üî¥ JUST IN: The Senate voted Wednesday night to overturn the Biden administration's proposed rule that large private‚Ä¶ https://t.co/6HnbvVTUxg
@Sen_JoeManchin Vaccine mandates are the first step to social control. I feel bad for the kids who won‚Äôt ever know‚Ä¶ https://t.co/vN2hrvbOoF
"It‚Äôs great 3 doses of Pfizer neutralizes Omicron, but we can‚Äôt even get people to take 1‚Ä¶"
"BioNTech, Pfizer say test shows 3 doses of vaccine neutralise Omicron   ...  https://t.co/M5k9n5low0"
@Keck553 People don't trust biden/harris vaccine ‚ùó‚ùó
"@benryanwriter @Dorry_Segev Thank you! I received all vaccine and booster shots I could get, but seeing these treat‚Ä¶ https://t.co/bGJrBSSDmz"
Early studies suggest omicron is formidable ‚Äî but not unstoppable @carolynyjohnson @joelachenbach https://t.co/0q8KWL2GNC
"Lol si far I've gotten the J&amp;J followed by a Pfizer booster, getting a Moderna dose to complete the Trinity sounds‚Ä¶ https://t.co/JPWZliDcxH"
"@SmallRedOne Those same people seem totally uninterested in the other methods of reducing infection: N95'masking, v‚Ä¶ https://t.co/GcXzDse0CW"
@SmallRedOne the vaccines lessen the liklihood of getting a case of Omicron when there is a booster. If there is a‚Ä¶ https://t.co/PY0cQY5pFy
Fauci Recommends Asking Family Members For Vaccine Proof Before Holiday Celebrations https://t.co/YCxFX7sAWk via @DailyCaller
"@ConSelfOwns ""most people who got the vaccine are fine, huh? well then how do you explain these few elderly people‚Ä¶ https://t.co/gvMviT1UAe"
Pfizer Says COVID Booster Offers Protection Against Omicron https://t.co/vkJr1hYLqz
"I originally got vaccinated in Jan and Feb of this year, but because my workplace is almost fully vaccinated, I hel‚Ä¶ https://t.co/isDUefDfv8"
JUST IN: Senate Passes Resolution To Nullify President Biden's Vaccine Mandate... https://t.co/kvPtt2OIor via @YouTube
"Got a Pfizer booster on Monday. Both Moderna shots made me feel a bit ...awful, but this booster only made my joint‚Ä¶ https://t.co/JSOBVhtu7a"
Put your earbuds in. Listen to @TheAACE podcasts! Find them here: https://t.co/LBJIWqTA4J. Relevant #diabetes topic‚Ä¶ https://t.co/vDuoldRj1l
Republicans (and two DINOs) vote to block Biden‚Äôs vaccine mandate. More evil.
@Vampirebunbun Unfortunately I got the Pfizer booster and now I can't have any opinions about it https://t.co/HMjtWerRsT
@1_800_EDEN @TruckerRandy @pjcolbeck @agemaforrnc @KenBorton @madmanmaddock Well if I were you I'd put all my money‚Ä¶ https://t.co/FwdJr88IW6
Psychological Barriers May Lead to COVID Vaccine Refusal https://t.co/51xEBKBuje
Senate votes to repeal Biden federal vaccine mandate for businesses | Fox Business https://t.co/uWByLPgYeC
@KimBatson66 @stephenbrauer @YATYASFitz @News_8 My father in law developed bells palsy and ended up losing his sigh‚Ä¶ https://t.co/kv8pL3hwjj
FEBRUARY 2021  Figuring out how to book vaccine appointments for parents. Launch new Indy Hall website. Early notes‚Ä¶ https://t.co/6QGb3fQjFC
NOVEMBER 2020  Launch Freelance Accelerator. Lots of phone calls with lawyers. Future Works Alliance. Thanksgiving‚Ä¶ https://t.co/UXuQdMAfLx
Senate Votes 'Yes' to Repeal Biden's Federal Vaccine Mandate https://t.co/02dT7er2Vp via @BreitbartNews
@CaliTSB @gothiccvegan @Lukewearechange You‚Äôre conveniently ignoring the fact that the vaccine is safe and is savin‚Ä¶ https://t.co/ElxR3BcJRF
@JohnnyBrist @jimcramer @pfizer im not anti vaccine especially ones that work unlike the mrna ones. why 55-75 years‚Ä¶ https://t.co/az1cqgmjCB
@ScrapbookerInGA Wait till you find out the vaccine will never stop covid. Smh. https://t.co/1zBzm68GgE
@kmtani @MaikenScott Glad you also had an easy experience there. I struggled to get appointments at drug stores too‚Ä¶ https://t.co/xbX9OK22rA
Health ministry warns of vaccine's side effects | NHK WORLD-JAPAN News https://t.co/jfUky84jhO
@Phillygirl741 It might be? I don‚Äôt know anything about how vaccines are funded.  But the US govt has some type of‚Ä¶ https://t.co/sd9v4kqo00
Got my 2nd vaccine shot tonight ill be home tomorrow! https://t.co/atvFZI8B45
@juniorboi34 @JoeBiden Have your kids get the vaccine if you‚Äôre worried but don‚Äôt mandate it. That‚Äôs all I‚Äôm saying.
@SirBancmoreLink @aortium @ClaireSilver12 I never contradicted myself. I said the vaccine (and all vaccines) lower‚Ä¶ https://t.co/XLGOn9y7vp
Senate votes to repeal Biden federal vaccine mandate for businesses | Fox Business https://t.co/drw0IbYI6H
Senate rejects Biden‚Äôs vaccine mandate for businesses https://t.co/lN85Wc03jn
Pfizer got agents flat out spiking the other vaccines at this point fr shit‚Äôs cray https://t.co/ApLWm3wJUT
Joe Manchin strikes again  Senate votes to overturn Biden vaccine mandate for businesses  https://t.co/zK3nGOciEy
@UnusXImmortalis Not good at all.  Convalescent plasma like water.  Lots of reinfection in another study.  Hybrid i‚Ä¶ https://t.co/Xa0oE0kTdt
Senate votes to block Biden's vaccine-or-test mandate.  https://t.co/agQlRMOdRT
"@trisweb @CNN If the virus is mutating fast;you might need a booster shot every few weeks,instead of every few mont‚Ä¶ https://t.co/F7mG3VoWiH"
"Well, isn't this embarrassing. Compare the number of U.S. vaccine doses promised versus the number actually delivered."
@GovJanetMills Maybe have clinics open again so people aren‚Äôt waiting 3 + weeks to get in for a vaccine .. just a thought
@Mangan150 They understand how the vaccine prevents serious illness and death.
For all of the NA sayers who think the virus wasn‚Äôt somehow connected to the U.S. Government deep state ! Moderna 2‚Ä¶ https://t.co/kg3xnpOrCm
U.S. International COVID-19 Vaccine Donations Tracker ‚Äì Updated as of December 8 https://t.co/s8ShiltDXi
@jgehrwashere @FoxNews what‚Äôs the science behind all of my vaccinated coworkers getting covid while i keep testing‚Ä¶ https://t.co/zJTVWFwv42
Seriously the worst side effect from this booster shot is the muscle aches. My entire body hurts.
"@LindseyGrahamSC You and the Republican Party, such as it is, want to keep this pandemic going! The vaccine is the‚Ä¶ https://t.co/ebm8x5B8J2"
@AliNouriPhD Any studies on 3rd Moderna shot?  I have 2 friends that just caught Covid after the boosters.
"Seriously, what the eff are parents w kids under the vaccine age supposed to do at this point?"
"@jimcramer I guess we wont know for 55 years the truth , when @pfizer releases their data"
New York Times twists logic to defend Republicans bent on mass murder to appease their insane base voters. NYT is n‚Ä¶ https://t.co/SCaFsszSpe
@PrimoRadical That is unbelievable. They are for vaccine mandates but they also get the science and the actual time‚Ä¶ https://t.co/VcKhr3k4XL
@jimcramer im sure @pfizer can write it for you. after the 5th jab
@JackPosobiec When does a ‚ÄúShot‚Äù become a vaccine?
@TomiLahren Did you take the vaccine because you were forced to keep your job. Or did you take it because you‚Äôre ge‚Ä¶ https://t.co/55kPsqox6p
"@nirav_mainecdc @charles_gaba Crazy,all I can say is this is crazy 3 shots, next it will be 4,7, when will this end‚Ä¶ https://t.co/IJoMUnYe0k"
@moparoyal I also shot myself full of COVID vaccine.  I‚Äôd get one everyday if they left me.
@SuperNova9913 @BassistOld @wookietim @grampazachary @ArtysHouse @TallybanJoe @TomDoubting @ZoomZam10‚Ä¶ https://t.co/MIbtZLOtw4
.@Sen_JoeManchin is a waste of space. Who does this benefit? https://t.co/hed16Vn0I2
@TomiLahren Vaccine mandates are very wrong
A state-run vaccination clinic quickly set up this week at the National Guard Armory in Augusta administered more t‚Ä¶ https://t.co/4cV0xdx61R
@PPHEricRussell @GovJanetMills Maybe she shouldn‚Äôt have forced out all those hospital employees who weren‚Äôt vaccina‚Ä¶ https://t.co/akC3UoCKCG
‚ÄúThe vaccine mandates should be withdrawn and those affected by them compensated. The proposed vaccination of 5 -11‚Ä¶ https://t.co/ANFjMyh1ti
‚ÄúThe extremely broad range of adverse effects revealed by the Pfizer document is the physiological signature of a g‚Ä¶ https://t.co/2ZiqRagCkK
@zackpsuman @PennStateGov @penn_state @PAGOP @JoeBiden ...they would hand you a few hundred million dollars after t‚Ä¶ https://t.co/bwWyVQ6fOe
‚ÄúThe Covid vaccine introduces a sequence of information written in genetic code into our physiology. It is no wonde‚Ä¶ https://t.co/ITel01Rn88
The Senate narrowly approved a resolution Wednesday to nullify the Biden administration's requirement that business‚Ä¶ https://t.co/Oz5Ebuzpiz
"Despite the 52-48 vote in the Senate, the House is unlikely to take up the resolution against the mandate for emplo‚Ä¶ https://t.co/E6IxrLfta1"
The Senate has narrowly approved a resolution to nullify the Biden administration‚Äôs requirement that businesses wit‚Ä¶ https://t.co/kCp5KMhgbB
"@business Is a 3d dose of the vaccine required, even if you have had the booster?"
"@NPR Blocking vaccine mandates means polio, measles, mumps, rubella, and a slew of others would ome roaring back.‚Ä¶ https://t.co/f39SxeTwhI"
@alavelle1 @SugarMAGA I didn't go to hospital however have had similar issues this year since Moderna. Scary stuff‚Ä¶ https://t.co/y9ZBx6pWMH
@donwinslow John McCain when he voted with democrats for ACA did so to literally save lives because republicans‚Äô al‚Ä¶ https://t.co/mfAfedPbnb
@CarlGallups I don't understand why people would take a vaccine created by a criminal organization like Pfizer to begin with.
"@onlyforrestjade @Cluckinbell21 @DonLeon64905091 @ppittman6564 Do you think Pfizer, Moderna Johnson &amp; Johnson were‚Ä¶ https://t.co/2OITxgrbgI"
Same thing except we received Pfizer https://t.co/eTzzg04ajP
"@WxRiskGrains @1conservative @BigJoeBastardi You do know the CEO of Reuters is on the board at Pfizer, don't you?"
"@LizDevos @AEW Yeah, I got booster shot hangover and the shoe is making me feel normal for 2 hours"
@bennyjohnson Will @POTUS and @PressSec admit there is bipartisan support to stop his vaccine mandates?
Vaccine mandates are pro-life. #mepolitics  https://t.co/Mfo0el0SFH
Vaccine Incentives In Baltimore; Removed Confederate Statue Finds A Purpose; MLB‚Äôs First Black Manager Honored. https://t.co/0tMflXtrn1
‚ÄúAnyone reading the new Pfizer adverse event report compilation will be staggered.‚Äù
Senate votes to repeal Biden's vaccine mandate - ABC News - https://t.co/EJjDVGVSNQ via @ABC
@WonkyWombat32 @CarlHigbie The op said 'single best defense' which is obviously really stupid. If it had of said be‚Ä¶ https://t.co/cmWfDsEhgZ
The Senate has narrowly approved a resolution to nullify the Biden administration‚Äôs requirement that businesses wit‚Ä¶ https://t.co/7JfcU3xDqP
@SenShelby @SenatorBraun So you are fine eliminating all other mandates then?  If no you and everyone agreeing with‚Ä¶ https://t.co/9R3186VDEa
The Senate narrowly approved a resolution Wednesday to nullify the Biden administration's requirement that business‚Ä¶ https://t.co/pAe4T5iiav
@elisha1022 @Spencer_Berg_ @Cheese12987 @GreenPartyUS @DrJillStein @ajamubaraka You do realize that all patients si‚Ä¶ https://t.co/vhZBG4by6B
Pros and Cons of Adding Your COVID-19 Vaccine Status to Your Resume https://t.co/Thgh0FshAE
@trudolphan4good @JarnoBrown @SenatorBraun @WhiteHouse Off of a free vaccine. So how do the make money?
"We are definitely going to pass that third wave, in terms of new cases.  The vaccine is a must!  The booster is a m‚Ä¶ https://t.co/DkkwaIJRqx"
"In a comparison of 7 different #COVID19 #vaccine brands, researchers found that most shots give a strong boost, eve‚Ä¶ https://t.co/I0OfkaXbri"
"""Bill de Blasio may be feeling himself a bit adrift as he contemplates life outside government. Hence, like petty d‚Ä¶ https://t.co/gWAd9Dzvjp"
"@Xandara I swear a good quarter of episodes are about a disease or mention a disease or mention a vaccine they need to deliver, etc"
"As efforts continue to vaccinate the nation‚Äôs younger population, some parents have reported their kids getting the‚Ä¶ https://t.co/WJ2hpdbBdr"
"Get all three vaccine shots, it's the best way to get back at Republicans."
@SenatorTimScott Oh yes such a burden a free vaccine to keep workers safe. Republicans think vaccination are a burd‚Ä¶ https://t.co/rxFEDylAz7
@irvgotti6716 They want to convince those on the fence about getting it not to get it by claiming it doesn‚Äôt work b‚Ä¶ https://t.co/BwhodC5JCt
@briancheeek @keto74700051 @POTUS How about they patent the. Vaccine an give doses around world so they third wild‚Ä¶ https://t.co/bpSTI8Bh8k
Senate passes bill to nullify Biden's vaccine mandate for employers https://t.co/CewMGl9Rc2 via @WashTimes
"trust me my brother, im on the plant based vaccine. it works. it‚Äôs WEED. https://t.co/9UlPXFvc2F"
The Senate narrowly approved a resolution Wednesday to nullify the Biden administration's requirement that business‚Ä¶ https://t.co/nnVoZlRCWI
@WalkerBragman Yea cause if you get vaccine you can't get it or spread it hahahah. Boy it's wild to watch people go into a political cult
@irvgotti6716 Trying to make us believe the vaccine is useless.
@CnsGolino Too many do not want the vaccine in healthcare....I will never understand.
@devanahari Buzzfeed: This Mechanic Killed Their Idiot Customer And It's  Peak Bestie
Check out this article: Bill de Blasio's NYPD vaccine mandate BLOCKED by Manhattan court - https://t.co/kv9nVLaP1V
WASHINGTON (AP) ‚Äî The Senate narrowly approved a resolution Wednesday to nullify the Biden administration's require‚Ä¶ https://t.co/fCvJ4wwQJy
WASHINGTON (AP) ‚Äî The Senate narrowly approved a resolution Wednesday to nullify the Biden administration's require‚Ä¶ https://t.co/ONAtmh8GX6
Got my booster shot today! Helped kiddo pick out classes for his freshman year.  What a day!
The senate has nixed the Biden vaccine mandate. You know what? I just don't care anymore. Let all the non vaxers ju‚Ä¶ https://t.co/aoVAIt7IGZ
@HeyItsRyan99 @Breaking911 You're a nut do you recognize natural  immunity cause it's 16x better than vaccine. Also‚Ä¶ https://t.co/XH7ava4le9
@realbobbyidaho Wait until she (and those she fired) find out the National Guard are exempt from vaccine mandates! #mepolitics
Tonight I joined the ranks of the boosted after receiving my Pfizer shot. My first was J &amp; J. There was nothing to‚Ä¶ https://t.co/vecmbUt7vS
@tusharp6789 Hello Tushar- We apologize for the delay you're experiencing with your booster shot. Could you please‚Ä¶ https://t.co/ga9YV9A7ws
@ErinForYall @PeriwinkleRose3 Because Trump is vaccinated. This is the only thing his followers will not follow him‚Ä¶ https://t.co/optvzXRMKd
"No one should have to pay for health care at all, much less a vaccine to protect you from a pandemic that is STILL‚Ä¶ https://t.co/exurqnM9sB"
@kellydleventhal I wish there was a vaccine for being an asshole.
Senate votes to block Biden‚Äôs vaccine mandate for businesses THIS is fucking ridiculous! @Gop is going to get us al‚Ä¶ https://t.co/FvNZdB8L2a
"Bribing children to accept a vaccine, and telling them to hide this from their parents, is a new low even for the V‚Ä¶ https://t.co/cciPerfg5s"
"people with #schizophrenia, #bipolar , and other mood disorders are NOT more likely to GET #COVID19 , but they ARE‚Ä¶ https://t.co/GT50W69hck"
#Tucker.  I'm MAGA but Glenn Beck's story coincides with Trump pushing the vaccine.    Right?  Or wrong?  IDK what to make of that.
Who questions vaccine research and data more
Senate Passes Measure Nullifying Biden‚Äôs Vaccine Mandate On Large Companies https://t.co/Xk2Kcoanfs via @DailyCaller
Yo they said they created the Whole Foods vaccine üíÄüíÄüíÄüíÄ https://t.co/nSiOfLurva
"@ChuckGrassley Will you also now fight to roll back vaccine requirements for mumps, measles, rubella, pertussis, an‚Ä¶ https://t.co/YLSsPGxYRO"
@ExploringLife42 @Telegraph Only things that are big deals are what the vaccine can fix??? Wow what a crazy world we live in
"@DaikanyamaGuy @GearoidReidy Maybe.  The worst part is that they are talking about a peptide ""therapy"" as if it wer‚Ä¶ https://t.co/UrGs9gtrmI"
Senate Votes To Nix Biden's Vaccine Mandate For Businesses https://t.co/ONIRrVWTq8
@Mbdliftheavy @thehill Tell that to the polio vaccine era.  Polio would still be around in the US with this type of attitude.
@CrnchyMama The vaccine will help to keep the illness from being life threatening. I hope it will be enough. üôè
"Come get vaccinated (or boosted) tomorrow at our clinic at Waterview Rec Center at 5826 McMahon Ave, 19144. The J&amp;J‚Ä¶ https://t.co/XQQd0XHAY0"
@ppittman6564 @Telegraph @MNajeddine This study says it doesn‚Äôt help with the omnicron? So I‚Äôd say Pfizer is maybe lying?
@thehill Lmao imagine if this happened for the polio vaccine??ü§¶‚Äç‚ôÇÔ∏è
City Announces Vaccine Incentive for Government Employees | Mayor Brandon M. Scott https://t.co/2xJs55D3cT
"@HollyIsYou @Eric_Schmitt Objectively false but go off, queen https://t.co/EVUqzzDgK7"
@Nancygodroc My wife and I tested positive today despite both of us having two shots of Pfeizer‚Äôs vaccine
"‚ÄúParental vaccine hesitancy is a major issue for schools resuming in-person instruction, potentially requiring regu‚Ä¶ https://t.co/XVwrSK80tO"
"I got 2 Pfizer shots. Then in August, went to anther state and had 1 Moderna. So I can now get my 2nd Moderna + boo‚Ä¶ https://t.co/jpogCFeYyd"
Senate votes to repeal key Biden administration vaccine and testing policy https://t.co/zljYgQkiXo
"Senate passes resolution to defund, repeal Biden vaccine mandate  WE NEED A NEW CONSTITUTION ! https://t.co/WEY2kvYq4l"
"at $7.25 an hour, thats 5 hours and 40 minutes of your time. most of a days work. for a vaccine that‚Äôs been around‚Ä¶ https://t.co/ZSiidiNL1M"
Senate votes to repeal key Biden administration vaccine and testing policy https://t.co/i75Jw01GIE
Aides to Pres. Biden say his vaccine mandate on federal workers has boosted the vaccination rate for that workforce‚Ä¶ https://t.co/jcVgLqFBG8
L@@K  What #vaccine division is doing to our Children !!!!!! https://t.co/TLY9OYY7Ad
Scientists also are trying to determine how transmissible the omicron variant is and whether it causes more severe‚Ä¶ https://t.co/DK10awRwXT
Gov. Phil Murphy Touts Newly Released Pfizer Data Showing Booster Protects Against Omicron Variant https://t.co/h2ujwLyEVD
NYC correction officers union sues city over vaccine mandate https://t.co/ZcPAbiwiYC via @nypost
I encourage Iowans 2 get vaccinated +I voted 4 resolution to reverse Biden Admin‚Äôs unconstitutional vaccine mandate‚Ä¶ https://t.co/VmE0H0H5j3
@Spencer_Berg_ @elisha1022 @Cheese12987 @GreenPartyUS @DrJillStein @ajamubaraka There is no causal relationship est‚Ä¶ https://t.co/3Hi3kHCrfE
Macadamia had her 1st melanoma vaccine 2 days ago and will have a lymph nodes removed on Tuesday to test for more C‚Ä¶ https://t.co/ixbDXH228w
@SportsCenter @wojespn Damn man almost 2 years later and people still have to explain to people that a vaccine isn‚Äô‚Ä¶ https://t.co/DakxqWfmLl
"@rebecca_roache The patient signed a vaccine consent form. If the patient offers payment to falsify paperwork, doc‚Ä¶ https://t.co/TfFvCWJOlc"
Word we should keep babies vaccine-free. https://t.co/q8ItSLtgpN
"@Ohdarkthirty1 @hdante @ashishkjha @PFFparaTodos Remember the gas crisis?  How we were ""running out"" and there were‚Ä¶ https://t.co/R14lIeMXan"
"With Biden‚Äôs vaccine mandate in flux, communication is vital https://t.co/IRGBitN2aT #COVID19Vaccine‚Ä¶ https://t.co/oUambeqSrr"
The latest on vaccine mandates: All the stories you need to read https://t.co/6h4zWb1hA6 #Coronavirus‚Ä¶ https://t.co/7p3dc8JrPi
Pfizer CEO says fourth Covid vaccine doses may be needed sooner than expected due to omicron https://t.co/1u75NaaWHr
"@OtiliaBoldea @ProfPHansen @TWenseleers The Pfizer guy said that boosters are effective against omicron, certainly‚Ä¶ https://t.co/dVQCkaqUG4"
"""The vaccine being developed by Fikrig and his team targets the disease carrier ‚Äî in this case, the deer ticks that‚Ä¶ https://t.co/sO0ZPbgieF"
"Tbh, I love when bars and restaurants ask for vaccine cards. I also love when they verify your card matches your li‚Ä¶ https://t.co/J4XQLyFphJ"
Has #Santa received his #vaccine yet? Times running out!! ü§£ü§£ü§£
OMFG...this vaccine apartheid shit is going to be my villain origin story https://t.co/Nfv607JPES
FDA Says It Now Needs 75 Years to Fully Release Pfizer COVID-19 Vaccine Data  https://t.co/fD7WEgtj8x
‚Äú‚Ä¶some patients are waiting in emergency room beds for days after being admitted to hospitals because there is no r‚Ä¶ https://t.co/hIotzgJUkL
@ActivistHenry @tblue17 Happy to see a politician with a backbone is standing up to these egregious vaccine mandates.
Ugh I get my 2nd dose of the vaccine tmrwüôÑ
"Pfizer gang x3, and I rapid test before travel as an extra security measure! I'm excited to see some #MedPhys peers‚Ä¶ https://t.co/4Yxnm7PN5x"
"Do you have 5-11 year old children? Learn more about the ""kid size"" COVID-19 vaccine at https://t.co/B9ZpjTUfFa.‚Ä¶ https://t.co/fTqb4GmgQl"
"Broadway has also updated its vaccine rules from children, and autism-friendly performances are about to return. Re‚Ä¶ https://t.co/z4vcGieDn0"
"Broadway has also updated its vaccine rules from children, and autism-friendly performances are about to return. Re‚Ä¶ https://t.co/3FipamQadv"
"@AsproDente @ActivistHenry @AbdulJones70mph @GreenPartyUS We all want it gone but, it's still such a new virus we c‚Ä¶ https://t.co/PHK3cGRhIW"
Issue: Some state health departments don't have a smooth process in place like was available for the initial 2 shot‚Ä¶ https://t.co/V05aMSLAbr
If you believe the vaccine is outside of you it will always elude you. If you believe you are the vaccine you will‚Ä¶ https://t.co/CiUb2VCwWc
.‚Å¶@Delta‚Å© drives surge in US cases before omicron gains foothold; Pfizer says booster protects against new variant:‚Ä¶ https://t.co/5gY9Ps4gZu
@SenatorBraun And Biden will veto it... but waste time while Hoosiers die because you politicized a life saving vac‚Ä¶ https://t.co/yWtP50tXbk
i just scheduled my covid vaccine booster for friday and if this shit makes me feel as ill as the 2nd dose I‚Äôm GONN‚Ä¶ https://t.co/0OiEDI4LJI
Pfizer: Booster dose of Covid vaccine neutralizes omicron variant https://t.co/DkXdrp0bmB via @YouTube‚Ä¶ https://t.co/dXwnMNmX3z
@SayNoMore598 @Gramusthegreat @dcsportsstan How so ? Vaccinated people are getting out and spreading it. We're on l‚Ä¶ https://t.co/vVPosOSZKz
"Note: BNT162b2= Pfizer vaccine. Context on who was in the study: ""The study included all CHS members who were 50 ye‚Ä¶ https://t.co/njw0OkcRpy"
@tedcruz I believe in individual liberty. It ought to be your choice to get the COVID vaccine or not.   It‚Äôs amazin‚Ä¶ https://t.co/Lk87BIrS7U
"GOP senators say they believe House will take up anti-vaccine mandate bill, force Biden veto https://t.co/bk54NIqzMZ https://t.co/kOd5L1gOvV"
"Omicron gives you fatigue, a scratchy throat and intermittent dry cough. Why would you take the chance of taking an‚Ä¶ https://t.co/l7FXqiZyKO"
Since natural immunity is 85% effective against #COVID19 I suspect most people getting the vaccine wouldn't have go‚Ä¶ https://t.co/TyIToZ88Ex
@EmmaSayle Just maybe the vaccine kept you from getting really sick or even dying.
I used to think the #covid vaccine gave people the virus. That's why #COVID19 cases were rising despite more vaccin‚Ä¶ https://t.co/mxX6Cc2zre
"@SSconey @SteveBellMO @LFC_Empire @POTUS I had a teenage extended family member refuse the vaccine, she had to go to the hospital."
@HerbstWebber Is she going to keep sobbing until Jason gets the vaccine??? How stupid is this?
"@mpershan I think there's another claim that is more relevant and maybe more plausible, which is that pathogens tha‚Ä¶ https://t.co/EM5WQWbDgB"
"@JrRistine @JohnMar13542732 Just Say No to the #Pfizer and #Moderna Drug Cartels, they are more deadly than the Mexican drug cartels by far!"
Vaccine Industry Veteran Virologist Warns of Post-COVID-19 Vaccine ‚ÄúCollapse of Our Health System‚Äù‚Ä¶ https://t.co/Zy7KUUBBAi
Vaccine Industry Veteran Virologist Warns of Post-COVID-19 Vaccine ‚ÄúCollapse of Our Health System‚Äù‚Ä¶ https://t.co/cpGs8VxdgM
Vaccine Industry Veteran Virologist Warns of Post-COVID-19 Vaccine ‚ÄúCollapse of Our Health System‚Äù‚Ä¶ https://t.co/8T9XUYyigq
Pfizer Says Booster Neutralized Omicron but Variant May Elude Two Doses https://t.co/jcab76T1HF
"All this bullshit folks within a month and just stop üõë and think ü§î, it took ho many yrs for a vaccine on small pox‚Ä¶ https://t.co/EvDKgMLPJg"
@PhunkyWitch Get your booster shot.   It's the most effective thing you can do right now.
I hate when people say it‚Äôs complicated. It‚Äôs not. Just get the damn vaccine!
@PoopOnNRA @ThirdChances @TheLaurenChen Sorry about the miscommunication regarding the peer studies on Pfizer and O‚Ä¶ https://t.co/NQxHKzrrsG
Check out üî•üî•‚ú®Haus of Petty‚ú®üî•üî•'s video! #TikTok https://t.co/X7IyypJTqZ exactly!!! Stop whining about this COVID vaccine!!!!
@fox13seattle God bless Pfizer.
This is good news ‚Äì and more reason to protect yourself NOW! Find a #Philly site near you at https://t.co/J7ENbwVYW7 https://t.co/1cmfnR5Xyz
@RubinReport Wondering when they‚Äôre gonna look at the vaccinated vs. vaccine resistance chart and find a way to bla‚Ä¶ https://t.co/6nFDZmDFm3
"They will never stop changing the term, thus they are engaged in crime. Revert vaccine back to it oroginal meaning‚Ä¶ https://t.co/PSY6m2WUZZ"
@juliawritescode @NewsForAllUK Vaccine is prolly causing this.
New study suggests that ‚Äúmost cases of suspected #COVID19 #vaccine-related #myocarditis in people younger than 21 a‚Ä¶ https://t.co/wY2afBGJL3
@Place4Readers @yo_bj @metaverity Lemme think how to make this happen. Right now I‚Äôm starting to feel my booster shot (yay but ugh).
"@GreenPartyUS 'Vaccine mandates' is going to really hurt your platform. I can't agree with that, regardless of my i‚Ä¶ https://t.co/T9EBO3t9nv"
New study suggests that ‚Äúmost cases of suspected #COVID19 #vaccine-related #myocarditis in people younger than 21 a‚Ä¶ https://t.co/7F0lJBZ6hT
"Since Republicans don't want to take the vaccine, I guess the trump vaccine failed."
Philadelphia‚Äôs hottest club is the walk-in vaccine clinic at @fishtownpharma! https://t.co/q5aVEgkJ9S
"Hey #SenatorThume of #SouthDakota, if personal vaccine choice is going so well, why do you only have a 54% vaccine rate?"
"@realbobbyidaho So she fired licenced nurses I've a vaccine, and now in a jam is replacing them with what exactly?‚Ä¶ https://t.co/me70vxGQ8f"
Upcoming Community COVID-19 Vaccine Clinic Both adult and pediatric and a Flu Clinic. https://t.co/SuQ107lk9O
@PoopOnNRA @ThirdChances @TheLaurenChen OMG. That‚Äôs from September 2021. It has nothing to do with Omicron.‚Ä¶ https://t.co/3F8E9jRGKR
We‚Äôve ALSO seen over the past two years that there are many barriers to accessing the vaccine that most middle clas‚Ä¶ https://t.co/XXOr5NKJEn
"üî¥ Pfizer says early data shows a third dose of their vaccine neutralizes the Omicron variant in lab tests, but that‚Ä¶ https://t.co/C1uJyr4r9B"
When you hope shots fired lead to more actual shots being fired üíâü¶†  @EricMGarcia on autistic harbingers who predict‚Ä¶ https://t.co/9g152jcAvW
"Compassion isn‚Äôt just for people you like or people you have decided made the ‚Äúright‚Äù decision. I have said before,‚Ä¶ https://t.co/yKPzwl50Gg"
"@nbrhdcommie @DaveOchman Vaccine mandates are not that black and white. Nowhere in the country is the so-called ""ma‚Ä¶ https://t.co/Rn3P6FMaAY"
@sailorrooscout I‚Äôm seeing some posts showing two doses of Moderna being MUCH worse than Pfizer. Any idea if those‚Ä¶ https://t.co/eVGMyycLzY
"@TheRickyDavila 3 x Pfizer, hubby too. All adult fam &amp; extended fam mbrs are either the same or in process as eligi‚Ä¶ https://t.co/WiiIoGBIw2"
"Right now, we do not know how fast COVID-19 cases are spreading in Maryland because of a cyberattack on the Departm‚Ä¶ https://t.co/cFWN1hNccG"
"Little Wolf is fully vaccinated! A weight has been lifted off of my shoulders. A huge thank you to Walter, his oran‚Ä¶ https://t.co/kmA41uDtcA"
@DailyCaller Who gives a shit what Pfizer says! This is getting ridiculous
Superhero movies have villains trying to destroy humanity by some outlandish tactic. Here‚Äôs a screen play.  There‚Äôs‚Ä¶ https://t.co/r3VMNIrPHv
not me looking at my left arm after reading that three doses of Pfizer could offer protection against the omicron a‚Ä¶ https://t.co/sNw6VEyueY
Finally got my Moderna bougie booster.  Time to get..funky!
"@RaleighBowman I think that would lead to more deaths overall. Also, there are people who can not get the vaccine but would if they could."
Is the Moderna booster effective against omicron? What we know today https://t.co/GvcIIeYDRB
@brody_mcculloch @brianlee12mail1 @OttawaCitizen Sarcasm is lost on you. Last week when there were questions raised‚Ä¶ https://t.co/QiMQethNPP
How I feel after getting the COVID booster shot in my left arm and flu shot in my right arm tonight‚Ä¶ we‚Äôll see what‚Ä¶ https://t.co/dOIxi6qImP
Just got my booster shot https://t.co/GnrlkKaKLv
"@SenateGOP If there‚Äôs anything more ironic than a doctor railing against a vaccine mandate, I don‚Äôt know what it would be."
"If you're fully vaxxed, get yr booster shot as soon as you can. https://t.co/7dpYYSCo4c"
"Why, if we can legislate to restrict people's movement within their own country, we can we not legislate to remove‚Ä¶ https://t.co/OSpXahRFIy"
Overnight Health Care: Pfizer booster may be crucial against omicron https://t.co/Ceo2rj3Ryg
"@K_Wolf2020 @nirav_mainecdc @MaineDHHS @GuardMaine @MaineEMA Kate, there is a walk-in booster clinic at Chaval Rest‚Ä¶ https://t.co/50GIMPzgKY"
Here‚Äôs what you need to know about getting your child vaccinated:  ‚úÖ A pediatric dose of Pfizer vaccine is availabl‚Ä¶ https://t.co/jJDAGzuiTG
Report: Nearly 500 LA Teachers Fired for Refusing COVID Vaccine https://t.co/nuA5twfwja via @newsmax
@NathanMackBrown Got my Pfizer booster yesterday. No reaction at all to the first two. I'm sick as a dog after the booster. Go figure.
"The Delaware County ‚ÄòHealthy for the Holidays‚Äô COVID-19 Vaccine Townhall has begun, and will run from approximately‚Ä¶ https://t.co/oEkbmgaSZi"
".@PeterHotez ""is deeply troubled by the current state of affairs. A winter surge in COVID-19 cases is brewing, and‚Ä¶ https://t.co/iAzgyZQG9a"
Small studies indicated a marked decrease in the ability of COVID-19 vaccines to neutralize the omicron variant.  B‚Ä¶ https://t.co/42c4X8K9IJ
"Does the news from Pfizer that 3, much more than 2, doses of their vaccine protect against omicron suggest that the‚Ä¶ https://t.co/jlvmbIe77l"
What has two thumbs and got a booster shot today? üëç üëç
"It's their way or the highway, all other logical idea's are wrong. The vaccine is a classic example of the Democrat‚Ä¶ https://t.co/QCppx3PSKO"
Fully vaxxed and boosted with Moderna and back wearing masks in public spaces. #WearAMask #GetVaccinated https://t.co/Ad5tvpOgke
"‚ÄúLet‚Äôs force people to work during a pandemic, let them get evicted, and engage in vaccine apartheid, then bankrupt‚Ä¶ https://t.co/HEFvRQpKHb"
Pfizer said lab tests showed a booster dose increased by 25-fold the level of so-called neutralizing antibodies aga‚Ä¶ https://t.co/OmBQ528LjO
"125 new cases of Covid here, ppl just get the vaccine, you put worse in your bodies on a daily basic."
PA Congressman Fred Keller is leading the fight in Congress to overturn President Biden‚Äôs vaccine mandate for busin‚Ä¶ https://t.co/oPvWqXrqYe
@Cheese12987 @Spencer_Berg_ @GreenPartyUS @DrJillStein @ajamubaraka How do you know their stance on vaccine passpor‚Ä¶ https://t.co/Z6GdusQ0Iy
@Wyn4You So if that's the case why doesn't the FDA put a stop to the Pfizer vax?  $$$$$$$$$$$$$$$$$$$$$$$$$$$$$$$$$$$$$$$$$$$$$$$$$$$$
"If you want to maximise those who get a vaccine, you need to address these fears. Not force. Let's not forget that‚Ä¶ https://t.co/pBWAJNy5WV"
"Some people I talk to aren't against a vaccine, however they don't know enough about something that is very new. Th‚Ä¶ https://t.co/SYzTJamBRc"
Man this looks like songbird or V for vendetta  https://t.co/jg5gedURK4
Unpopular opinion: Occupy Democrats is very based here. Being obese or a smoker doesn't spread disease and extend t‚Ä¶ https://t.co/fRVSQmiXrI
"New Jersey has the highest number of COVID-19 cases it's had since April, and officials say that's due to the expec‚Ä¶ https://t.co/LSMDYYfLFu"
The J&amp;J and Moderna in my bloodstream‚Ä¶ feelin kinda crossfaded‚Ä¶
@shoot69towin @Jean990008 @TimRunsHisMouth The mumps was an issue someone else brought up.  Here is an article by Y‚Ä¶ https://t.co/BPIgqCm4KW
Pharmacies slammed with COVID-19 vaccine demand https://t.co/B9JfAxSXS1
@MaryanneDemasi @US_FDA @AaronSiriSG @akheriaty Very transparent to not give the vaccine hesitant any cause for distrust.
"Ok, let‚Äôs put on our Colombo hat! Now, there is a huge push for the booster shot! Just wandering, what do the pharm‚Ä¶ https://t.co/DUQoW2yiF6"
@WalshFreedom So you should get the vaccine? It‚Äôs hard to keep up.
"@Hansolo37059705 @Tumzilla70 @megtirrell How has it been managed thus-far? Seat of their pants. Masks, no masks, va‚Ä¶ https://t.co/u2MkyNSjYk"
"Pfizer has a booster shot for Omicron, does Moderna  have a booster shot? DrG"
If it's up to Fauci @pfizer @JoeBiden America will need a booster every month. What a fucking scam. Who's profiting‚Ä¶ https://t.co/IqGeYT03bw
So fully vaccinated people are still getting the Covid especially ones who got the Pfizer but now they‚Äôre saying th‚Ä¶ https://t.co/t5TNe0wjAl
Lol live tv just said ethnic minority aunties‚Äô whatsapp messages are the reason why ethnics haven‚Äôt got the vaccine ü§£
This will probably happen in the US too. It may extend our current incipient delta-driven surge.   Protect yourself‚Ä¶ https://t.co/lfJlfLCwQl
@Darby333333 @GovJanetMills Do you realize very few people are considered contraindicated for the vaccine?  COVID i‚Ä¶ https://t.co/IpDSx2PwPL
"Man kills himself and his family over fears from his employer discovering fake vaccine card, German police say https://t.co/EcGN767QsC"
"Just tell them they don‚Äôt have to get the vaccine, BUT WEAR A DAMN MASK IN PUBLIC! https://t.co/iyH7OTW4RV"
"The Pfizer vaccine is less effective against omicron, but a booster restores protection, company says https://t.co/3RkdGMOYqI"
@NDalte @vol_unit @Llyander Ohh so lockdowns didn‚Äôt happen? Vaccine passports aren‚Äôt a thing? Mandatory vaccines in‚Ä¶ https://t.co/QMloqfPoSg
"Stop calling this vaccine ""free"", theres nothing free about it.  Not what it takes. Not what it gives. Not what it‚Ä¶ https://t.co/kjPfpCwTn8"
"@okSettleDown Just had my MMR updated, a new update on chicken pox (3 years till shingles vax), Hep A, pneumonia, a‚Ä¶ https://t.co/cQ859qan2v"
@JulieBanderas @moderna_tx I‚Äôve had my three Moderna hits‚Ä¶in your case I was hoping for film at 11:00‚Ä¶.üôÉ
"The U.S. is closing in on a milestone of 200 million people fully vaccinated against COVID-19.  Still, cases and ho‚Ä¶ https://t.co/EtKxcVfRLi"
@MasalaFry69 But you're fine using what happened to the Jews in Nazi Germany as an explainer for why people shouldn‚Ä¶ https://t.co/EbSrsm9Mwq
"@NBCNews Did they survey to see if their visitors were vaccinated ?ü§î,  No lets blame the staff that worked throghou‚Ä¶ https://t.co/zYmKYsG4qj"
We aren‚Äôt done folks. Get your vaccine and boosters please. This is two years and not stopping because people are i‚Ä¶ https://t.co/c0lq5nNvIv
@heat_meiser @Krista23349434 @JoeBiden And yet COVID vaccine was approved in under a year
@Darby333333 @GovJanetMills When you attacked vaccine mandates.  If healthcare workers believe the vaccine is unsaf‚Ä¶ https://t.co/1afFnDZNe9
"@WalshFreedom That is one hell of a vaccine add! It‚Äôs total BS, but I‚Äôll take it."
These crazy vaxxed idiots are becoming dangerous .They don't  even realize their not protected  by this phony VACCI‚Ä¶ https://t.co/1SCX7AOeLI
Maine activated the National Guard to help hospitals due to them being understaffed and overwhelmed with rising COV‚Ä¶ https://t.co/a0OqAoNT90
Pfizer wants you to get three shots now.   https://t.co/2TVIa2Surl https://t.co/2hiGm4vagC
"I‚Äôm honestly not a fan of mandating business require the vaccine, but have no sympathy for people who won‚Äôt take it‚Ä¶ https://t.co/vaJTF2MhTE"
There is so much bad news out there. Let's take a moment to be grateful that we live in an era where our biotechnol‚Ä¶ https://t.co/o5UwtjMtFi
@ArtCartesien @EpsilonTheory What about countries that aren‚Äôt able to get or distribute vaccines?  Do we block them‚Ä¶ https://t.co/3lFoiKx0b5
@heat_meiser @Krista23349434 @JoeBiden And yet no mention of receiving FDA approval. Also notice how the COVID vacc‚Ä¶ https://t.co/O3GsAcXYcW
"Indiana has one of the lowest COVID vaccination rates, yet our governor has come out against Federal vaccine mandat‚Ä¶ https://t.co/SxfCRP8z4q"
COVID cases top 100k per day despite US hitting 200M vaccine milestone https://t.co/6GhPU4Qd7u via @foxnews
@NikkiMcR Isn't this the guy who said we should all get natural immunity through infection instead of getting the vaccine?
