@maureenjohnson I'm vaxxed &amp; boosted &amp; still wear a mask everywhere. I'm going to take care of my sister for a few‚Ä¶ https://t.co/t4WSMU2i1g
masks not necessary tonight due to unintentional social distancing  this looks like a uconn hockey game on a tuesda‚Ä¶ https://t.co/AWO1ZaCdix
"@RickRunGood Open Championship mask, nice touch!"
"More than 1.5 billion face masks will pollute oceans this year, report says https://t.co/FDKHd9owA5 via @nypost"
@NewsHour What is wrong with all of you... get vaccinated.. ask not what your country can do for you.  Rather what‚Ä¶ https://t.co/nyRDK75qAP
"@DudeOfAwesome1 @nilotheeclectic @theediguy I agree on masks, Canada obesity rate 26%."
Every time i do a honey lemon üçã Tumeric mask my face feels amazing üôåüèæ
If I could say one thing into the loudest microphone on earth right now it would be that mask mandates *by themselv‚Ä¶ https://t.co/l168eNwru7
"The mandate will be effective starting Monday, December 13. https://t.co/QsGhIajFUM"
"@doctornontrad I‚Äôm more likely to be comfortable in a surgical mask in places that truly require masks, and I wear‚Ä¶ https://t.co/BpIdabU1dI"
East Hartford brings back mask mandate inside town buildings https://t.co/DOSONnxF6W https://t.co/waIVr2VzAo
Have you ever seen a CPAP Mask Cleaning Machine commercial. Lung and sinus infections if you don't clean it. Hello‚Ä¶ https://t.co/1B0wsWHmC8
East Hartford reinstates face mask requirements at town buildings https://t.co/MBmUMAWRdp
@megynkelly Masks do NOT cause breakouts! SHEESH!! Vanity isn't worth being unprotected!üò∑
@jajcrob Oh yea for sure. I did snack some popcorn but the mask didn‚Äôt really bother me
"@BlueBoxDave Love NYC and I miss visiting. But I won't go anywhere where I'm forced to wear a mask, show proof of v‚Ä¶ https://t.co/sMWc5vxqf8"
"@spartancharts1 @solibearity860 @GovNedLamont You already posted that, and I already posted this. A mask disclaimer‚Ä¶ https://t.co/4C54fZwtEI"
@mattxiv republicans think their kids will be traumatized by having to wear masks to school but bulletproof vests are fine
@GovNedLamont You need to put the mask mandate back in place please.
@EdoajoEric @TakeWeightOffMD They should do that everywhere. plus have a mask mandate back in place. If you get cau‚Ä¶ https://t.co/cdS5ze2mbE
@GovNedLamont Please institute a statewide mask mandate. Please send rapid tests to citizens to mitigate spread. @DrJuthani
"UA continues to provide Personal Protective Equipment (PPE) Toolkits to ministry partners. This year, 22 touchless‚Ä¶ https://t.co/m0ZtS14Sva"
"Jingle Bells, Silent Night, Rockin' Around the Christmas Tree, and Oh Come All Ye Faithful - and others performed l‚Ä¶ https://t.co/9EcajWxNmb"
Can you imagine if mask rules were apart of the rest of our lives?
Fuck your masks and fuck your boosters you corrupt bunch of elitist twats... and whilst were at it fuck that spineless twat keir starmer
"@TheNickFoy @EacklesLedell ‚ÄúEvery RCT‚Äù = 2, one of which was too underpowered to conclude anything, and the other o‚Ä¶ https://t.co/HIngzS6rVk"
@jacobjivanov @GovNedLamont We need mask mandating in Connecticut to get this under control
@robin1120 @GovNedLamont I got@covid while wearing a mask. They don‚Äôt work and if you are uncomfortable then don‚Äôt go
"@spartancharts1 @solibearity860 @GovNedLamont The masks reduce exposure. Many studies have shown this. Also, look a‚Ä¶ https://t.co/iZpzW0PxaS"
"@spartancharts1 @MSXenix @GovNedLamont In tandem with mass vaccinations masks are very effective, and if we hadn't‚Ä¶ https://t.co/SYHu2rKoor"
"Ughh, this girl I'm friends with is ranting on FB about her kid having to wear a mask during his indoor sportsball‚Ä¶ https://t.co/67pfVQxKq9"
"@TitusNation So they should wear bullet proof vests in school, but not masks?"
@ItsADarcyThing Definitely wear a mask.
"Hey Friends, If your feeling generous think about sending NEW toiletries to a domestic violence shelter. Like whate‚Ä¶ https://t.co/EFB7WAN2cX"
"@FoxNews Welllllll, if he can't wear a mask on a plane, then he doesn't wear a mask anywhere. Right?  From the viru‚Ä¶ https://t.co/OnVRUJpGrP"
Also the next to last paragraph seems to imply that masks would be helpful ¬Ø\_(„ÉÑ)_/¬Ø
@spartancharts1 @solibearity860 @GovNedLamont except they do.  https://t.co/C3gBLxGgzp  They don't have the same pr‚Ä¶ https://t.co/7JUQ5rXfsQ
"@justonescarf We prefer people to be fully vaxxed. If you are not vaxxed, please wear a mask. If anyone is sick wit‚Ä¶ https://t.co/QnBp7sz2C3"
*Get vaccinated + boosted. *Stay home and get tested if you feel sick. *Wear a mask in indoor public places. *Wash‚Ä¶ https://t.co/E1xRppxgQI
"@myemuisemo Oh dang, you're taking the train down to Tampa, eh? I don't actually know that I'd want to be on a trai‚Ä¶ https://t.co/YIIF90aUIV"
"This was my year of acceptance. Forever giving people the benefit of the doubt. I sat back for 2 years, just watchi‚Ä¶ https://t.co/zB7J1MpRg5"
"OFTEN,, THE WRAPPING PAPER SILVER OR GOLD.     THE BOW , PINK WHITE OR BLUE ,,,ONLY COVERS AND MASKS THE REAL YOU."
"Tonight / 7:30pm / Goodwin Theater  Don't miss out! First come, first seated. Proof of vaccination or‚Ä¶ https://t.co/8mS5fYnawK"
"@GovNedLamont YOUR OWN statistics indicate about a quarter of all hospitalized patients are vaccinated, but you're‚Ä¶ https://t.co/lCDX1fMK6s"
@subsix848 @crogo I've said all along that mask policies in schools should be pegged to vax rates.
Tired of takeout? Stir crazy from the lockdowns? Fed up with wearing a mask? Frightened of people you don‚Äôt know?‚Ä¶ https://t.co/8XHiqUkKgf
@Mtennill @B_Hunt @TheAdrianSoto @AOC Not if you don‚Äôt immediately put the mask on after a 2 second photograph in a‚Ä¶ https://t.co/rvgaufJr1e
"Gave a vocab test to Gr2 kids. What is the opposite of 'low?' 'High,' right? Not if the examiner is wearing a mask.‚Ä¶ https://t.co/DoHZAp1sgm"
"Hospitalizations, nationally, well above 60K again and heading far higher.   Connecticut (HHS figure) now at 611 (p‚Ä¶ https://t.co/tGdfYroXeo"
Sea Tea Comedy Theater will require proof of vaccination to enter.  Vaccine cards will be checked at the box office‚Ä¶ https://t.co/O8GbB55YFa
@salad_is_delish @rak3re You're the ones telling them they're going to be permanently traumatized by having to wear‚Ä¶ https://t.co/6r6VhA2JwC
"@asgro1326 And those paper masks will help us. If you are sick, the virus is not dead"
"""La Scala welcomes opera lovers, in masks, to open its season."" by BY ELISABETTA POVOLEDO via NYT New York Times https://t.co/sybalmrspl"
"First, having read the book of myths, loaded the camera, and checked the edge of the knife blade, I put on the body‚Ä¶ https://t.co/UEeN2BibJr"
"@johndridesagain @emporer_naked @rak3re They have playdates, family get-togethers, museum and aquarium trips, spend‚Ä¶ https://t.co/VxFIQPEtbo"
@johndridesagain @emporer_naked @rak3re They mask indoors in public spaces and when indoors in school. 5-year-old i‚Ä¶ https://t.co/4PkESTePSQ
"https://t.co/YE9yeBIFpF United Airline Amenity Kit ( socks, tooth brush, e https://t.co/rKEF4NtTs5"
@MattLesser Your party needs to decide if it cares more about public health than you do about business as usual. Ma‚Ä¶ https://t.co/N3yaf0dn9H
@graciefacelove @POTUS This is just in print.    Wait until you get in the terminal over loud speakers ad nauseam t‚Ä¶ https://t.co/MpiYG0EHt4
This is why I love wearing masks https://t.co/pMeqAc4Cvb
@BetteMidler Yes !! You‚Äôre absolutely right !! I‚Äôm thinking if they wear the mask as a chin diaper- do they also we‚Ä¶ https://t.co/f67k6B34sy
@DennisHouseTV @WTNH @HartfordHealthC @pfizer Then why the mask?
Vaccine cards will be checked at the box office; photos of your card will be accepted. Masks are also required unle‚Ä¶ https://t.co/acObpzYLCJ
"@PoisonJL yeah and so is Mark Zeckerman, we see right thru that mask, we all know your a reptile"
why are we still using picture of cpap masks from 10 years ago https://t.co/0RTX2fqOwv
@discoball2000 @bitemini @shalabissas @emporer_naked @rak3re Wearing masks in schools is not destroying their childhood.
@friesdan @OpDracula @beenwrekt No one would wear a placebo mask. A major challenge of the study was figuring out h‚Ä¶ https://t.co/LOYkK38VZF
"@PunditPandemic @willyl0wman @rak3re For some, yes. For others, it‚Äôs school closures, which were bad ideas. For oth‚Ä¶ https://t.co/5MrHvbSzmV"
Please join us 7:30pm 12/14 at Osborn Hill School for a special meeting (re: DTC by-laws changes) followed by our r‚Ä¶ https://t.co/Mwprf5O2qW
@DecaDuraBane @zerosum24 You are very uninformed. They certainly don‚Äôt wear khakis and full face masks.
@ElleMandell @AstorAaron @rak3re You can know how the factors are measured. There were some states where indoor din‚Ä¶ https://t.co/lll5AfEGi5
"Well, my excitement was short lived, because our pup ate a cloth mask (kids ü§¶‚Äç‚ôÄÔ∏è). Off to the emergency vet. He‚Äôs s‚Ä¶ https://t.co/zOpXpMIi8q"
@emporer_naked @rak3re Yes - much better to let them catch a contagious virus and spread it to their peers and rela‚Ä¶ https://t.co/wWlWgUcqdA
@ElizaFawcett @GovNedLamont @wherewelive Statewide mask mandate? Yeah? No?
So where's that statewide mask mandate at then? https://t.co/i8iPIP7hYh
@grantbotma Sorry it‚Äôs the other side that does this as they think I want to kill them by:  1) Not wearing a mask/s‚Ä¶ https://t.co/xwH7WzXm13
@astanley711 @AstorAaron @rak3re That‚Äôs just wrong. CT has required masks in schools since fall2020. It also had in‚Ä¶ https://t.co/XFJtJ1vdr1
@AstorAaron @rak3re Sure - it would be easy to see if there's any correlation between mask mandates or lockdowns an‚Ä¶ https://t.co/niR7K3m4Pc
@rak3re What's incredible is that you think having to wear masks is somehow more stressful and traumatic than livin‚Ä¶ https://t.co/VWznPMpxoM
"@rak3re Right - the Surgeon General was talking about the effects of wearing masks, not the effects of living throu‚Ä¶ https://t.co/rT6e200J2p"
Soooo are all the big corporate entities still forcing employees to wear masks just to make them feel more like npc‚Ä¶ https://t.co/BLhmTISKAI
"@BenBo370 @mrskellylove @TomthunkitsMind @tweetzydeetzy ""I wore a Batman mask on Halloween and got a ton of candy a‚Ä¶ https://t.co/PSBRmKUtCq"
A friendly reminder that wearing a mask when in public settings can help our community slow the spread of COVID-19. https://t.co/7959VZ0VND
What does a poll mean when on the ground behavior is not changing?  I was just in Boston. Packed food halls. Middli‚Ä¶ https://t.co/otmmFyl0s6
"Our government does not care. Just keep wearing a mask, get vaxxed, and stay quarantined! https://t.co/8G9T7A9cl6"
I wish there were more beard-friendly masks.
@MJDMV @FulletDeborah @GovNedLamont Then why do I only see people calling for mask mandates and not anything else
"Wearing a mask is better than social distancing in EVERY scenario, study finds | Daily Mail Online https://t.co/mA3XFxEtRn"
@GovNedLamont Time for masks again! Please sir
@capitolwatch Meanwhile his response about masks made it sound as though he‚Äôs too wary of pushback to call for anything.
@DrCSWilliam My EMS org requires us vaccinated and to report symptoms. That‚Äôs about it.  masks are only required pa‚Ä¶ https://t.co/Eb5AsLJwuQ
"@bradintheusa @FulletDeborah @GovNedLamont A little bit, but not that much. A mask mandate sure as heck isn't going‚Ä¶ https://t.co/BJfnERMtqe"
"@Fillinusername @GovNedLamont Because it's been two years.  Enough is enough.  You want to wear a mask, go ahead.‚Ä¶ https://t.co/QASmtZBgoP"
"@FulletDeborah @GovNedLamont Vaccine passport (and possible mandate), encouraging boosters and cheap testing is mor‚Ä¶ https://t.co/PldncwoR9X"
"4. ‚ÄúRepublicans say their message is resonating among parents, whose frustrations have boiled up during the coronav‚Ä¶ https://t.co/PpHmqRmBvT"
@hyperplanes Real surgical masks are decent but N95s are better
@joncoopertweets I'm double vaccinated and boostered.  And I wear a mask whenever out in public to protect those wh‚Ä¶ https://t.co/QvO3qy449O
Hello Mr. Mibbs  #mask #greetings #larvalmask #mrmibbs https://t.co/OH4q0azHGB
"Auction shipping done until the last few people pay, jewelry going out, @McDonalds app is down thanks to AWS and th‚Ä¶ https://t.co/lPyeeolUiH"
"@Snickers99poker If you need a break from the mask, go to the Video Poker bar. As long as you are drinking *somethi‚Ä¶ https://t.co/oGT87VKXFD"
"@nytimes The public health response has always been the same. Get vaccinated Wear your masks indoors, wash and sani‚Ä¶ https://t.co/IAYusjZMfQ"
A woman in Ireland faces 2nd jailing after refusing to wear a mask. It could get pricey should many others follow h‚Ä¶ https://t.co/JckIKTR5mC
"The gaps in behavior explain so much.  Theater: Show your vax card, keep your mask on, no you can‚Äôt be sipping thro‚Ä¶ https://t.co/pdaANA7O9Z"
"@msabouri @Arlington_Dad I teach all-masked kids. Masks are annoying, but there‚Äôs no meaningful difference in the q‚Ä¶ https://t.co/l6Kuu5Nd4J"
"@macdonaldtheold @AngelusRosemary @GhostofanOldFr1 Good point üòÇ  I‚Äôm just saying I can protect myself and my kids,‚Ä¶ https://t.co/rzDF2qqszx"
@msymtucker @B52Malmet Airlines now have wifi capability. You can use them once informed by flight crew. And I can‚Äô‚Ä¶ https://t.co/MEjEpuJhmi
@4Yuuhi Tbh I thought it was a new champ when I first saw that mask and it looked rly cool
@4Yuuhi I hope his mask will be a toggle like kaisa
"@Arlington_Dad @msabouri Wearing masks is not being treated like prisoners. Where I live, we're required to wear ma‚Ä¶ https://t.co/g2GR1D2V0C"
30-Bradley Flyer | @CTTransit - Connecticut DOT-owned bus service https://t.co/ZnMWtamKir   Great way to take‚Ä¶ https://t.co/JfPC4JVzWs
@bosicle17 @BallouxFrancois @WillWLau @POTUS OK then your policy suggestion is no mask now for anyone? Just trying‚Ä¶ https://t.co/bQwuFjUXOv
@AjPapadopoulos Masks are a lie Lies are a sin  Therefore masks are in fact against my religion
@holiday_gram @tyrese1717 @MySportsUpdate The vaccine strength fades with time. Fewer people are social distancing‚Ä¶ https://t.co/Ehe6I62g2J
@Rebecca40157056 @2011Antonio11 @GovNedLamont Fuck wearing a mask. Tired of it. It doesn't even work. If we don't w‚Ä¶ https://t.co/cE8ct2Bhzm
The fuck do you do with people who are more upset about mask mandates than metal detectors at school?  I really don't know.
A rule I just made up is if you don't wear your mask in the library I get to take my shoe off and beat you with it.
"@tropigalia DUDE, SERIOUSLY.  I can slide right through most of my life without speaking to people. Mask combined w‚Ä¶ https://t.co/hyvikWSSo7"
@bosicle17 @BallouxFrancois @WillWLau @POTUS Then take off your mask.
@patriottakes I like how he would think that he got removed because anti-Biden and not promoting anti-mask ideas.‚Ä¶ https://t.co/FNAPJIo1kV
@TheEmilJay swear to god bruh the one where you put the ski mask on during gage vs cardona will always be my favorite üòÇ
"@uniformnerd @DebSeymour51 I def remember him during his playing days, but not that mask lol"
What part of wear a mask do people NOT understand? https://t.co/QaFO1f2dU5
@BallouxFrancois @jbenyacar @POTUS I think we agree here. I am vaccinated. I don't mind wearing a mask. And NPIs sh‚Ä¶ https://t.co/u24mNfbOlg
@LizHighleyman @BallouxFrancois @WillWLau @POTUS @RonDeSantisFL @GOP But you have here people equating offering peo‚Ä¶ https://t.co/46m7ddakfx
"@LizHighleyman @BallouxFrancois @WillWLau @POTUS Yes AND I am saying, put masks and tests out there so it's easier‚Ä¶ https://t.co/oV5O5e53BD"
"@MafiosoRo Since my divorce, I've started visiting different houses of worship near me.  Helps me cry on a deeper l‚Ä¶ https://t.co/IU2gWI2fEh"
@GovNedLamont A mask is approximately equal to an additional vaccine booster.
@SELENAG0MEZPICS @selenagomez Love the trench coat life an times of wearing a face mask life goes on
@GovNedLamont I visited a chevy service center and saw people in the building did not wear a mask. It is too early to take the mask away.
@ShaunMc77738050 @MikeReiss I'm vaccinated and I wear a face mask.
Watertown council OKs ARP funds for masks: WATERTOWN ‚Äì The Town Council at a special Town Meeting Monday approved s‚Ä¶ https://t.co/rnHbAPlj1e
"@gsd_mom @DrGJackBrown I think the most of the people who consistently wear mask are health care workers, or their families üò∑"
"But @LGSusanB @GovNedLamont @CDCgov @CTDPH all said get the #vaccine and you will be all set, no masks, back to nor‚Ä¶ https://t.co/UsQ5xVXx4n"
@kurtjannke @LedyardNHS There are masks in the main office for sale to benefit the toy drive $2 donation.  Many new‚Ä¶ https://t.co/DcVyVm1StV
That video of Kodak on the breakfast club with the mask on saying ‚ÄúI hope so‚Äù is absolutely hilarious
Had a bad body image day. Had to remind myself I might not always like my body but I still love and respect it for‚Ä¶ https://t.co/RiEPqbtpbw
Reminder tomorrow (12/7/21) we are at Bethel 5pm-7pm for practice. If you are not taking the bus please email Coach‚Ä¶ https://t.co/cxUKA8Z6AR
"The United States will surpass 800,000 COVID deaths before Christmas this year. Over 2,000 COVID deaths were offici‚Ä¶ https://t.co/H4J0Mqk1GT"
"@ScienceAccount1 @Real_MrBill CDC‚Äôs metric for mask recommendations is cases/100k, so self-evidently CDC believes t‚Ä¶ https://t.co/Kza8PdQ1b4"
"@JetBlue hey ass hats. Mask mandates are not laws. Laws need to pass the Congress, the senate and then be signed by‚Ä¶ https://t.co/Z3BRh6jnXl"
"i just want someone to put on face masks with me, is that too much to ask for????"
@jimiuorio What about the people driving a car by themselves with a mask on
Just saw a little girl at Home Depot wearing a sleep mask as a head band. I respect that.
"Unless they're wearing N95s below their nose, missing their nose won't appreciably change their risk. Remember, ""my‚Ä¶ https://t.co/otTPwkN2jn"
"@CharlieCrist @GovRonDeSantis What Charlie means is vac mandates, mask mandates, CRT and lockdowns! Sound good to all of you? NOT!"
"PSA ‚Å¶@BaseballAmerica‚Å© article to all #parents, #catchers, #coaches &amp; #umpires: Wear the same #brand the @MLBPA‚Ä¶ https://t.co/8HAByz5Rdu"
I been wearing a mask since like 06‚Äô been knew the air was full of pathogens and pollutants https://t.co/I3i8A9uqrx
@MyAllielove His position on mask mandates is terrible alone.
@CitizenFTW @smilingoutloud2 @B52Malmet It's very simple. You don't want to vax or mask? Don't fly. It's a choice not a necessity.
@RagnarWebmaster @JimRuggles3 @CitizenFTW @smilingoutloud2 @B52Malmet Wear a mask. Get vaccinated. There are two examples
@RidleyDM @BallouxFrancois @POTUS I support President Biden's call to get more people vaccinated. Of course I do. A‚Ä¶ https://t.co/Q7LptGeaq6
"@BallouxFrancois @jbenyacar @POTUS Seriously. I've seen so much death. I am not interest in terror, sorrow, distrus‚Ä¶ https://t.co/XV8mcoSXQD"
@BallouxFrancois @jbenyacar @POTUS Francois. Please. I've lived through one epidemic for 40 years. I am not interes‚Ä¶ https://t.co/xGKXI9fQ5Z
Please take a moment to look over new mask guidance. Our top priority is to keep both our guests and our team safe!‚Ä¶ https://t.co/nAwMFulgSt
"@BallouxFrancois @WillWLau @POTUS ""Enforcing restrictions"" is the tell here Francois. No one is enforcing them in t‚Ä¶ https://t.co/tGPeMTdDin"
"@BallouxFrancois @WillWLau @POTUS I am frustrated. And angry. Imagine if gay men had said in in the mid-80s, enough‚Ä¶ https://t.co/zEe4Z8NR0X"
"@BallouxFrancois @POTUS I am also NOT talking mandates, enforcement. Anyone who wants a test or mask should be able‚Ä¶ https://t.co/WigjfKBZ79"
"@WillWLau @BallouxFrancois @POTUS No. Not forever. But with 100,000+ daily infections for now. It's really somethin‚Ä¶ https://t.co/CBWtORxnGs"
@BallouxFrancois @POTUS I was talking about free masks and tests. Not lockdowns.
@shalrath42 @gsd_mom CT prison guards refuse to wear masks despite the mandates.
I like pretending no one can see me singing along to Paradise by the Dashboard Lights at the supermarket under my mask.
Today #SW06074 hit red status again with 80 current known cases of Covid-19. As a result we are mandating masks in‚Ä¶ https://t.co/Zq7tSRwI47
@hugolowell WHO CARES???  Her money all comes from fundraising!  The fines are nothing to her.  She shouldn‚Äôt be al‚Ä¶ https://t.co/lGQaPpzZFm
"@SamAdamsLogger @Packratmom @GovNedLamont They‚Äôre masks, not hoods. You kooks are hilarious."
@JurassicSparkz Armor and face mask is cooler in my opinion
Connecticut  This is consistent with what we are seeing locally in our Emergency Department. Majority of hospitaliz‚Ä¶ https://t.co/VVfEdhmXdP
"@wnpr @capitolwatch @wherewelive @GovNedLamont ‚ÄòCan we finally get a state-wide mask mandate, or will we wait until‚Ä¶ https://t.co/jP6c5W0TEc"
Lovely to pop in &amp; see the lovely team @clareantiques in #Clare #Suffolk who have been raising funds for‚Ä¶ https://t.co/Co1OokDRzq
Why the absolute ***** are they not wearing a mask?! Who is the media person for these 2?! Eric Trump?! C‚Äômone!‚Ä¶ https://t.co/ms42XFxvKX
"‚≠ê HEALTH &amp; SAFETY UPDATE | Extended through February 28, 2022 ‚≠ê For detailed information about returning to our the‚Ä¶ https://t.co/RyPPJbhWfC"
Sentinel Asset Management will be hosting a free Educational Class  on Dec. 14 &amp; Dec 16 from 6:00 to 8:30 PM at the‚Ä¶ https://t.co/04nHyYmOiz
@MetaNFTGame The Twilight Zone-The Masks
@ScottHolcomb8 @PegLulu2 you are wrong i am a nurse it is transmitted through respiratory droplets. a mask is bette‚Ä¶ https://t.co/8VBNiLX3AU
Trimmed by beard now my mask touches underpart of my chin this feels crazy üíÄüíÄ
@bennyjohnson I can see the happiness. Thankfully he does not have a mask on so we can all see it first hand.
An estimated 41.9 million people in the U.S. have received a booster dose of the COVID-19 vaccine. If you‚Äôre among‚Ä¶ https://t.co/TkIYanvXcS
@friesdan @beenwrekt Giving people a mesh mask you know won't work is deeply unethical and (rightfully) wouldn't ge‚Ä¶ https://t.co/LJdZ4ePLTn
@BeySatisfied the boy in the green shirt n black mask is living his best life
"@foreverimbetter Like my dudes. You have a warm butthole, go make bank. Wear a mask to cover that butter face"
@WesPegden @anish_koka @excel_wang Especially when the story has to explain the specific constellation of lower sym‚Ä¶ https://t.co/4m6aDYLS3v
"@WesPegden @anish_koka @excel_wang Again, I agree that bias in symptom reporting is something we can't deal with pe‚Ä¶ https://t.co/X8ujDY4NY0"
"@WesPegden @anish_koka @excel_wang Those are different surveyors from the ones doing the survey, who weren't even i‚Ä¶ https://t.co/uOFvanc3Rb"
@WesPegden @anish_koka @excel_wang There is a clear balance failure we discussed extensively in the paper where sur‚Ä¶ https://t.co/pHw2nNzknt
@WesPegden @anish_koka @excel_wang Looks to me like pretty clear evidence for mask effectiveness from symptomatic s‚Ä¶ https://t.co/QnJ7vg2WY0
"Please note that proof of vaccination OR @trinitycollege ID is required to attend all performances, Masks are requi‚Ä¶ https://t.co/O23T6bqQOp"
This blue ski mask gonna go crazy üò≠üò≠üò≠üò≠ like this blue is too fire ‚Ä¶ can‚Äôt wait to finish https://t.co/12vFBZjdPN
I never meant for my ski masks to blow up how they did on IG and now I‚Äôm overwhelmed üò≠üò≠üò≠
@chronicle Don‚Äôt trust anything said by a man with his nostrils exposed despite wearing a mask.   Simple but good test.
How Do Face Masks Affect Criminal Trials? https://t.co/UPf3PjkLzx
"Astonishing to hear this prog Listeners ring in to complain of sitting on buses, trains &amp; in exams where people don‚Ä¶ https://t.co/UtgLWf6JVk"
A reminder of our policies and protocols for home games in 2021-22!  MORE INFO ‚û°Ô∏è https://t.co/ak8Rb42xIq  üîπ Proof‚Ä¶ https://t.co/q0SLaiozmE
"Funny how those who refuse to wear masks because of their freedom, are the same ones trying to take away a woman‚Äôs‚Ä¶ https://t.co/CUKlji7qRg"
@B52Malmet I recently flew and complied with the mask rules. I fell asleep with the mask on and somehow bit the bac‚Ä¶ https://t.co/dCsCj3GCnQ
add to the growing list of mask effectiveness (they help) along with a look at the other NPIs https://t.co/2AQsze7joE
Have you scheduled your wellness check up recently? Call us at 203-798-7661 to set up an appointment! Don't forget‚Ä¶ https://t.co/R3thcoi65b
@HigginbothClem @PhilsandJenn Actually the ones spreading COVID are Vaccinated people who stopped wearing masks bec‚Ä¶ https://t.co/cqYUVSBCJH
"In order to protect the health and safety of our patrons and staff, @FarmlibCT require that all visitors to the lib‚Ä¶ https://t.co/IJ4uNW0gi8"
"@SoSofieFatale Relatively good short term news, but if it is more infectious and we don‚Äôt sufficiently vaccinate, m‚Ä¶ https://t.co/XV96GmVf4P"
Headed to Manhattan today for a conference. First in two years. Boosted. Vax card. Masks.   üé∂ NY State of Mind üé∂
"@AndreaMcCarren Nothing beautiful about this. If so beautiful, why are they masked up? Because they are cowards, hi‚Ä¶ https://t.co/u99vEqebDo"
"https://t.co/YE9yeBIFpF United Airline Amenity Kit ( socks, tooth brush, e https://t.co/Cs4gwa44sy"
https://t.co/Z7ywYGaQT0 TYR Adult Magna Swim Mask New in Box https://t.co/cXaAIk2DlP
Idk how I‚Äôm going to explain to my children the logic behind our government making HS kids wear masks on their chin‚Ä¶ https://t.co/1I8yhV8pKK
@friesdan You want to lie to people and get them excited about something we know doesn't work. There was a lot of o‚Ä¶ https://t.co/z9aCpnR58N
"@friesdan I'm not worried about the enthusiasm of the staff, I'm worried about telling the control group to wear masks."
@friesdan It's a possibility but it weakens the first-stage if we encourage people in the control group to wear mas‚Ä¶ https://t.co/mq3HSPp7sD
@Ron96790399 @farmergray Sometimes I go mad seeing all the people in my town put on their masks again after the ini‚Ä¶ https://t.co/S9nWajPfuy
How did they not call a face mask or illegal hands to the face on Denver there? #ChiefsKingdom
@tommy_corner Sure looks like that monk or whatever they may be is wearin a mask
@tommy_corner Is the person wearing a mask????!
U.S. extends mask mandate for travelers; stricter testing guidelines to begin for flights into U.S.  https://t.co/cExAYR0hcs
Is PM Johnson Scrooge or Marley?  Because he dislikes mask-wearing it's Marley  The shroud slips off Marley's face‚Ä¶ https://t.co/8qB0GGQH72
@woodcraft_brian @Dempz8 Most of the countries that have been wearing masks because they have no pollution control‚Ä¶ https://t.co/ivV7uPuayc
The Omricon virus has been detected in Massachusetts. Wear your masks #covid
"@KyleKashuv My 4 year old once told a bunch of mask people at the gym, ""Take your mask off! You can take your mask off!"" Lol"
@cashpiggy22 @pauline_10_7 @Trump Because if it's the story I think you're referring to turn it out to be false yes‚Ä¶ https://t.co/6AY9TvDHbm
"""Our results show that face masks significantly reduce the risk of SARS-CoV-2 infection compared to social distanci‚Ä¶ https://t.co/i7nuUgYc4Y"
Stay vigilant. Wear a mask indoors. Get vaccinated. Get your booster. #COVID https://t.co/99NtiDlSny
@kingmanmarie39 Same here! I'll keep wearing my mask.
'Oh boo hoo': Marjorie Taylor Greene ridiculed for latest whine about being attacked https://t.co/fMAEvA41Zo
"@CalvinHannam @factandrumor Hundreds, if not thousands of schools were closed because of #TheOrangeMenace ‚Äôs lack o‚Ä¶ https://t.co/sO49h6USyK"
"Lavender Face Mask, facial mask skincare, beauty, facial masks, natural skincare https://t.co/rK7ckkKjFA‚Ä¶ https://t.co/6bRXxP1J6M"
@KingJames Wtf they were PLAYING like that!? That is so ridiculous. Healthy young people with almost ZERO risk from‚Ä¶ https://t.co/n4LIGAZFKN
"@oreillyspins @KingJames That's pretty cool you complained by e-mail. Cool mask, bro."
"@akikigate It used to be in CT everyone wore a mask, now good luck seeing anyone wear one, even the employees. I or‚Ä¶ https://t.co/3QOx67kjCR"
for whatever reason there were more people fighting with me over the last few weeks over masks than getting vaxxed‚Ä¶ https://t.co/7p8kJN9GtR
@anish_koka @excel_wang The bottom-line here is that a t-stat of 2 for symptomatic seropositivity is right around w‚Ä¶ https://t.co/5JhlqzUzSB
@anish_koka @excel_wang It is certainly true that two types of priors are relevant here: a) Priors from the bioengi‚Ä¶ https://t.co/cNY8Hj1y5b
@anish_koka @excel_wang 1) There is imperfect compliance with mask-wearing (30% wear masks) 2) Only a small fractio‚Ä¶ https://t.co/N3GjjhIG2q
@anish_koka @excel_wang The parachute trial is a bad analogy because we new going in that even if masks were *extre‚Ä¶ https://t.co/LClJhhGkxn
@zerosum24 The fake FBI Patriots should have thought more about the outfits! Patriots don‚Äôt wear khakis and full face masks üò∑üòÇü§£üòÇ
@gregggonsalves I wear KN95 masks exclusively. I‚Äôm constantly around crowds or groups for work.
@yanksfan7991 @the_hamberglar_ @espn Clearly not as dumb as wearing a mask as a chin strap. There's a reason you li‚Ä¶ https://t.co/vQCAqRnYZn
@MagicRealismBot A more serene version of The Mask.
@thekjohnston White masks and white hoods are ok
@PaulPabst I feel they both need to switch out their black face masks especially when it clashes with the green colors.
"@DeborahSills My sister ordered some Powercom masks through Amazon, I hope they're legit. I asked her to share with‚Ä¶ https://t.co/mC0cuWs26F"
@DeborahSills My mom told me that the virus is so small so a mask can't stop it anyway... I told her that's not the‚Ä¶ https://t.co/lVF0rn2vg3
@xPurpleActavis They been ass the whole season that fumble was beyond bullshit tho that should of been a face mask
Do people take off their face mask and you thought they were going to prettier lmaoo
"We can prevail over #Omicron. We just need to use the tools we have | @EricTopol @Guardian Masks, vaccines, booster‚Ä¶ https://t.co/KTFgSEQfUC"
FACE MASK NO CALL
"@DeborahSills I got into an argument with my mom, when I was trying to explain the importance of N95s (or KN95s, at‚Ä¶ https://t.co/cxYrwM7tgB"
"@tpwk47 @michaelbd I literally say a tweet earlier ""My preference would be pegging mask mandates in HS to vaccinati‚Ä¶ https://t.co/EeNLtifHBg"
"A place to put your winning ticket on, or a mask. #masks #organized #gettingorganized # https://t.co/lYdvoY8MHD"
when I was an toddler teacher i wouldn't realize my mask would be slowly slipping down and a random toddler would j‚Ä¶ https://t.co/4cgKdXUdr5
The mask don‚Äôt prevent shit. The Chinese (no shots) have been wearing mask ever since I‚Äôwas little and they still g‚Ä¶ https://t.co/agIhCdUQOB
"if these racist assholes are so proud/brave, why are they wearing masks? I'm sure it's not to stop the spread of‚Ä¶ https://t.co/sbtgJM8VWJ"
Want to thank everyone who has offered advice on my next mask purchase! Ordered from @projectn95 in the end after c‚Ä¶ https://t.co/bUaH1guHca
I swear it‚Äôs the vaccinated wearing the mask lol.  But it‚Äôs funny because they are vaccinated which no point in doing so.  üßê
@tpwk47 ??? When did I say that? I thought my position has always been that mask mandates in schools should be pegged to vax rates.
@WFKARS And white face masks are the new white hoodüò°
"@RuinousThe @GeorgePapa19 @CandidlyBritish Why did I go to a NY Rangers game at Madison Square Garden with 20,000 p‚Ä¶ https://t.co/aejeDUGVc1"
"@Thom_Hartmann They're much more cowardly, I don't believe the Germans wore  Masks to conceal their identity."
@Angry_Staffer Guess masks are ok when 'protesting' though...
@friesdan Recall that of course the teams conducting the 5 and 9 week survey cannot be blinded anyway since masks are clearly visible.
Get vaccinated Get Boosted Social Distance Wash Your Hands  Wear A Mask   Protect our community.  Help our healthca‚Ä¶ https://t.co/L4OsgOm0pC
"@FaceTheNation @GovNedLamont The key to ""screen to stay"" is universal use of masks."
@JoyceWhiteVance Weird how these people are fine with wearing masks when they are spewing hate
@FaceTheNation @GovNedLamont It is only applicable to students/staff who are exposed IN SCHOOL where universal mask‚Ä¶ https://t.co/r3ONoscdwk
"@gregggonsalves Gregg I can give you some if you would like-professional grade. However, for the N95 to work proper‚Ä¶ https://t.co/B7wD2BaY6R"
@AndreaMcCarren Funny how they will wear a mask to hide the cowardly identity!
@TheTrueAmerica5 We are up against a relentless enemy. But we have a fighting chance if more people get vaccinated‚Ä¶ https://t.co/HJ9pGlv4tH
"A pathetic, erectile dysfunctional, tiny march of men w/little-boy-playing-soldier delusions of grandeur.    Does a‚Ä¶ https://t.co/YrWTb4nndg"
Corporate Media Loses It Because Biden Can‚Äôt Eat With A Mask On https://t.co/pFQgeTcwnx via @politicususa
@RNickGorton Just use the ol‚Äô oxygen mask stretchy string method? I have a titanium wedding ring - worst case I end up with a nubbin lol
"@LanceUSA70 They are Halting Bidens Mandates, However those Businesses or Hospitals can still have and enforce thei‚Ä¶ https://t.co/M0GHDqrfP3"
@tlecaque Saw a similar right-wing parade on 42nd Street last night but without the shields and masks. Talk about B‚Ä¶ https://t.co/5FLgTPbAN2
In case you had any doubt &amp; very relevant to #OmicronVariant - very low risk of infection when everyone wears a fac‚Ä¶ https://t.co/4dc80GEpjD
Anime NYC 2021 convention at the Javits Center  ~50K in attendance: required to wear masks (not sure about enforcem‚Ä¶ https://t.co/ERcnALStAc
What I feel when reading ‚ÄúFace masks can be taken off when seated.‚Äù  https://t.co/QTk7Rlm374
@JessicaCalarco I am going much further than this. The logic of a sacred cosmos is founded on supernatural power ra‚Ä¶ https://t.co/u5ZWLJritZ
"More inside activity, less mask wearing, higher positivity rates, more cases, now add omicron..."
"@gregggonsalves Bona Fide Masks are very good. Originally recommended by my doctor. The KN95 should be sufficient, and is comfortable."
@AndreaMcCarren Now they‚Äôre wearing masks‚Ä¶
.@KDNyhan would be a great project for @YaleSPH students to do a Consumer Reports like report on masks with help from the librarian brigade!
"Oh, now I get it. You can‚Äôt wear a mask to the grocery store or other public indoor places, but at your rally, to p‚Ä¶ https://t.co/AEea0JXh3B"
"https://t.co/YE9yeBIFpF United Airline Amenity Kit ( socks, tooth brush, e https://t.co/18zqHwPOii"
"Bronny James &amp; his teammates wearing masks over their necks during a basketball game is peak ‚Äúnobody cares anymore,‚Ä¶ https://t.co/jAkHyFnWlO"
@cashpiggy22 @pauline_10_7 By lockdown you mean where people care enough to wear a mask to protect others? And the‚Ä¶ https://t.co/ED4gZnj2xi
Stop panici.. oh wait. Appears the message to get vaxxed is getting out. And people complaining about panic appear‚Ä¶ https://t.co/v3WnmuRSHd
"Mask buying. Are you confused? I am. Looking for good N95s. Are KN95s ""good"" enough? Frankly, I want to know a site‚Ä¶ https://t.co/WMMQqYA1zJ"
".@weparmet points out, we're less prepared this winter than we were last winter. We're putting all our hopes in the‚Ä¶ https://t.co/MPYarnvVGs"
And they seem to have no problem wearing masks https://t.co/fEiD5M23Bl
"We're here when you are ready - we offer a variety of skincare services such as, chemical peels, microdermabrasion,‚Ä¶ https://t.co/YkZr1lPqCQ"
"The virus is life-threatening, but the means of survival exist. Use them. https://t.co/yvsmXHkRUs"
"In America we fix non temporary problems temporary things like pot holes,mask mandates, vaccines that don‚Äôt work,Un‚Ä¶ https://t.co/68PNG0HQ5r"
https://t.co/Z7ywYGaQT0 TYR Adult Magna Swim Mask New in Box https://t.co/Wb96QEMgw1
@thequentinletts C-19 reduced by 53%!  Mask-wearing is the single most effective public health measure at tackling‚Ä¶ https://t.co/jaJeKCBQml
@espn Why the fuck does he have a mask on around his neck. Seems more of a hazard. This shit has got to stop becaus‚Ä¶ https://t.co/RDDLq8MGWy
"@friesdan The intervention consists of more than handing people the masks. There is information conveyed, so this is not feasible."
"and that makes you just as dumb as the people saying sheep, I don‚Äôt have to agree with someone‚Äòs opinion but I do h‚Ä¶ https://t.co/aLaBzmQOlT"
"@Joe_Pater @the_shoestring @SabadosaMA @Jo_Comerford @eabrewster FWIW, most if not all Hampden County mask mandates‚Ä¶ https://t.co/0duQeDamhr"
The health and safety of others is not worth the risk. Thank you @GovSisolak for protecting Nevadans by keeping the‚Ä¶ https://t.co/N9NQXJ0Ega
What is the point of the mask under the chin https://t.co/bYzG43mSCZ
Mask covering my whole face while my hair looked cute w/ the hat that I had bought 10 minutes prior to taking this‚Ä¶ https://t.co/hmOwdFjSh2
"@CrinkleMomMaya I've gone out to the zoo and the mall diapered, wearing ABDL-themed clothes, paci in mouth (admitte‚Ä¶ https://t.co/QKhx9oqs5d"
"Mask up, get vaccinated, and get boosted üò∑üíâ https://t.co/GBy42T8ds6"
"@joaquinlife @ibrake4ants @nicd_sa Yeah. He also said masks were useless at one point. He's good, but not perfect."
Uconn is weird everyone got on mask still‚Ä¶
"@AndreaMcCarren Funny how now they can wear masks, innit?"
"@ElieNYC @JeriLRyan Saw an employee at local store not wearing their mask properly, and proceeded to cough and snee‚Ä¶ https://t.co/sLnOpPxYjo"
@weparmet We doctors need to be setting a good example and wearing a mask is key during a pandemic is part of that.
@HomeDepot stop with the mask wearing commercials.
the mask is fr one of my favorite movies
"@CrustationK @MajorFactor2 This was Aeroflot, not a US airline. Note also the lack of masks."
"@jrodimon So nice they have masks on, chicken üí©'s"
The people who refuse to wear masks are now hiding their faces behind masks. https://t.co/Xwafu7CiJZ
"@MollyJongFast So proud of what they‚Äôre doing they have to cover their faces, because no entire group of Trump followers wear masks!"
"@AndreaMcCarren When people are choosing to hide their faces, it is usually a sign that they are not quite proud of‚Ä¶ https://t.co/dpnZSWrUhX"
"Last year we were fighting people to wear face mask, this year is vaccine- progress"
@SenWhitehouse @Knight201701 I wear masks even where I don't have to.
"@CS68538322 These people want free rein , no masks , no vaccines , no vax passports ?   .......Like really how do t‚Ä¶ https://t.co/HxgsoNpEwG"
"Boosters are good, but masks are a quick and easy precaution we can all take. As someone that's been working face t‚Ä¶ https://t.co/i39o0v02Q6"
@mtosc98 There's research that suggests that the hole masks do actually help. Seems off tho
@BreRVA So dumb. Yale hospital is about to release a study on breakthrough cases that I'm hoping will douse some of‚Ä¶ https://t.co/tFpk3IgQbL
"@BayesGhost @stevesingiser @AstorAaron still, given how well the Bay Area has done, I *do* expect changes in policy‚Ä¶ https://t.co/8W3DuaFY1s"
@BreRVA We're ~5 weeks into another spike here in CT. The governor passed the buck on mask mandates down to municip‚Ä¶ https://t.co/4AcOO18mzh
@sarahviselart Never should have gone to New Hampshire. We were staying in the middle of nowhere and mostly stayed‚Ä¶ https://t.co/OLq1vf01sl
Skeet Mask the Slump God
*some masks off for photo purposes only
"@maskedwrestlers Terrible!!!  Imagine a mask with streamers in ‚Äò91, we would‚Äôve lost our collective minds!"
"@anish_koka @excel_wang But of course we found significant impacts on symptoms and symptomatic seropositivity, with‚Ä¶ https://t.co/0ul7FbpCfP"
@anish_koka @excel_wang I keep thinking about how absurd this comparison is. This would be the right analogy if we‚Ä¶ https://t.co/arWManCEnO
Three more cases in New York were announced Saturday morning. Is the omicron variant something that will make you u‚Ä¶ https://t.co/RHqWvxlp87
"@anish_koka @excel_wang Additionally, it's not like our study and DANMASK point in opposite directions. People who‚Ä¶ https://t.co/BhHL22xdbt"
Corporate Media Loses It Because Biden Can‚Äôt Eat With A Mask On https://t.co/pFQgeTcwnx via @politicususa
"@anish_koka @excel_wang So if all we had in the study was a t-stat of 2 and *nothing else*, you might say, ""Well, I‚Ä¶ https://t.co/wzdXVLv59b"
@JasonManford Ignore the trolls &amp; gobshites. I wish I could mask up &amp; attend one of your gigs. But... I'm in the st‚Ä¶ https://t.co/MTIrgqykgC
"Smiles (behind masks), fun, new friendships, and caring adults. Welcome to @Hartford_Public‚Äôs Saturday Academy! https://t.co/8OQb7PxGM7"
It‚Äôs a good thing I had a mask on because I gave the dirtiest look to the Salvation Army people outside my local gr‚Ä¶ https://t.co/N04zNVd8J5
@Tara_Mckelvey @justinsink This is exactly like the time Trump stood on the Truman balcony and performatively rippe‚Ä¶ https://t.co/lmDqKaURFP
BREAKING NEWS!!! #POTUS removes mask to eat dinnerü§¶üèª‚Äç‚ôÄÔ∏è   MSM needs to do better. At least tell us what he ate. https://t.co/4Bm0HaKf7y
@NatsAndCats @JoeConchaTV @LCSeward He seems not to follow rules. Restaurants ask you to mask when arising from tab‚Ä¶ https://t.co/EjRUe0I4KQ
Man who thinks masks magically remove themselves when you walk outside. I have been known to wear a mask for a full‚Ä¶ https://t.co/54bHfyVGAV
"@JoeConchaTV When I arise from a table to leave, I put on my mask. That‚Äôs what they ASK for. Sometimes it is a bloc‚Ä¶ https://t.co/9vWOsQ8zT8"
Stay #safe behind the plate while rocking your favorite color options! #catcher #baseball #softball #umpire‚Ä¶ https://t.co/nr5XUip2hP
@speechboy71 Fauci led shutdowns and mask mandates haven‚Äôt worked and the GOP has correctly called this out. How co‚Ä¶ https://t.co/VrEaijmQ2W
@DanCrenshawTX It's just another way to exert control over people.  Same as wearing masks.
@mtgreenee Wear your mask https://t.co/bWLY24zKXU
"More to the point, in a place like Franklin County, where the population is quite diffuse, one community's mask man‚Ä¶ https://t.co/NRuckn2qkU"
"Given that it's winter, Franklin County has lots of unvaxxed, everything is fully open &amp; there's a nasty, if not es‚Ä¶ https://t.co/uqZtruP48s"
@Tara_Mckelvey @justinsink How do you eat through a mask?  It's what people do in restaurants now.
"Please join us for our Family Winter Games &amp; Craft Night on Thursday, December 9, 2021, from 6:00-7:30  Families mu‚Ä¶ https://t.co/KFaBU1ndic"
IT'S GAME DAY! WestConn Men's Basketball hosts Plymouth State for their first Little East Conference matchup of the‚Ä¶ https://t.co/WOmYAi1pqg
IT'S GAME DAY! WestConn Women's Basketball hosts Plymouth State for their first LEC matchup of the season. Today we‚Ä¶ https://t.co/sVI9j0y5nu
"Hard to eat with a mask on, ya think? https://t.co/NQEZnc98Oi"
@freedlander @MollyJongFast At least she was wearing a masküòÅüòÅ
C-19 useful information for Q Letts  ¬πMask-wearing is the single most effective public health measure at tackling C‚Ä¶ https://t.co/PlfP4V41KA
"If you call, they put you on hold. If you go there, they answer the phone. Does anyone ever get helped? No one know‚Ä¶ https://t.co/vLirdtuKsR"
@Tara_Mckelvey @justinsink So. You eat with a mask on?!?
Today would be a good day to bring in a mask mandate.
"And again, take masks and tests to communities. Door-to-door. As @akapczynski &amp; I said back in 2020 we need a new c‚Ä¶ https://t.co/b83iiwlUEU"
"And masks? They should be free &amp; widely available, as should rapid antigen tests. Supermarkets put candy at the che‚Ä¶ https://t.co/qecbSjE9RY"
"Mask of Pan discovered at a temple to the god in Banias, northern Israel, during excavations in 2015. #GodPan https://t.co/iXZdcAMluw"
"Free masks for visitors of The Body Adorned, opening today. One mask per visitor while supplies last. #atthemuseums‚Ä¶ https://t.co/cITqXKzCXR"
@DocCoyle What‚Äôs the point of the masks under the chin
Stratford mandates masks in town buildings https://t.co/p3zIeEUnKX via @WTIC1080
I see very few masks in Bennington (Vt) and Washington (NY) Counties https://t.co/EQF69hgLyt
"@judybattista Yes it was wrong, just stupid, but basically, they were walking around with no masks just like Rodgers ü§î"
@NFL_Mitchell @helmsmark68 @ProFootballTalk and he also walked around with no mask
"@woodcraft_brian @Dempz8 Yes short term effects still have to wear mask, still need booster, the Omni variant may n‚Ä¶ https://t.co/sQEnvuuIDc"
It‚Äôs #GoldenBearsGameDay!  @WNEU_MIH host #12 @UNEhockey at the Olympia  üìÖ 12/04/21 üìç Olympia Ice Center üÜö #12‚Ä¶ https://t.co/HFMlctRfRg
"C-19 information üëáüëç  Mask-wearing is the single most effective public health measure at tackling Covid, reducing in‚Ä¶ https://t.co/NQdoot8pkM"
"@Jusrangers They don't care that masks are interfering w/lang &amp; reading dev, social-emot dev,etc. I'm working w/3rd‚Ä¶ https://t.co/vhdv7y87j8"
Mayor Reinstitutes Indoor Face Mask Requirement for all Stratford Town Buildings https://t.co/XvH4LIaoKI
"C-19 Useful informationüëç  Mask-wearing is the single most effective public health measure at tackling Covid, reduci‚Ä¶ https://t.co/t6MCBV4rOi"
"Coronavirus  Mask-wearing is the single most effective public health measure at tackling Covid, reducing incidence‚Ä¶ https://t.co/ViFbt8hcwB"
"Love when people say, ‚Äòya, job growth is really strong now but it‚Äôs just cus we‚Äôre coming out of the pandemic.‚Äô Rea‚Ä¶ https://t.co/qW6KqtNKnP"
https://t.co/Z7ywYGaQT0 TYR Adult Magna Swim Mask New in Box https://t.co/8IXWVV6Mrg
If you missed the $OMIC ATH here is your chance to get in. Dip won‚Äôt last long. 0x39ABe870F44188f66C39EB54eb87eE8f0‚Ä¶ https://t.co/D3vj5K8VpV
@gilsimmons @WTNH @BrianOhler nice take your mask off get your shots
@NathanPStrauss @UmassReindeer If only he wasn‚Äôt wearing a mask he would be an actual reindeer?
mask mandate is good cause when i see people i haven‚Äôt seen in years they don‚Äôt know it‚Äôs me   &lt;3    hehe
@eb454 @KatiePavlich I'm old enough to remember Faucci saying wearing a mask was hurting people
Finished my #SPU2021 stay with a whirlwind trip to #ArtBasel ‚Äî they definitely knew the urologists were in town! Gr‚Ä¶ https://t.co/NZjZy5ubMz
‚ÄúEvidence that we live in a simulation controlled by someone w a perverse sense of humor: At this moment Roe could‚Ä¶ https://t.co/3DSxYmEt7C
@BradBallisLife Maybe he should do some parenting and tell his son to take the mask off his chin. Not only does it‚Ä¶ https://t.co/EThnrgYOZP
@jhstlouis @KuumbaSingers Y‚Äôall‚Äôs mask fashion is on point üôÇ
"@JFaysghost At my hospital, if you didnt get the flu shot, you had to wear a mask all day at work. If you got a flu‚Ä¶ https://t.co/bC6RIT4MHy"
Out here lookin like Vader with the mask off in Return of the Jedi. https://t.co/DvnLT4OEFx
Ahem @GovNedLamont perhaps a mask mandate? https://t.co/GqylUAFZcp
Also on this there was one guy earlier I saw arguing with security cause he wasn't vaccinated/test to show while al‚Ä¶ https://t.co/9rHEFuNxT6
if i can smell you through my mask????? i wish you a very much d!e
@danielkotzin Haven‚Äôt met anyone that likes wearing a mask
@moon737beam @KATUNews Wouldn't that be up to me to decide what's safe and unsafe?  Not that it's any of your busin‚Ä¶ https://t.co/BfYelqDz9i
Went to pick up pizza in West Hartford tonight at Savoy. No one in any of the downtown restaurants was wearing a ma‚Ä¶ https://t.co/1Up2oH3UNW
@pouvoir87 Bruh!!! I was literally gagging behind my mask
Lamont believes new COVID-19 variant is in Connecticut. So what comes next?  The governor said people shouldn't pan‚Ä¶ https://t.co/lQaAHdAhUd
Shit. The jig is almost up. I thought I was safe without my mask‚Ä¶ Now everyone‚Äôs gonna find out I‚Äôm really Martin Short.
"@call_nasty @riteaid I shouldn‚Äôt be surprise anymore but I am. 700k+ dead and still dying, a new variant, probably‚Ä¶ https://t.co/rnbayfE2yi"
@thrasherxy telling cops the mask protects against fentanyl would up adherence a good amount.
Mayor Laura R. Hoydick announced Friday that the requirement for wearing facemasks in town buildings is being reins‚Ä¶ https://t.co/JmEvCzgBSq
@mgelizabethx @anish_koka @Jabaluck @YaleSOM Happy to oblige! Here you go. üôÇ https://t.co/QKy0D28MEw
"Masks required. Arrive early because gifts are first come, first serve! üéÖüèæü§∂üèæ https://t.co/qsKdlcRHbi"
"Our local positivity rate for the @TownofCheshire has been increasing dramatically over the past 2 weeks, with numb‚Ä¶ https://t.co/eJGsHabxno"
@ArtbyMadara Well I wouldn't know.. Everything a mask causes for me is harder breathing and a little skin irritation so
@PhonicsMom @KenSheck I keep extras in my purse/car too. And ok if you wear it on your chin when driving to not for‚Ä¶ https://t.co/oDpQmuM5SO
@ElieNYC The number one best thing about masks is their usefulness in any public bathroom. Amen!
"Free masks for visitors of The Body Adorned, opening Saturday, Dec 4. One mask per visitor while supplies last.‚Ä¶ https://t.co/u8donINeNm"
"@TrishtheDish_7 @AWokeZombie @snorman1776 the current WHO statement btw: ""Masks should be used as part of a compreh‚Ä¶ https://t.co/bTesJOHsCn"
@TrishtheDish_7 @AWokeZombie @snorman1776 benefit is modest and surgical masks and n95s are superior .   https://t.co/U89Mk0kVjF
@ArtbyMadara I... I don't think I've ever seen a black guy with Santa-length beard... Well technically I still didn't because of the mask
"@AWokeZombie @snorman1776 the opposite, actually https://t.co/tgygd3vzxp"
"@Gc25804626 @ChadGoldsmith @GovKathyHochul Chad doesn't leave his house, so there's no reason for him to wear a mask in his car."
Isn‚Äôt #Michigan the state where the police arrested the girl student for not wearing the mask?????  Yet this kid wa‚Ä¶ https://t.co/rMMUdZGOSU
Cov19. My stuff has worked for me. Findings  UVA &amp; UVB  150 WATTS  FOR 15 MINUTES A DAY. PEROXIDE 40 VOLUME.  COMB‚Ä¶ https://t.co/ucYwNTllCu
"@billyblazejow @SusanStJames3_ Wow, you're not all that bright. Of course many of these jobs existed before Trump's‚Ä¶ https://t.co/SGQA9sRUUJ"
My husband and I are driving on the highway and what do I see? A lady driving by herself double #masked? Why are pe‚Ä¶ https://t.co/Xnr8BOp4vc
A friendly reminder that wearing a mask when in public settings can help our community slow the spread of COVID-19. https://t.co/HG18kq3HK2
@KETV Maybe he caught it when he wasn't wearing his mask while out shopping.
"CIAC Updates for Winter Sports, No Limit on Spectators, Masks Required https://t.co/HClcI2wyY5 https://t.co/Zpw84EsYia"
The Body Adorned opens tomorrow at The Springfield Museums. Free masks available while supplies last!‚Ä¶ https://t.co/6MbLMDWZTw
@Proud_Shooter I have the mask tatted on me :)
Sundays are for the Kids!   ü¶∏‚Äç‚ôÇÔ∏è Grab your mask and cape and fly down to the Yale New Haven Health Box Office to gr‚Ä¶ https://t.co/pB4ZdJoJqL
"Y‚Äôall realize that a lot of us have mastered the ‚ÄúSmize‚Äù technique that Tyra talked about on ANTP, because of the m‚Ä¶ https://t.co/n7pRsxz1S6"
Our students were so excited to receive books at our recent book giveaway! We love to see the smiles on their faces‚Ä¶ https://t.co/0qjbq27kgY
"Retweet if you're still wearing a mask, I'm looking for new friends."
Missouri GOP Gov. Denies Hiding Study Proving Mask Effectiveness Against COVID https://t.co/OQGZFpSPfq So your'e 66‚Ä¶ https://t.co/mcdoVkvCHY
@GregoryWilken @Dr2NisreenAlwan Do you hear yourself? How could wearing a mask prolong the virus being spread? And‚Ä¶ https://t.co/7Ujga4hNtW
"@lurkramos Before I enter any establishment I check the window and look for a sign that tells me the rules, if ther‚Ä¶ https://t.co/dPWIYoH7T9"
"I am personally over covid rules, got my vax and booster, and placed that don‚Äôt have mask mandates, I don‚Äôt wear ma‚Ä¶ https://t.co/NMexa7bFBK"
@sarahbeth345 Just keep the God damn mask on so we can get over this already. Jesus Christ!
I‚Äôve noticed there are 3 kinds of people   1) people who are just more comfortable with masks.   2) people who don‚Äô‚Ä¶ https://t.co/kPDOyimXnf
the fact that we are a year and a half into this panoramic and people are still pulling their masks down to talk
The public is invited. Face masks are required regardless of vaccination status. https://t.co/30TKwhvuzr
@Savage16May @onlythebrave775 No mask in front all politics in back.
What‚Äôs the point of the mask lol https://t.co/MzChvdyija
$SHIB is pumping again We ALL KNOW that means Meme Season $OMIC is your ticket. THIS will be the new 100x Dextool:‚Ä¶ https://t.co/SiwUjZvp09
The Body Adorned  opens Sat Dec 4 in the D'Amour Museum of Fine Arts! Free mask for visitors while supplies last!‚Ä¶ https://t.co/lFWAU6thPK
@georgiegirl1216 @Karen_Santiago1 @Denise62410685 @MarshaBlackburn No - I want everybody vaxxed so I don't have to‚Ä¶ https://t.co/fByU6xbeWv
"Destress at Hybrid Yoga happening today, December 3, at 1pm in room N100 or via WebEx. Join virtually at‚Ä¶ https://t.co/AfynCVWSJe"
@Howitzer203 @StLuGal @meganranney Vax alone isn‚Äôt quite enough mid wave but obv a huge help  Vax + non pharmaceuti‚Ä¶ https://t.co/rVXrobTUuh
The Mask mandate is a Criminals Dream ü§î
"near 100% vaccination and mask mandates on campus are good, actually"
"The state‚Äôs analysis backs up St. Louis‚Äô push to keep its mask mandate, said Nick Dunne, spokesman for St. Louis Ma‚Ä¶ https://t.co/NEvWuA7oQF"
"""I think we can say with great confidence reviewing the public health literature and then looking at the results in‚Ä¶ https://t.co/P9ft4tAPwP"
Yo I thought his glove was Shinsou's mask and I bout LOST it. This was pretty clever on Hori's lart though
"@MrGamingGamer Nope, I don‚Äôt eat if there is someone next to me. ‚ÄòThe mask obviously doesn‚Äôt help‚Äô is by far the mo‚Ä¶ https://t.co/KJgJPnD1qp"
"Join us in the library‚Äôs large meeting room for a viewing of Last Christmas.  To ensure social distancing, attendee‚Ä¶ https://t.co/kAoCvWDUHg"
"Just mail everyone in the country rapid tests and masks right away, and find ways to get them to unhoused folks. Th‚Ä¶ https://t.co/LzRL4dqJlN"
@Kelan_Lyons ‚ÄúDOC staff have the lowest vaccination rate and highest opt-out testing rate of any state agency.‚Äù Yet‚Ä¶ https://t.co/V9r6GfkUtz
This is a fair decision. America should do the same. The responsible people who are vaccinated and wear masks shoul‚Ä¶ https://t.co/n1ClgOwUvb
"2021, The Year of Babies  Pregnant? Carry that baby for 9+ months while receiving non-stop invasive comments from s‚Ä¶ https://t.co/1uYIIBrH4Y"
@mtgreenee I love how you are freaking out like this MarjQrie! Subpoenas will go out soon and you know you‚Äôll be on‚Ä¶ https://t.co/HoZ9taQ9SC
Feels good when you‚Äôre at the airport and you eyefuck someone into putting their mask back on. I don‚Äôt understand h‚Ä¶ https://t.co/IaXUQR8Vz1
@DrJohnB2 Then invent a technology for face masks made from plant fiber and starch. It would be better for the environment too.
@SethMcFarland87 @RossKressa @CawthornforNC What does wearing a mask have to do with this conversation? Oh right. You're brainwashed
@MaxClayGibbons You've yet to show me an economist who says that restrictions in CT - and I don't even know what re‚Ä¶ https://t.co/TivX3ddDQC
"@becauseicare21 My son informed me there were over 1,900 new cases in Connecticut today. I'm actually surprised bec‚Ä¶ https://t.co/gF5C0BGRKU"
@GianmarcoSoresi No self-respecting northerner smokes crack while wearing a mask.
@FilmCondensed Nope. No speaking parts for the mask. https://t.co/5jTdVjzIkB
Judge Seems Unconvinced by Republican Challenge to Fines Over House Mask Mandate Violations https://t.co/BqtqMvoU8N
Weekly Villain Power Rankings:  5.) Keith Olberman üìà 4.) NFL Refs üìà 3.) Antonio Brown üìà 2.) Lincoln Reily üìà 1.) Bri‚Ä¶ https://t.co/rA5zFGDREM
@amyhollyfield Leaders need to lead and wear a mask indoors if that‚Äôs what‚Äôs mandated. Throughout the last two year‚Ä¶ https://t.co/Nmnorx72Gm
@HollyAngryMom What are you talking about? Nowhere in the Northeast - the most vaxxed part of the country - has any‚Ä¶ https://t.co/jz6nVphSKm
"Nobody enjoys masks all day, but the @cheshirehighschool library is trying to make the best of it with their book d‚Ä¶ https://t.co/MrvQqlsgcp"
I‚Äôm at the point where I‚Äôm keeping my mask on outside just bc I‚Äôm cold ü•∂
@GoaliePartsCom mask https://t.co/KPZaoD3keW
"@jstar79 @NellyCarrenoTV AT work we had 40% of the workers test positive, I was not. The 50yo unvaxed was out for w‚Ä¶ https://t.co/V4gFo8fz90"
Just so we‚Äôre clear.. children and teachers are getting very fed up with masks. All of our teachers are mandated to‚Ä¶ https://t.co/pWKmKDvh9N
"@AstorAaron evidence is  building that masks made/make a difference   your stubbornness aside, they help a bit üòá an‚Ä¶ https://t.co/XRw0MPvWct"
"@rickjr1956 @doby8285 @wahoowalk @ProFootballTalk @zul1732 he even worked out with a mask lmao, like it was literal‚Ä¶ https://t.co/Do0MzjugsP"
@rickjr1956 @doby8285 @wahoowalk @ProFootballTalk @zul1732 and cry me a river if you want me to be upset that Rodge‚Ä¶ https://t.co/0BLzCmPv1Z
The gop is threatening not to fund the government by next Friday only because they want President Biden's administr‚Ä¶ https://t.co/qeRwLmCs81
@rickjr1956 @doby8285 @wahoowalk @ProFootballTalk @zul1732 Rodgers was getting tested daily before going into the b‚Ä¶ https://t.co/EhNwdjjslJ
The mask on the chin will never make sense üòÇüòÇüòÇüòÇ https://t.co/jAmfDMTQTY
I need a stripper to twerk with one of my ski masks on üò≠üò≠üò≠
"@NedLamont, it‚Äôs time to reinstate the indoor mask mandate. Before it‚Äôs too late (which it might already be)  Let‚Äôs save lives."
"@AlexPutterman And I bet no state-wide mask mandates in sight, right? I mean: go take pics at Edge in W Hartford: 9‚Ä¶ https://t.co/xQtOTJLhdv"
@RogerMarshallMD Please tell your people to wear masks and get vaccinated. That will end the pandemic‚Äî&amp; mask mandates.
"Do travel restrictions by institutions or countries in our new reality after two full years of covid, getting our v‚Ä¶ https://t.co/dab5FtTT0s"
"It's official! No more comments re ""there aren't peer reviewed RCTs showing masks prevent COVID"" - so proud of &amp; gr‚Ä¶ https://t.co/h2bhTxfpak"
CT Covid Update... Please avoid gatherings. Please mind your distance. Please wear your mask and properly. Please t‚Ä¶ https://t.co/1uCrdmSUDL
"Or, we could have the same team give out masks after the survey, and train them not to mention the masks until the‚Ä¶ https://t.co/SsOncs5amu"
"This was, incidentally, not some thoughtless error, but a careful decision made in light of the trade-off: we could‚Ä¶ https://t.co/hUAI4MLfpz"
"But no federal mask mandate: come to the US, you'll get covid! https://t.co/t2abrd9SEQ"
lifting the mask mandate was a terrible mistake. https://t.co/qnwwSJqEb6
I would love to know:  -ages of those positive cases. -how many positive cases are among vaccinated. -when we will‚Ä¶ https://t.co/Y3mY8Ef5VW
@FritsV4 @chipfranklin He also refused the vaccine and fought mask mandates.
"8 weeks. Don‚Äôt panic, but DO PREPARE. Get vaccinated. Have abundant testing available.  Message about masks BETTER.‚Ä¶ https://t.co/xkH8h09sPB"
"Now I‚Äôm fine if you disagree about masks and vaccines, I have no problem with that.   My problem comes when you tel‚Ä¶ https://t.co/jXggAHRBgp"
@GaddieWindage Or the let them reap the consequences of their choices? Those appropriately vaxxed and who mask shou‚Ä¶ https://t.co/fvnYNG2bgZ
@GovNedLamont Masks work about as good as our ‚ÄúGovernment‚Äù
Leading into #UnderPressure next week. I not only take your @Official_PAPW United States Championship. I take your‚Ä¶ https://t.co/vHCBMcTXTN
"Read about how Yale's child vaccination center is helping bring back ""rainbows and bunnies"" to the lives of New Hav‚Ä¶ https://t.co/xH57iqCz5b"
@BetoORourke I am glad to see masks being worn. Sets a good example.
Thanks to Dan Miramant of @DurhamFairCT and past parent for donating face masks and hand sanitizer for our‚Ä¶ https://t.co/4C7w0m7d9Y
"@KhoaVuUmn No mask mandates in sight, I bet?"
"Update! The glitter is now I my scarf, my mask, my headset and my phone. https://t.co/pyiqgMubHI"
"@Jim_Jordan Well maybe ""Real America"" should wear masks and get vaccinated? Huh Jimbo?"
"@CTMirrorPaz Sen Duff thinks that transparency and accountability is ""an anti-vaxxer / anti-mask"" thing. https://t.co/AYzXFa8Cj3"
Thanks to @Jordanfenster for reporting on concerns about this winter's potential for a Connecticut ‚Äòtwindemic‚Äô. Eve‚Ä¶ https://t.co/o4fwsgKJx4
Dead skin mask
We are almost two years into this pandemic. The mask goes OVER your nose. Stop being an idiot.
"And look, masks were fine *and necessary* at one time. But they are so infinitely less effective than vaccines, and‚Ä¶ https://t.co/SQbFXZ4VPT"
Europe has mask mandates. Why are they surging? https://t.co/rJE4ka3fBc
@TexasFlatlander I know it has a 99.879% survival rate if you're under 50  I know that living in fear won't stop an‚Ä¶ https://t.co/jUHmx9Bs3Y
@DailyCaller Mask off for all of you
"@Situationship Every time they stop the face mask mandates,a new virus pops upü§îü§∑üèæ‚Äç‚ôÇÔ∏è"
Sending the right message about the omicron variant is tricky  https://t.co/O45y0F904J
@schmangee True; but expensive to people as opposed to institutions. It‚Äôs easier for people to point at a person wi‚Ä¶ https://t.co/Y10dG88cf1
Former mayor reported missing / Some state employees paid triple their salary / 22-year-old shot and killed: PD / T‚Ä¶ https://t.co/SaoKyRg6rB
Get your mask on! üò∑ üòÇü§£üòÇ https://t.co/bn6Qu4ekBZ
@james41079889 @ABC Yes in the past you knew something was up let's say a person with a mask enters a bank. DUH! Ro‚Ä¶ https://t.co/DNLFhZfThM
@james41079889 @ABC Obviously you're not reading about the increase in crime in these DEM cities with MASK MANDATES.
@schmangee I say this not being against masks; but baffled as to why places are paying people to continually saniti‚Ä¶ https://t.co/pMQpA8YPAm
@strangepods @outrosknj She was wearing a mask she just took it off for a bit.
CDC recommends that everyone ages 2 years or older wear masks in public indoor places in areas of substantial or hi‚Ä¶ https://t.co/DkAKXD6OSA
@BCDreyer This morning I found a postcard my dad sent me 23 years ago. It was in my mask box. He sent me one practi‚Ä¶ https://t.co/277bVgECRi
City of Danbury lifts mask mandate: https://t.co/24CARmLWf1 by @ANHattersHerald #DHS #HattersHerald
"At this point, @LilNasX &amp; @JackHarlow are the closest we're gonna get to Sailor Moon &amp; Tuxedo Mask, respectively. I'm not wrong."
Biden to extend transportation mask mandate through March https://t.co/uQNOuwbpmk via @WFSBnews
@easypoliticsUK we've been relying on the vaccines to lower the death rate from ~1000 per day (as we had with +40k‚Ä¶ https://t.co/obWX4gX3Jp
"@easypoliticsUK I mean sure, the numbers have been ""steadyish"" but that's because we've being doing very little to‚Ä¶ https://t.co/r2uZkEsN1e"
"Just think this, if the people who have been running this country had good sales over 700,000 people would be alive‚Ä¶ https://t.co/B3Wx8VPeQX"
"@pegobry @karlbykarlsmith They‚Äôre telling everyone to get boosters, and since late summer CDC has been telling vaxx‚Ä¶ https://t.co/3pEvUzkx8r"
"""Biden is said to be extending mask mandates for travel through March."" by BY SHERYL GAY STOLBERG via NYT New York‚Ä¶ https://t.co/Wr3BKQoiPD"
"A fine of more than ¬£10,000 for not wearing a mask when the government says you should, in #Victoria #Australia üá¶üá∫‚Ä¶ https://t.co/LSc9GTpqaf"
@FuriousBlxkk I know that nigga cant breathe in that mask lol
"I think I speak for everyone in healthcare when I say, can everyone please get vaccinated and mask up so that there‚Ä¶ https://t.co/tz3pzqO9RA"
@mask_bastard Also iFunny poster????
@mask_bastard Boner üëç
Do you sit in your office all the time with your mask on when no one's around https://t.co/vnLenXDlm1
Bad habits wit this Mask
@GovKathyHochul You‚Äôre nearly a senior citizen unmasked in doors but you make children who are at much lower risk t‚Ä¶ https://t.co/IcYWboM5Hu
"NEW: Hours after the first omicron case was reported in the U.S., President Biden announced he is extending the tra‚Ä¶ https://t.co/bln7VYveEy"
Biden to extend transportation mask mandate through March https://t.co/WnPy4lfVbZ https://t.co/bZko3DO1pl
@allaboutAlixB @JackAydogdu My daughter made 100‚Äôs of masks with her sewing machine and fabric we had on hand. We g‚Ä¶ https://t.co/mlw12KqVgM
@peaceyknowledge @NYmom4 @LizHIVHep @ajlamesa Grandma should get double vaxxed but that does not make her safe. We‚Ä¶ https://t.co/wFQCJjmqUT
@bushy2wavvey Fun indeed black mask is going to whoop Cody‚Äôs ass
"nobody is wearing a mask at this gig, very cool"
Missouri health department hid evidence that mask mandates work | STLPR https://t.co/eMJOxntoTA
OMG her voice is enough to drive one to drink!üèí Then practice slap shots for the next hour or two. Of course I woul‚Ä¶ https://t.co/QoKzCLPrJv
@DreaCupcake_ The COVID lock down effect!  People apparently did more last spring than wear masks and make ZOOM cal‚Ä¶ https://t.co/yUIbcYIhxV
@BroncoStrada He's also anti-mask. üôÑ
@RichHovorka I started wearing a mask so I could go places without being recognized
@pinkapothecary @YNHH @jmarvinpharmd @ElizabethAnnC @RouseInLeHouse @KristenSchmerbs What a good looking ~girl~ gang! Masks and everything!
@MrsAstorm The 100‚Äôs L- room 117‚Äî-IT are ready with our matching masks https://t.co/3XpSEvGz8N
"Despite an uptick in #COVID19 cases post-Thanksgiving and news of a new variant, #Connecticut has no immediate plan‚Ä¶ https://t.co/5pFYGDK13A"
@edwardkw @seungminkim @maggieNYT He is reckless. Eats fast foods and meat all the time. Never exercises refuses to‚Ä¶ https://t.co/cAY8asBM1N
"Connecticut update  28% increase in hospitalizations, week over week.  Positive rate high at 5.37% Cases up 30%  Al‚Ä¶ https://t.co/egZmfNBBuv"
The media pretend that the uncontainable virus could be contained if only politicians would steal even more freedom‚Ä¶ https://t.co/gwovj5Usmk
Ocarina of Time Age of Calamity Majora‚Äôs Mask Skyward Sword Majora‚Äôs Mask Ocarina/Majora every year https://t.co/AGNvOs9MZV
@MarinerChrista We provided masks to those who arrived without them.  When we saw people without them we asked them‚Ä¶ https://t.co/xO5zW3h8Ph
"‚ÄúLife is precious. Thanks for resisting mask mandates, not taking the vaccine, and picking up your AR-15 if you won‚Ä¶ https://t.co/JXrBDOCenI"
"@KhoaVuUmn And instead of mask mandates, these ‚Äúsmarties‚Äù talk about 24h testing for incoming travelers. ‚ÄòUS: come‚Ä¶ https://t.co/812xQ5mAnl"
"@AnnaMarie16053 @tuckerfizz2 @JuJuBea37615897 I did a lot of exercise in HS too, but normally the young get either‚Ä¶ https://t.co/PKbWjtCSkB"
It's also #WellnessWednesdsay and today we're talking about covid health tips! 1.Wash your hands often with soap an‚Ä¶ https://t.co/tDGThMO37k
@DebsterPA1 I haven‚Äôt stopped wearing my mask.  I‚Äôve been vaccinated and boosted but I continue to wear it‚Ä¶to prote‚Ä¶ https://t.co/tvJT9LfPkC
"@green_eggsndsam Yes!!! I've been wearing my mask everywhere, I'm back to not trusting anyone without one"
"And pointless and counterproductive.  ""'Masks aren‚Äôt a minor inconvenience. They‚Äôre dehumanising and controlling.'""‚Ä¶ https://t.co/FYzAtutXpd"
"@greyauk Hahaha, gotta love those masks ü§£"
@wtwills09 @shearm When did Lysol Donnie ever wear a mask
"@RM_Patterson Literally every bit of evidence shows that omicron is mild so far. Also, there‚Äôs no real world eviden‚Ä¶ https://t.co/DLf11hAtG5"
@jerryshaker1 @Mags0908 @MollyJongFast Cool beans. Make vasectomy mandatory after 40. No options-sperm experiences‚Ä¶ https://t.co/0zhCBFzlU7
@ABC Notice LA has the mask mandate so criminals can't be identified.
@Leolyloo 1st Zelda: The Legend of Zelda Last Zelda: Skyward Sword Best Zelda: Link to the Past Worst Zelda: Majora‚Ä¶ https://t.co/77g65JHwgd
"#royalehightrades looking for withered bouquet, the earclip and the mask. Technically the items that came with the‚Ä¶ https://t.co/izCxI2RBsn"
"Like yeah their human mask is pretty top shelf when they are talking to someone they see as a peer, but as soon as‚Ä¶ https://t.co/GmAe3MudYI"
Boost. Mask indoors. Let's end this. https://t.co/7Reg6opDgM
Don't know if it's a correlation but not wearing a mask during an epidemic where the infection agent is known to be‚Ä¶ https://t.co/LYuy1gf9w0
@markmobility and Masks!!
"@bootydust17 I still run back to my car to grab my mask. Then when I get inside whichever establishment, half the p‚Ä¶ https://t.co/NtemwwvswN"
I have so many orders for these ski masks üò≠üò≠üò≠ majority men ofc and they‚Äôre all tipping üò≠‚ú®
From Friday travellers to Ireland must have #COVID19 tests as well as vaccine certificates - yet more good news for‚Ä¶ https://t.co/YeHCxsgXMV
"The Nat'l Institute for Justice says a metal detector can cost $1,000-$30,000. Models in the $4,000-$5,000 range ty‚Ä¶ https://t.co/ouW5Rp6XCG"
"Worried about enrollment, colleges will do almost nothing. No pivot to online, no new distancing/mask rules, no boo‚Ä¶ https://t.co/THvZEdayXQ"
"Since February 2020, Democrats have been ""more likely than Republicans to worry about illness, feel isolated, wear‚Ä¶ https://t.co/W8hP469VGf"
"As health leaders investigate the virus, @UConn virology researcher Dr. Verardi (@VerardiLab) urges people to wear‚Ä¶ https://t.co/EG7fdPDgH0"
@Leolyloo 1st Zelda: Majora's Mask Last Zelda: Hyrule Warriors  Best Zelda: A Link between Worlds Worst Zelda: Zeld‚Ä¶ https://t.co/NtZbDDq6XN
"Despite an uptick in COVID-19 cases and news of a new variant, Gov. Ned Lamont‚Äôs administration said Tuesday it has‚Ä¶ https://t.co/O6abihvwig"
"@joshtpm And everywhere you go (except of course parts of the valley) masks are by far the norm, not the exception. Love living in my state!"
@JadeVxdAndMskd And I always wear a mask.
vintage Blue Beetle #4 Charlton Comics Men of the Mask: $15.00End Date: Dec-19 18:27Buy It Now for only: US $15.00B‚Ä¶ https://t.co/ZI1bHIMCEq
@amanda_sherlock @markcianca @JoyceWhiteVance What kind are they? I swear my house eats my masks so I'm always on the hunt for new ones.
Before the virus. I even made sure everyone had masked on but around that time I had trouble drawing faces so I put‚Ä¶ https://t.co/i6qTYtJkrv
"https://t.co/YE9yeBIFpF United Airline Amenity Kit ( socks, tooth brush, e https://t.co/CjL4FnGYat"
"@mylodon5000 @CznOfEverywhere @SkyNews No. I supported lockdowns before a vaccine rollout, I‚Äôm against them now but‚Ä¶ https://t.co/aTpTrZ7Jlx"
"@_tbond @CznOfEverywhere @SkyNews You have a bit of a point there. Due to many wearing old cheap masks, noses hangi‚Ä¶ https://t.co/Wvrd8kOP3h"
"These are the same monsters that will kill Roe as soon as they can. Bodily integrity, liberty for women, freedom fr‚Ä¶ https://t.co/X08xRY04GB"
You really must read thisüßµby @mattbc on how #COVID19 is crushing our healthcare workers who people living with disa‚Ä¶ https://t.co/WIIlW8oCgj
@rosemaryCNN @MiscoMD Hi Rosemary we just need patience let's keep wearing mask avoid confined areas with lots of p‚Ä¶ https://t.co/VdEG7vXbP6
"Caution over a new variant isn‚Äôt the same as the mental case surges of last year. Stop this hysteria, it‚Äôs boring.‚Ä¶ https://t.co/kGnQQXrz4v"
https://t.co/Z7ywYGaQT0 TYR Adult Magna Swim Mask New in Box https://t.co/ycf1vqW8nS
@hughosmond @BBCRadio4 Social interaction is vital for all but needs to be responsible Wearing masks isn't a restri‚Ä¶ https://t.co/jQaW6smPvY
"@OccupyDemocrats Wow may he RIP the ones who don't believe in vaccine,masks and the covid they're the ones catching it and dying"
@AndyRichter @JayKogen His motive is he has a cool mask
LOST DA SHIEST MASK üòí
My followers on IG been going up since i dropped that ski mask reel üòõüòõüòõüòõ
@ChrisMurphyCT GOP has no problem speaking out one side of their mouth about women shouldn‚Äôt have the choice regard‚Ä¶ https://t.co/OZa2FAjKWy
My new @DarbyAllin face mask came in ü§òüèª https://t.co/DAdu2OzD3m
Masks from the Ira Cohen Papers  https://t.co/fH0PoC1l0D https://t.co/uE3l4FsbQ4
@Therealmightyoz @donwinslow I already blame the asshats that just wouldn‚Äôt wear their damn mask until we got thing‚Ä¶ https://t.co/rPvgTgCNlC
Mad people been asking where ski masks are like bro you‚Äôre in the auto section tf ü§®
@7deuc2e @RubinReport Exactly! People are dying from the Vax. People are dying from Covid. People still get it bein‚Ä¶ https://t.co/diB0DpmCgr
"maybe I'm just old and cranky but I have ZERO time for ""mysteries"" in wrestling  so whoever Infinito is, someone ya‚Ä¶ https://t.co/sbCgJsAdnS"
It's fine if Patti Solis Doyle is going to wear a mask when she flies from now until the day she dies. But if you'r‚Ä¶ https://t.co/L8bZYFqstS
"@weathermike24 @TimKennedyMMA There‚Äôs no politics in the fact that vaccine mandates, mask mandates, and lockdowns b‚Ä¶ https://t.co/Ow9aLoJRgs"
@UncorkedMama @_PinkTeacher Glasses with masks sucks but a few things that work for are nose clips and double loopi‚Ä¶ https://t.co/83LJXEiIQO
"@rosamundi he didn't wear a mask in a hospital, in a theatre, on a train, at COP26... I'd almost have been more sur‚Ä¶ https://t.co/UibActGal8"
"@cspanwj √ìMICRON-FOCUS OF INFECTION in the USA. Landlords,DSS+WCAAA+APS-Fake Social Workers+Cops-gang said not obey‚Ä¶ https://t.co/aDA2adUvoP"
"@TALK1370 √ìMICRON-FOCUS OF INFECTION in the USA. Landlords,DSS+WCAAA+APS-Fake Social Workers+Cops-gang said not obe‚Ä¶ https://t.co/gOJM4DHY0h"
"@LevinTV √ìMICRON-FOCUS OF INFECTION in the USA. Landlords,DSS+WCAAA+APS-Fake Social Workers+Cops-gang said not obey‚Ä¶ https://t.co/fyaeC0Mrn8"
"@CR √ìMICRON-FOCUS OF INFECTION in the USA. Landlords,DSS+WCAAA+APS-Fake Social Workers+Cops-gang said not obey Bide‚Ä¶ https://t.co/i0V95VT6tm"
"@worldnetdaily √ìMICRON-FOCUS OF INFECTION in the USA. Landlords,DSS+WCAAA+APS-Fake Social Workers+Cops-gang said no‚Ä¶ https://t.co/rahoHkXhiJ"
"@FilibusterUK √ìMICRON-FOCUS OF INFECTION in the USA. Landlords,DSS+WCAAA+APS-Fake Social Workers+Cops-gang said not‚Ä¶ https://t.co/v1GGaByKUK"
"@FBI √ìMICRON-FOCUS OF INFECTION in the USA. Landlords,DSS+WCAAA+APS-Fake Social Workers+Cops-gang said not obey Bid‚Ä¶ https://t.co/V5rP9r3sxE"
"@CIA √ìMICRON-FOCUS OF INFECTION in the USA. Landlords,DSS+WCAAA+APS-Fake Social Workers+Cops-gang said not obey Bid‚Ä¶ https://t.co/pPNkBLfGju"
"@DHSgov √ìMICRON-FOCUS OF INFECTION in the USA. Landlords,DSS+WCAAA+APS-Fake Social Workers+Cops-gang said not obey‚Ä¶ https://t.co/c5epYuBNz8"
"@DeptofDefense √ìMICRON-FOCUS OF INFECTION in the USA. Landlords,DSS+WCAAA+APS-Fake Social Workers+Cops-gang said no‚Ä¶ https://t.co/dB6DuZBWoe"
"@NASA √ìMICRON-FOCUS OF INFECTION in the USA. Landlords,DSS+WCAAA+APS-Fake Social Workers+Cops-gang said not obey Bi‚Ä¶ https://t.co/2AxzxRgXgt"
"@SecretService √ìMICRON-FOCUS OF INFECTION in the USA. Landlords,DSS+WCAAA+APS-Fake Social Workers+Cops-gang said no‚Ä¶ https://t.co/t93qdElmhj"
"@ICEgov √ìMICRON-FOCUS OF INFECTION in the USA. Landlords,DSS+WCAAA+APS-Fake Social Workers+Cops-gang said not obey‚Ä¶ https://t.co/MfJGjssQoL"
"@CBP @CBP √ìMICRON-FOCUS OF INFECTION in the USA. Landlords, DSS, WCAAA, APS-Fake Social Workers &amp; Cops-gang said no‚Ä¶ https://t.co/BBghVPpvCq"
"@CBP √ìMICRON-FOCUS OF INFECTION in the USA. Landlords, DSS, WCAAA, APS-Fake Social Workers &amp; Cops-gang said not obe‚Ä¶ https://t.co/OvB9RP2Pzs"
"@usairforce √ìMICRON-FOCUS OF INFECTION in the USA. Landlords,DSS+WCAAA+APS-Fake Social Workers+Cops-gang said not o‚Ä¶ https://t.co/HupcztdtV5"
"@BlazeTV √ìMICRON-FOCUS OF INFECTION in the USA. Landlords,DSS+WCAAA+APS-Fake Social Workers+Cops-gang said not obey‚Ä¶ https://t.co/28a0NMcHNA"
"@TND √ìMICRON-FOCUS OF INFECTION in the USA. Landlords,DSS+WCAAA+APS-Fake Social Workers+Cops-gang said not obey Bid‚Ä¶ https://t.co/iCyX3bph6y"
"@TND √ìMICRON-FOCUS OF INFECTION in the USA. Landlords,DSS+WCAAA+APS-Fake Social Workers+Cops-gang said not obey Bid‚Ä¶ https://t.co/DOImVZUrbP"
"@newtgingrich √ìMICRON-FOCUS OF INFECTION in the USA. Landlords,DSS+WCAAA+APS-Fake Social Workers+Cops-gang said not‚Ä¶ https://t.co/DKR5pGWFAW"
"@LarryOConnor √ìMICRON-FOCUS OF INFECTION in the USA. Landlords,DSS+WCAAA+APS-Fake Social Workers+Cops-gang said not‚Ä¶ https://t.co/zxwoEes0je"
"Excellent graphical representation of the ""Emperor's"" mask doing a disappearing act!  But no  Not an act!!!  Rather‚Ä¶ https://t.co/cFIe61ECSN"
"@callmeX √ìMICRON-FOCUS OF INFECTION in the USA. Landlords,DSS+WCAAA+APS-Fake Social Workers+Cops-gang said not obey‚Ä¶ https://t.co/mKFWBQsuGC"
"@judgealexferrer √ìMICRON-FOCUS OF INFECTION in the USA. Landlords,DSS+WCAAA+APS-Fake Social Workers+Cops-gang said‚Ä¶ https://t.co/juZFgQ52TH"
"@JudgeGregMathis √ìMICRON-FOCUS OF INFECTION in the USA. Landlords,DSS+WCAAA+APS-Fake Social Workers+Cops-gang said‚Ä¶ https://t.co/jNfLSODfpj"
"@RogerMarshallMD √ìMICRON-FOCUS OF INFECTION in the USA. Landlords,DSS+WCAAA+APS-Fake Social Workers+Cops-gang said‚Ä¶ https://t.co/MoNHoTP8Gr"
"@77WABCradio √ìMICRON-FOCUS OF INFECTION in the USA. Landlords,DSS+WCAAA+APS-Fake Social Workers+Cops-gang said not‚Ä¶ https://t.co/4d2s7RpHvV"
"@MarkMeadows √ìMICRON-FOCUS OF INFECTION in the USA. Landlords,DSS+WCAAA+APS-Fake Social Workers+Cops-gang said not‚Ä¶ https://t.co/0JjjWDD5fV"
"@HomelandGOP √ìMICRON-FOCUS OF INFECTION in the USA. Landlords,DSS+WCAAA+APS-Fake Social Workers+Cops-gang said not‚Ä¶ https://t.co/zdciPqYpzP"
"@AlizaChasan √ìMICRON-FOCUS OF INFECTION in the USA. Landlords,DSS+WCAAA+APS-Fake Social Workers+Cops-gang said not‚Ä¶ https://t.co/y1l1u33X0k"
"@ErikEBrown √ìMICRON-FOCUS OF INFECTION in the USA. Landlords,DSS+WCAAA+APS-Fake Social Workers+Cops-gang said not o‚Ä¶ https://t.co/qzCrNzr3vP"
"@OANN √ìMICRON-FOCUS OF INFECTION in the USA. Landlords,DSS+WCAAA+APS-Fake Social Workers+Cops-gang said not obey Bi‚Ä¶ https://t.co/R4F6vhLuug"
"@trvrb √ìMICRON-FOCUS OF INFECTION in the USA. Landlords,DSS+WCAAA+APS-Fake Social Workers+Cops-gang said not obey B‚Ä¶ https://t.co/kKmoJJkWKG"
"@FTC √ìMICRON-FOCUS OF INFECTION in the USA. Landlords,DSS+WCAAA+APS-Fake Social Workers+Cops-gang said not obey Bid‚Ä¶ https://t.co/bOKL3BmztA"
"@FranciscanMedia √ìMICRON-FOCUS OF INFECTION in the USA. Landlords,DSS+WCAAA+APS-Fake Social Workers+Cops-gang said‚Ä¶ https://t.co/bZweCgCa50"
@GregoryWilken @Dr2NisreenAlwan It's not working because people aren't getting vaccinated. People aren't wearing ma‚Ä¶ https://t.co/G5oW58mHnl
"@brithume √ìMICRON-FOCUS OF INFECTION in the USA. Landlords,DSS+WCAAA+APS-Fake Social Workers+Cops-gang said not obe‚Ä¶ https://t.co/drKoZB2sqy"
"@JesseBWatters √ìMICRON-FOCUS OF INFECTION in the USA. Landlords,DSS+WCAAA+APS-Fake Social Workers+Cops-gang said no‚Ä¶ https://t.co/oDvuDveqnu"
"@CDCFound √ìMICRON-FOCUS OF INFECTION in the USA. Landlords,DSS+WCAAA+APS-Fake Social Workers+Cops-gang said not obe‚Ä¶ https://t.co/yuNq8tmMMM"
"@CDC_eHealth √ìMICRON-FOCUS OF INFECTION in the USA. Landlords,DSS+WCAAA+APS-Fake Social Workers+Cops-gang said not‚Ä¶ https://t.co/EMPpFju87g"
"@CNNPolitics √ìMICRON-FOCUS OF INFECTION in the USA. Landlords,DSS+WCAAA+APS-Fake Social Workers+Cops-gang said not‚Ä¶ https://t.co/sTq9NGHU8U"
"@NBCPolitics √ìMICRON-FOCUS OF INFECTION in the USA. Landlords,DSS+WCAAA+APS-Fake Social Workers+Cops-gang said not‚Ä¶ https://t.co/v4NzUpZBaT"
"@ABCNewsLive √ìMICRON-FOCUS OF INFECTION in the USA. Landlords,DSS+WCAAA+APS-Fake Social Workers+Cops-gang said not‚Ä¶ https://t.co/aJjAtkBEXz"
"@abcnews √ìMICRON-FOCUS OF INFECTION in the USA. Landlords,DSS+WCAAA+APS-Fake Social Workers+Cops-gang said not obey‚Ä¶ https://t.co/SKQH3nSHEj"
"@Nightline √ìMICRON-FOCUS OF INFECTION in the USA. Landlords,DSS+WCAAA+APS-Fake Social Workers+Cops-gang said not ob‚Ä¶ https://t.co/r2AbCIj2NP"
"@ABCNewsRadio √ìMICRON-FOCUS OF INFECTION in the USA. Landlords,DSS+WCAAA+APS-Fake Social Workers+Cops-gang said not‚Ä¶ https://t.co/Qif4izTUv5"
"@MedicoYoutuber √ìMICRON-FOCUS OF INFECTION in the USA. Landlords,DSS+WCAAA+APS-Fake Social Workers+Cops-gang said n‚Ä¶ https://t.co/QSqJfhiVxl"
"@10NewsMax √ìMICRON-FOCUS OF INFECTION in the USA. Landlords,DSS+WCAAA+APS-Fake Social Workers+Cops-gang said not ob‚Ä¶ https://t.co/ne8naLQqKk"
"@CBSHealth √ìMICRON-FOCUS OF INFECTION in the USA. Landlords,DSS+WCAAA+APS-Fake Social Workers+Cops-gang said not ob‚Ä¶ https://t.co/OYL5EGcR2R"
"@CBSNewsPress √ìMICRON-FOCUS OF INFECTION in the USA. Landlords,DSS+WCAAA+APS-Fake Social Workers+Cops-gang said not‚Ä¶ https://t.co/cTpmKCznWh"
"@TLMDNewsPR √ìMICRON-FOCUS OF INFECTION in the USA. Landlords,DSS+WCAAA+APS-Fake Social Workers+Cops-gang said not o‚Ä¶ https://t.co/OgBB7LZtJA"
"@NTInvestiga √ìMICRON-FOCUS OF INFECTION in the USA. Landlords,DSS+WCAAA+APS-Fake Social Workers+Cops-gang said not‚Ä¶ https://t.co/H8I887jzhX"
I wear a mask.  But only bc I feel like its required. I work in a grocery store. So . Im pretty sure I have to.
"@Wnju47Desk √ìMICRON-FOCUS OF INFECTION in the USA. Landlords,DSS+WCAAA+APS-Fake Social Workers+Cops-gang said not o‚Ä¶ https://t.co/n686LFve1A"
"@UltimaHoracom √ìMICRON-FOCUS OF INFECTION in the USA. Landlords,DSS+WCAAA+APS-Fake Social Workers+Cops-gang said no‚Ä¶ https://t.co/Bk1n1X6I8W"
"@ultimahsv √ìMICRON-FOCUS OF INFECTION in the USA. Landlords,DSS+WCAAA+APS-Fake Social Workers+Cops-gang said not ob‚Ä¶ https://t.co/xuu1NboK0X"
"@OctoraroPublish √ìMICRON-FOCUS OF INFECTION in the USA. Landlords,DSS+WCAAA+APS-Fake Social Workers+Cops-gang said‚Ä¶ https://t.co/7ooGvU2OR9"
"@news_chronicle √ìMICRON-FOCUS OF INFECTION in the USA. Landlords,DSS+WCAAA+APS-Fake Social Workers+Cops-gang said n‚Ä¶ https://t.co/7g2IXosrbU"
"@thechronicle86 √ìMICRON-FOCUS OF INFECTION in the USA. Landlords,DSS+WCAAA+APS-Fake Social Workers+Cops-gang said n‚Ä¶ https://t.co/f9cwWsa5Wm"
"@applenws √ìMICRON-FOCUS OF INFECTION in the USA. Landlords,DSS+WCAAA+APS-Fake Social Workers+Cops-gang said not obe‚Ä¶ https://t.co/N9lhgITEtQ"
"@123formbuilder √ìMICRON-FOCUS OF INFECTION in the USA. Landlords,DSS+WCAAA+APS-Fake Social Workers+Cops-gang said n‚Ä¶ https://t.co/EYXGnaZuG0"
"@diegomao19 √ìMICRON-FOCUS OF INFECTION in the USA. Landlords,DSS+WCAAA+APS-Fake Social Workers+Cops-gang said not o‚Ä¶ https://t.co/IDA4AHrkNE"
"@bbcmundo_es √ìMICRON-FOCUS OF INFECTION in the USA. Landlords,DSS+WCAAA+APS-Fake Social Workers+Cops-gang said not‚Ä¶ https://t.co/ACbFJ4Y8I7"
"@bbcmundohoy √ìMICRON-FOCUS OF INFECTION in the USA. Landlords,DSS+WCAAA+APS-Fake Social Workers+Cops-gang said not‚Ä¶ https://t.co/vTV0NiTrF6"
"@dwnewshyderabad √ìMICRON-FOCUS OF INFECTION in the USA. Landlords,DSS+WCAAA+APS-Fake Social Workers+Cops-gang said‚Ä¶ https://t.co/mxSVOJ07wQ"
"@WHO √ìMICRON-FOCUS OF INFECTION in the USA. Landlords,DSS+WCAAA+APS-Fake Social Workers+Cops-gang said not obey Bid‚Ä¶ https://t.co/eidTlnTzqW"
"@latinamernews √ìMICRON-FOCUS OF INFECTION in the USA. Landlords,DSS+WCAAA+APS-Fake Social Workers+Cops-gang said no‚Ä¶ https://t.co/1XUR0d4AbE"
"@CatolicoTu √ìMICRON-FOCUS OF INFECTION in the USA. Landlords,DSS+WCAAA+APS-Fake Social Workers+Cops-gang said not o‚Ä¶ https://t.co/Gc7lVBQLHt"
"@EWTNVatican √ìMICRON-FOCUS OF INFECTION in the USA. Landlords,DSS+WCAAA+APS-Fake Social Workers+Cops-gang say not o‚Ä¶ https://t.co/BRX1BvDNNb"
"@BitcoinDaddyo @jimcramer Covid is an ever changing vaccine. No final vaccine, so they make us pin cushions until s‚Ä¶ https://t.co/04GqtukWTp"
"@NoCuenten  √ìMICRON-FOCUS OF INFECTION in the USA. Landlords,DSS+WCAAA+APS-Fake Social Workers+Cops-gang said not o‚Ä¶ https://t.co/v7K08Kmx6F"
@ctmama2 @CTblchrcreature @ctmama We mask for the safety of all employees and our guests and will continue to follo‚Ä¶ https://t.co/kmDlc7Udkg
@MetroNorth @Amtrak [photo: man on train not wearing mask]
@MetroNorth @Amtrak White older man with white hair and a beard. Good to hear 2 announcements stating the mask poli‚Ä¶ https://t.co/nCPMUJ5Rqa
After over a year of wearing masks you would think you‚Äôd build a tolerance to the pain you get in the back of your‚Ä¶ https://t.co/g0WgNQV1qd
Wherever we Can Let‚Äôs Deploy masks &amp; vaccines so that when it gets bad it Gets Good Faster‚Ä¶.. Wherever We Can Let‚Äôs‚Ä¶ https://t.co/2qBcEUpBFV
"Can you check out @swrve masks, @masknerd ? They‚Äôre my favorite"
@McdanielsBrad Good point :). Need a mask with a built-in feeding trough.
@MetroNorth @Amtrak Appreciate the prompt response. Just had my ticket checked by a conductor wearing mask below his nose üò≥
"@beenwrekt Hi @beenwrekt, I don't think it's helpful to insist on *less* precise language. The people being surveye‚Ä¶ https://t.co/vOtvnnBWBV"
"There are way too many people without masks on this train from New Haven to NYC, @MetroNorth   @Amtrak may be winni‚Ä¶ https://t.co/GkTlqAOECX"
@MetroNorth I‚Äôm on the train to NYC from new haven and there are so many people not wearing masks. What‚Äôs up with t‚Ä¶ https://t.co/asqz7ogjHJ
[photo: picture of vending machine with mask as one item]
My favorite deranged detail of this season of selling sunset is how no one is wearing masks except the servers
"@DawnMKC @WallaceVon1 @nprpolitics In South Korea only 3,600+ have died from Covid. They have controlled it with ma‚Ä¶ https://t.co/2KkvxRWXDO"
"@atliberalandold I mask, I'm boosted, I avoid areas where people don't mask. If that isn't good enough, Jesus take the wheel!"
@MAbsoud We never complied. Our kids were outside playing with every other kid. We had block parties and BBQ's. No‚Ä¶ https://t.co/axObL0mooc
"The government of NYC, long one of the least free cities in the country, is determined to make it as repellent as p‚Ä¶ https://t.co/dmEG9NYXhX"
So people in #florida are allowed to just carry on with no mandates or masks and their rate is lower than‚Ä¶ https://t.co/KQVBOZ7oZJ
@GregoryWilken @Dr2NisreenAlwan I work in a mall. We don't have a mask mandate anymore.  No one wears a mask Even t‚Ä¶ https://t.co/Jd5Cvh5Sur
"This raised the worry that surveyors might behave differently in treatment villages at baseline, either adding more‚Ä¶ https://t.co/0IL4xQCIpI"
"We decided that since household mask distribution came later, this wasn't a major concern (and later surveys were n‚Ä¶ https://t.co/veDm2bzMGm"
"We considered this, but it was cost-prohibitive and would have substantially delayed the intervention to send two e‚Ä¶ https://t.co/Ed8C9j4Uac"
how many more variants will we get until people realize masks and vaccines are the only thing we can do to end this
IT‚ÄôS GAME DAY! WestConn Men‚Äôs Basketball hosts Manhattanville College at 7:30pm. All fans in attendance must be wea‚Ä¶ https://t.co/D5RQbNTdyL
IT‚ÄôS GAME DAY! WestConn Women‚Äôs Basketball hosts University of St. Joseph at 5:30pm. All fans in attendance must be‚Ä¶ https://t.co/BIGgAJvaoZ
@HeatherIsUnsane @jodilatina8 @WTNH @GovNedLamont @ctcapitolreport Thanks for your concern. As noted on our safety‚Ä¶ https://t.co/xnDsFzQkXP
"Dr. Alan Bulbin, a director of infectious disease, says people should keep the masks on in large indoor gatherings. https://t.co/xhV91c31Yt"
"@wcbuecker I would love to see a Restaurant advertise to Anti-Maskers, the Following:     ""We will not worry about‚Ä¶ https://t.co/uN8BwaS7SD"
@lewis_goodall Ticket inspectors have an impossible job with a non-compliant passenger. But if ticket prices were 5‚Ä¶ https://t.co/HTy9ekmwFc
"@JuliaLyonAuthor I know! The first thing I thought when I read it was, ""Oof blue masks! This is hitting a little close to home..."""
"A familiar response to COVID-19 omicron variant: vaccinations, boosters, masks. https://t.co/b5uvqTqcun https://t.co/8OJ91QFngk"
@yinzrjagsnat @sexyspoonie @rcmanassas @Freeyourmindkid @Needle_of_Arya Order takeout (and tip like it‚Äôs table serv‚Ä¶ https://t.co/kP53THTfcx
"When @MLBPA @MLBPlayersInc told us they wanted to be investors bc they love our #mask, it also told #parents #mom &amp;‚Ä¶ https://t.co/AC344pti3T"
@daveweigel Also many mandate/vax/mask supporters didn‚Äôt feel a need to speak out. People usually aren‚Äôt loud and p‚Ä¶ https://t.co/ZnOXFW6rR4
