"Brighton, Michigan schools comparing masks to hitler/holocaust. https://t.co/MGAc3k66h3"
@SimonJonesNews Masks don't work. It's says on the manufacturers instructions does not protect from Covid. So quit worrying.
Community spread in Livingston County is up over 2000% (nope no extra zeros there) since July. Our local hospital i‚Ä¶ https://t.co/09qtDDQves
"Anti-mask board members felt bolstered by testimony from so-called ‚Äúhealth care professionals‚Äù like Holly, and as a‚Ä¶ https://t.co/wIKMOqTuQu"
My mom squad friends were pretty floored that Schoolcraft would employ such a shady character to teach future nurse‚Ä¶ https://t.co/EpMJ2yCqBL
"In her delivery, complete with visual aids, she calls masks ‚Äúvirtue signaling,‚Äù warns against ‚Äúmission creep‚Äù (?) a‚Ä¶ https://t.co/KgLN4vcR9W"
Men.  It‚Äôs time to grow your beards to protest the CDC mask mandates https://t.co/jhslyPBj2m
@GOP The true problem is GOP misinformation... it's Republicans refusing to get vaccinated and wear masks that's ca‚Ä¶ https://t.co/thnNnhpVC5
Japanese scientists develop glowing masks to detect coronavirus - The Mainichi https://t.co/dEgP3aNQAo
"A man in front of me coughed the entire time we were in line, without a mask. Made me crazier than I am! https://t.co/WORxxS5Pge"
@KLBrookshear $22/10 N95 masks(USA Made) on Amazon right now so maybe Biden renigging on his Free Masks promise(lik‚Ä¶ https://t.co/uHW40yTlNa
"@KLBrookshear If it is not an N95 or higher rated mask, it IS NOT A QUALIFIED MASK WHICH WILL STOP COVID-19 PARTICL‚Ä¶ https://t.co/xJ7Yjm48D8"
@joncoopertweets Yep! Masks are too traumatic too.
@azfamily Won't mask them up. Won't pass common sense gun laws.  But will vest  them up?!?  Wtf?!?
"Diallo said he saw fans compare him wearing a face mask to Rip Hamilton. ""It's great, I'm embracing all of it. It's‚Ä¶ https://t.co/Bwnp3WhTxn"
LIVE DEBATE: Masks and Vaccine Mandates via Rokfin https://t.co/rdS7sbjFfa #Rokfin
Diallo called the mask uncomfortable.
@VP Lower elder care costs? Like killing them off my ruining their immune systems with mask mandates?
"@Sturdypilled77 My sister lives 20 minutes away from me, double masks, and wants an electric car"
Moving to a city that require masks got me feeling some type of way https://t.co/6ZuoZPPRxa
Christmas Designs Pure Cotton Mask https://t.co/cBJK08BoYI #Christmas #Christmas2021 #mask #shop #shopnow #shopping #shoppingonline
Christmas Designs Pure Cotton Mask https://t.co/mXv6A4w5p7 #Christmas #Christmas2021 #mask #shop #shopnow #shoppingonline #shopping
Christmas Designs Pure Cotton Mask https://t.co/zgmphm2FY4 #Christmas #Christmas2021 #mask #shop #shopnow #shopping #shoppingonline
@JordanOnRecord Dude‚Äôs picture looks like a Mission Inpossible mask that Tom Cruise peeled off
Christmas Designs Pure Cotton Mask https://t.co/if6VrbsPsT #Christmas #Christmas2021 #mask #shop #shopping #shopnow #shoppingonline
"Who is that on your mask? I said, ""Ruth Bader Ginsberg"". She said, ""Oh, I remember the lace collar"". I still wasn't‚Ä¶ https://t.co/XDRByDtDre"
Went to the Kellogg Eye Center in Grand Blanc today bcuz I flunked my glaucoma test &amp; have cataracts. I wore my mas‚Ä¶ https://t.co/By2stlaNGl
Christmas Designs Pure Cotton Mask https://t.co/IMEKi4bntl #Christmas #Christmas2021 #mask #shop #shopping #shopnow #shoppingonline
Christmas Designs Pure Cotton Mask https://t.co/ZUuedq3qvq #Christmas #Christmas2021 #mask #shop #shopnow #shoppingonline #shopping
"@cwebbonline Yup, live in MI and am appalled at all the people not wearing masks when I go anywhere!"
Christmas Designs Pure Cotton Mask https://t.co/Pgk0yyNa75 #Christmas #Christmas2021 #mask #shop #shopping #shoppingonline #shopnow
@DialloPistons Mask game different
@chipfranklin One third of my employees in a our plant got covid last week.  Apart from the illness they must endur‚Ä¶ https://t.co/Nj0hIgxS0H
Wait do the clarinets have to wear masks at the end of the lil tube? Like a soggy spit condom i cannot
"@GovWhitmer PLEASE, PLEASE PUT THE MASK MANDART BACK!!!"
@LaurenGruel Yes.  But you have multiple businesses in Indiana we have terrific schools and you can leave the masks at the border.  ü§ó
"@mattwasfunny Got mine, no issues. Still wear a mask in public public avoid people when I can"
I saved an email in my school account advertising a bulletproof backpack the DAY after a school shooting in CA. I c‚Ä¶ https://t.co/RwzXFJJycd
"Of all the people not wearing masks, the most surprising are people out doing crimes. Golden opportunity to walk ar‚Ä¶ https://t.co/qtP83iPPEs"
"@annedeuceofcups @Phil_Lewis_ A white hooded mask. With a be pointy rip, might I add"
"‚ÄúIf I don‚Äôt get vaccinated, it only impacts me.‚Äù  Except for that part where it doesn‚Äôt.  Your choices impact other‚Ä¶ https://t.co/RNlPWXp0lR"
"It's COVID season, boys. Let's [wear masks when going to school. Please. We beg you. I didn't ask for this]."
@RexChapman The tech guy at my middle school in MI was 44yo and healthy. He was anti-mask/vax. Six weeks ago he lef‚Ä¶ https://t.co/lapozhlry8
@RagePageSide @PhishPhashion @PhunkyWitch It‚Äôs not about not wearing one when you are eating / drinking / smoking.‚Ä¶ https://t.co/ewXloZxRko
"@tabbPlomaritas According to current protocols, right, fully vaccinated don‚Äôt quarantine as close contacts.  I don‚Äô‚Ä¶ https://t.co/xAJXIOyzcs"
@TheRickyDavila Getting booster this Saturday. Mask until this thing is over. I want to live. Plain and simple.
I be singing and talking to myself under my mask
"It‚Äôs the only option available. Rena‚Äôs was today. I got her books from her favorite author, a sleep mask, (she stea‚Ä¶ https://t.co/W0kYprH2PY"
@AnimeHaterLs Mask in pfp. Major red flag.
"@megan_lynnlee My first was in October! (Negative, btw) Not even a cold symptom for almost two years. Masks, vitami‚Ä¶ https://t.co/yAkhKFFi3P"
"There is no such thing as ‚ÄúBiden‚Äôs vaccine mandate.‚Äù It provides a CHOICE: get the shot, or get tested and wear a m‚Ä¶ https://t.co/atTz51kepk"
@jeweljk I hear you in that mask babe
@Jammin_Todd @RichardCityNews You forgot to wear your gimp mask in your profile pic and to put up your pronouns.
@katharinemcphee I hear you in that mask and you got your husband with you
I be reminiscing of eating it out under my mask still
".@GovWhitmer, @MDHHS_Director, @MDHHS_CME, @nnbagdasarian, @MichiganHHS Should we have a mask mandate for 10 days s‚Ä¶ https://t.co/9qS9v76oRk"
Whew. That mask is really working for Hami! #Pistons   I don‚Äôt mean how he looks haha. I mean how he‚Äôs playing
i jus hit a lick wit a mask mf doomüó£
Taking the evening off to watch my kids holiday concert. (Masks required)  Trying to remember not everything in the‚Ä¶ https://t.co/STnmRnPslg
"@czmyt @ChadLivengood @DemGovs @gretchenwhitmer What would you recommend after two years of shutdowns, lockdowns, v‚Ä¶ https://t.co/OtDkkTQH2S"
"@coreopsismajor Crying in a surgical mask sucks enough, I can‚Äôt even imagine crying in an N95 üòî"
So good having kids back on stage singing!!!!!!! Loved hearing the sweet voices and big smiles behind the masks!!!!‚Ä¶ https://t.co/jVlZBz57gP
My glasses foggin up cuz of my mask is lvl 2 embarrassing
"Kalamazoo County has a countywide mask mandate expires on Dec. 17, when students go on winter break.  Even as other‚Ä¶ https://t.co/WzAaYqFlmS"
Diallo and a face mask? Pulling. Them. Off.
"@RubberNinja Hey, looking forward to seeing ya'all in Royal Oak!  Having said that, thick masks help, wear a hat an‚Ä¶ https://t.co/UDGBSiY7gw"
@mask_bastard Ya and when they find the Aliens they kick the shit out of them and steal their hooch.
@DaveJewellOHL @CollectiveSoul The music is and always has been way too loud at the Spits games. Can‚Äôt even have a‚Ä¶ https://t.co/zw08l54iva
@statechampsmich @HudsonvilleB @HudsonvilleHS @MHSAA Where‚Äôs the masks
@gammatwt I have a friend with that mask because his brother got it and it was too big or something so out of respe‚Ä¶ https://t.co/QddlSJapc4
Last class of the semester. We made it 15 weeks with masks and I was much happier teaching in person than online. S‚Ä¶ https://t.co/nvIWt5pFLN
The way I want to beat the absolute shit out of everyone who wears their mask wrong
"By asking, ""If we're to 'connect our oxygen mask first before taking care of others', where is the damn oxygen mask‚Ä¶ https://t.co/wpFoa7hZln"
Some West Michigan school districts are having students and staff mask up in class during the fourth COVID-19 surge‚Ä¶ https://t.co/I34FFajCsy
How are masks supposed to stop Covid when they can‚Äôt stop a fart üí® üëÉüèº‚Ä¶‚Ä¶..
Had a customer at work ask if I was sick of wearing masks yet.  Yes. I am. That's why I'm wearing it.
"I would be nothin' without the past Drippin' it, whippin' it out the dash I do this shit without the mask If you tr‚Ä¶ https://t.co/yGdkzP2bR0"
@JasonEAlt Do you see any correlation between mask wearing and when you last got sick?
@Rae_Stringfield üò¨ü•¥ sorry that happens to you  I also think masks are great. just for not getting colds and stuff e‚Ä¶ https://t.co/UeogtVWuOB
"Join  Max Blumenthal &amp; Jimmy Dore at 8pm est  tonight as they celebrate a Great Barrington Christmas, Covid is over‚Ä¶ https://t.co/zUuRkCqV1R"
"Our staff is hurting. Our patients, too.   Get vaccinated and mask up. Be part of the solution.‚Ä¶ https://t.co/7r3cJQKasE"
"Hamidou Diallo will play tonight with a face mask, Dwane Casey said."
Not me getting my Covid booster and my boss telling me she has Covid literally 5 hours later (hasn‚Äôt worn a mask to‚Ä¶ https://t.co/DJSB8G9Pn2
Mask tutorial cause some of y‚Äôall need it ü§¶üèΩ‚Äç‚ôÇÔ∏è https://t.co/UVU2t7cNMv
"@MeghaanJ @DarkLeelan31 @jumblejim I think he's just spreading the news for the anti-vaxx, anti-mask people that th‚Ä¶ https://t.co/PLtzSL4sj6"
@ElFakidor @ThisisLukeOwen @VinnyTheEditor @partsFUNknown You should use that mask (in DP) often! Looks like El Fak‚Ä¶ https://t.co/IaHaSzAywk
Put a rip Hamilton mask on Hami tonight and let‚Äôs get a dub.
"@dwain_campbell If you follow my account, you know I do no such thing. Of course those are of paramount importance‚Ä¶ https://t.co/GU4qN4Hw6k"
@hallinen_diane @GovWhitmer @hallinen_diane curious where did you received your MD from? Masks may reduce a cough o‚Ä¶ https://t.co/AyxWmgtrl9
"@ChimayBlue @delabate_gary @RonFilipkowski Ah, thanks.  Australia had much more stringent pandemic restrictions, ma‚Ä¶ https://t.co/GsBSeqEpnr"
"@mehdirhasan Lock downs are tyranny, ok wear masks, masks are tyranny, ok get vaccinated, it‚Äôs just the flu anyway."
"@DisneyGal2021 @disneyglimpses Remember, they can't confirm vax status in FL.  They can basically require masks or‚Ä¶ https://t.co/dUjBq4giJE"
Some people: Requiring masks during a public health crisis is an unnecessary infringement on my rights.  Those same‚Ä¶ https://t.co/rkSnr5j7LH
@Dfranci73628088 @ron_begone Covid doesn't exist as a severe illness to 99% of people under 60 years old. Stay at h‚Ä¶ https://t.co/e3kGHsNv6N
"@thetimes NOTHING has changed, 3 doses later, same thing. Don‚Äôt get me wrong, I do all that‚Äôs asked of me, vaccines‚Ä¶ https://t.co/VsleeDzEA4"
i was in Tyler for awhile working a Bodacious BBQ and you saw one or two fronts wearing masks...then i went to this‚Ä¶ https://t.co/vo8BTiZm25
SKI MASKS NOW AVAILABLE ON https://t.co/lP70yShla0 https://t.co/DZC0164UIa
"@Irishgirlbragh_ You muppet! You think by complying with an abuser, he‚Äôll stop abusing you ?? They‚Äôre taking the pi‚Ä¶ https://t.co/vC2XsyE0gb"
@autisticgardner Love the print on your mask!
@JLAustin13 My friend has asthma so she's been wearing a cotton mask in the winter long before pandemic  I thought‚Ä¶ https://t.co/jWnCmtGy0p
"@cdavid1760 @NB114268117 @GregAbbott_TX I work at 2 establishments; unmasked, with unmask clients and unmasked co-w‚Ä¶ https://t.co/WkV6iljXgN"
@hallinen_diane @easterdayadel @DavidEggert00 Mask mandates! üòÇ https://t.co/Z4B710h9Ud
@GoodGir17753533 @DavidEggert00 Mask mandates üòÇüòÇüòÇ https://t.co/3zAJiyj4fC
"Together we can #FightFlu and prevent respiratory illness by getting vaccinated, staying home when sick, wearing ma‚Ä¶ https://t.co/7wnBcwETmY"
My state is #1 when it comes to COVID infections &amp; deaths.   I‚Äôm at a big supermarket and have seen one other perso‚Ä¶ https://t.co/flykZrfEBj
@BloodyBlade999 imagine this:  Club Wit A K  ATTDI Too Smooth Takeover ft. yachty Sofa Pop ft. Roddy Set Me Free Ev‚Ä¶ https://t.co/DpQ86sIq6f
@daizie423 WEAR A DAMN MASK! That's what they say
"@JedediahBila As someone who had a quad-bypass when the lockdowns started, I never willingly wear a mask.  I surviv‚Ä¶ https://t.co/FHCcZWhJUL"
"@RNCResearch Louisiana business that can't find employees in a state currently with no mask mandate, thinks having‚Ä¶ https://t.co/ko5Yce6Wbh"
"@jenna62290456 @FoxNews And yet, most of the same people against masks, think nothing of a rap victim carrying a ra‚Ä¶ https://t.co/ra8fKG4Ii2"
I don't understand why the writers made the decisions they did. The show is basically 9 40-minute episodes that are‚Ä¶ https://t.co/CKu72trkL1
@PegLulu2 Yes we still wear our masks.
Airlines Demand Passengers Don Masks Between 'Bites and Sips' https://t.co/rLI1BWcGO7
@NBCJoshua I hear about the hospitals being full. I see lots of folks out like normal almost!  I wear a mask if in‚Ä¶ https://t.co/BZQFVgctVg
Scientists Invent New Mask That Glows When Exposed to Coronavirus https://t.co/9jyGh3WQ3B
@heavy_job @WR4NYGov @GovRonDeSantis Doesn‚Äôt suit his ‚Äúdystopia‚Äù narrative to keep reading.  Imagine thinking you‚Äôr‚Ä¶ https://t.co/iSueNWG5TO
"@kevinfoad @WhoObito @TheJuggernaut88 You clearly don‚Äôt believe your vaccination protects you, if you still insist‚Ä¶ https://t.co/L5UEbyPuL4"
@DavidEggert00 I hope they require vaccines. Michigan's vax numbers are disappointingly low. And we could use mask‚Ä¶ https://t.co/HwaKl3sO2U
@detroitnews Wow! 3 shorts weeks ago I wrote that in 3 weeks 80-100 anti-vax idiots would die. Don‚Äôt be one of thes‚Ä¶ https://t.co/1CSYhavZ9Q
@keithedwards They actually wear masks in the Taliban?
"Masks and V passports are non issues, no one is challenging masks anymore, and he‚Äôs even bottled VPs to include LFT‚Ä¶ https://t.co/VFIvy4XzW4"
"@MikaelNaramore @Ross_Holliday Well.... there's a LOT of masks out and about, at least in my area. I think it's mor‚Ä¶ https://t.co/pnYpVTX86b"
@mcwm Do not touch that if you are not wearing a mask.
@RonJeffords @tedcruz More Bull$hit. Where do you people get your facts???? Masks do NOTHING unless they are exactl‚Ä¶ https://t.co/zZ8OEDFnjx
@ChickadeeOutlaw Do it! Nobody is wearing mask anymore!
"Is it some kind of a law that journalists (and MP's) must wear a mask when sitting, but may remove the mask when st‚Ä¶ https://t.co/RgiFu1YLvY"
@msjutzi @Elliot_43 @LaurieF86101329 @TheWECHU Exactly. My child's school is trying to force me to put her back int‚Ä¶ https://t.co/WTNKvnXhEq
"@TacoHead2024 @ChrisVannini Wherever he got it, most likely requires masks‚Ä¶"
@SnicksLittle @maureen_hanaway @mtgreenee Apparently she wears a mask outdoors. But gets fined thousands for not wearing one indoors? ü§¨
The first RPG I played was: TSR Marvel Super Heroes  The RPG I have played the most was:  Dungeons &amp; Dragons 4th Ed‚Ä¶ https://t.co/dZYcabylP4
Hooping with the masks onü•¥ https://t.co/RNRc5qfWW7
"@SharkawyMD Unfortunately that is not likely to happen. People are going to gather, masks will be rare, testing bef‚Ä¶ https://t.co/OztyDhy4a8"
Nobody: Darien: That‚Äôs how you know she a bitch and won‚Äôt let me over.  You wanna know how I know?  She in the car‚Ä¶ https://t.co/H3LkTWP1Px
New Story: Updated Mask Policy for Winter Athletics at WBHS https://t.co/ZyNjsPoeno
"This is an important reminder-it‚Äôs a simulation of how covid is spread in the air. Space it out, ventilate it well,‚Ä¶ https://t.co/k5nRtVEf9H"
"@TNSouthernlib Withdrawing the mask mandate was such a horrible move. I live in a very red county and the ""honor sy‚Ä¶ https://t.co/g195mHxQAB"
Finns just wanna have fun--so they get vaccinated. https://t.co/nDxYn1wsIg via @TMZ
There should be a mask mandate here in Michigan at least that since Covid numbers keep going up.
@CherylR71716338 @jensherer @MandateMasksNY I don't understand this logic. Why does everyone assume if you are not‚Ä¶ https://t.co/Z6u8ROAFaa
"@frusinatebhoy Yeah, I‚Äôve just stuck my mask on having read that, can‚Äôt be too careful‚Ä¶. https://t.co/71qm9R1VxR"
"When asked about the comment, Treasurer Angela Krebs, who helped draft the failed mask resolution, told WHMI; ""It i‚Ä¶ https://t.co/cu8QI9gPTI"
"In response to a request that he support a proposed mask mandate,  Conely said ‚ÄúYou mean like Hitler did? Mandates,‚Ä¶ https://t.co/bCBEa95lWY"
Brighton Area Schools Trustee John Conely has refused to apologize after comparing a proposed mask mandate to tacti‚Ä¶ https://t.co/8yPVRhFCJx
I found out today I get to go to the Quick Lane Bowl with my boss!! And double bonus is masks are not required at F‚Ä¶ https://t.co/DEKb0ilTy8
"@RaleighBowman Honest question.  If you mask, social distance, take all necessary precautions, and have never had C‚Ä¶ https://t.co/3aj6uqUJAn"
That‚Äôs par for the course since they put our school age children in danger every day by not passing common sense gu‚Ä¶ https://t.co/0DCmIvT4w8
@FauciFan @NIAIDNews @CDCgov @WHO @WhiteHouse Use zinc with vaccines make covid 19 pills over the counter for 10 or‚Ä¶ https://t.co/hL3mtQFmkW
"Why don't other countries need child-size bulletproof vests? Well, at least these kids don't have to suffer the tra‚Ä¶ https://t.co/rSSFUyAsN9"
Nothing like a trip to the grocery store and seeing all the dumbies here in Northern Mississippi (MI) NOT wearing masks.... We are screwed.
"Masks will be required for all K-12 students, staff and visitors during the school day and while inside all school‚Ä¶ https://t.co/4ZHAbTNs1s"
"The irony in seeing all of the anti-vaxx ""healthcare"" workers walking around Binsfeld without masks on.  ü§Ø"
@Nealerrr @NervzyPizza @NugeTV I think NHL06 was the last game that you could clap it at the goalie and if hit ther‚Ä¶ https://t.co/zEdGbJCuyM
This falcon mask is taking orders! Pronto
@babystew I've noticed that mask usage decreases heavily close to the stage.
@NMGasparini Yeah I would think masks off == eating in shared spaces in terms of risk? It could just be that people‚Ä¶ https://t.co/cdmpZw11L3
What you know bout hopping out no mask so the opps know it‚Äôs you
@babystew I've been to a handful of shows recently and the percentage of people in attendance wearing masks is... not high.
Keeping your hands washed and sanitized will help you far more than wearing a mask.
"I love you, Big Gretch. But is is NOT. A. MANDATE. If people are that concerned about wearing a mask and taking reg‚Ä¶ https://t.co/emkUL7WMWl"
@ChimayBlue @delabate_gary @RonFilipkowski Can you share citations US arrests for ‚Äúleaving their patio‚Äù?  Or for no‚Ä¶ https://t.co/DCu22d3555
- mandate ventilation in schools with CO2 meters in each classroom - provide free rapid tests to all Ontarians now‚Ä¶ https://t.co/wD6Pnsi7Tn
@KindaScottish Yeah; I'm all for vaccine mandates and making it harder for those without the vaccine or masks to go‚Ä¶ https://t.co/RS9tQmCqZ8
@MLive The neighbors on three sides of me have COVID because they've never taken it seriously. I do. But that doesn‚Ä¶ https://t.co/S2FU1hAd7r
"And he won't mandate masks, and we won't leave our people in Afghanistan, and his Build Back Better legislation won‚Ä¶ https://t.co/akeWaJGTsT"
Feels good to play without a mask again https://t.co/HC5bI85t4S
"@Lisabarian It‚Äôs so lame. Someone actually came up to me at work, while I‚Äôm wearing a mask and said ‚Äúim so sorry yo‚Ä¶ https://t.co/kFHFj05UpZ"
@Fake_Caldwell putting kids in masks and bulletproof vests....can't wait to see how this affects them as adults in 15-20 yearsü§™üòã
‚Ä¢wear a mask AT ALL TIMES in both indoor and outdoor public settings when these spaces cannot be avoided; and ‚Ä¢rema‚Ä¶ https://t.co/ApGkeWmwAf
"@LauraMiers @DrCSWilliam Cries in Michigan‚Äîit‚Äôs surreal, people barely wear masks, they act like they‚Äôre living in a fairytale world."
"#Repost @virtuecider: ""The wait is over! After nearly two years, we are opening our doors to guests. Come INSIDE an‚Ä¶ https://t.co/a4kxwXqeBO"
@BaruchKogan @Minskymoment4 Yeah but the nice thing about America - it's a big effing place. PLENTY of places to li‚Ä¶ https://t.co/tOMSshUk4Y
"Sorry, we may have to trust our face mask üò∑ makers more than these vaccine manufacturers. A friend of mine, a denta‚Ä¶ https://t.co/D9DVz8Mied"
Why Michigan state police don't wear mask??? Lol
@FPWellman .....and then complain about mask and vax mandates.
"[low stock alert]  I don't know who needs to hear this, but I have just a handful of Space Masks left! üò∑  6x #JWST‚Ä¶ https://t.co/Q66lsBKccX"
As y'all may remember- I have been living like it's 2020 since 2020.  So all y'all assholes here in Michigan who wo‚Ä¶ https://t.co/wc8a2rAbcY
"@MCmuckraker With their threats to kidnap Whitmer, put her ""on trial,"" and execute her based on trumped-up charges‚Ä¶ https://t.co/BUjUpxx16q"
u think the guys from slipknot ever fuck w the mask on
I've finally come to the point where I need to check my son's pockets before doing laundry. This morning while 5yo‚Ä¶ https://t.co/Y1heiZhsMI
"@E42477625 @DjTempleK I'm going to need you to run over to your personal space, put your double mask on, get your b‚Ä¶ https://t.co/yxkQB36vfb"
Yes. She doesn't wear a mask in the House and has been heavily fined. But she still goes maskless. She puts everyon‚Ä¶ https://t.co/cV31zD0QwJ
"@BobFilmore69 @DougieG @Public_Citizen @FilmoreTom You're afraid to wear a mask, you pose zero threat."
@JusticeHorn_ @POTUS @JoeForMissouri the mask on outside is always a great indication of general intellect level
"Kalamazoo City Commission will ‚Äòrun out the clock‚Äô on virtual meetings, with masks required upon return to City Hal‚Ä¶ https://t.co/eOKA4jLHfh"
The perks of living ina hood‚Ä¶ ‚ÄúFuck them damn mask‚Äù soon as I get to the sticks tho mfs wanna enforce dat shit‚Ä¶
@TheUnKaren @Violet_Boregard Absolutely! I‚Äôm tired of risking myself &amp; my family because people aren‚Äôt even wearing‚Ä¶ https://t.co/nc2jlcPJX1
@anthony_bosman I‚Äôve been mask free since the 16th day of 15 days to slow the spread. 10/10 definitely recommend.
@richardnoone @swissfrank772 What is the problem? Make him wear a mask?
Brighton schools side with the virus against kids again. https://t.co/cyJj84qZwU
@BrookeLMStage @brower_greg @TylerLeeConway I told her it was up to her. If she‚Äôs uncomfortable she should abstain.‚Ä¶ https://t.co/fNKIeLp8J7
There will be a candlelight vigil in the memory and honor of the victims of the Oxford HS shooting. Candles will be‚Ä¶ https://t.co/PFg4qHeNbf
@gentrifighter okay thank god!! yeah just stay in ur room and put a mask on and crack open a window if u need to go‚Ä¶ https://t.co/v6EzKPdoMw
Just went through a 20 minute meeting with an N95 mask. Seriously need to up my cardio. #OnceaRunner üèÉ‚Äç‚ôÇÔ∏èüò∑üòì
"These masks are meant to make us play, and to be happy. Make one and see what happens! #immersive https://t.co/LDdfs5yOK9"
One of my friends lives on mallorca Island in Spain which means I fully intend on travelling internationally soon.‚Ä¶ https://t.co/BcMIrmYZxG
Great visualization @RcubedRobyn add a variable for states with mask mandates for students; i think that would be v‚Ä¶ https://t.co/Zys1gulb7e
"@ProWrestlingJoe Swerve, in no way, should be in a mask"
@GVSI2TheMoon The people with compromised health factors are vaccinated and wear masks when they go out. Atleast I hope they do
@PHealthGnome So many people showing pandemic fatigue.  Even healthcare staff not in hospitals. Vaccine certificate‚Ä¶ https://t.co/Rs8NXPsqOw
"üö®üèÄGAME DAYüèÄüö®  üÜö  @LCCRedDevils   ‚è∞ ~ 5:30pm  üìç ~ PCC Cascade Campus in Portland, OR  üéü ~ Open to spectators (200 ma‚Ä¶ https://t.co/CjcE8huxWa"
Love Behind the Mask Part Five -  Conclusion by Trish Hubschman https://t.co/CIvgjBh4YY via @bubbalee04
"Metro Detroit is surging in COVID-19 cases and hospitals all over the state are reaching capacity, but students at‚Ä¶ https://t.co/DgQBzUm2Ht"
@AAG_Vanitas @Shibulio Mostly right... except star allies where after defeat the friend heart will heal his... mask?
don‚Äôt worry @LibChad I‚Äôll put Allegra‚Äôs oxygen mask on first
how tf is wearing face mask a restriction to your freedom
@GifZelda mask of the wild between worlds
"American Black Journal: Mental Health, Oxford Shooting, Mask Debate, American Rescue Plan Funds https://t.co/Pd0eylrCp0"
"For some reason, I think face masks should be a winter gear. It definitely protects me from cold."
@DrEricDing Our family is vaccinated and boosted. We never stopped wearing N95 masks when going out into public are‚Ä¶ https://t.co/YsQnjBBS6I
I have to wear mask in library while keeping distance being fully vaxxed and doing 700 tests but people can party without anything logic
@natstepherps cover model! :D These photo IDs are trickier with masks :O
i‚Äôm lightheaded and got a mask on I CANT BREATHE
@cohkohhh Wake up to what? A group of people who have chosen politics over public health? This virus continues to m‚Ä¶ https://t.co/jStNbMYddC
This is a long thread with some other threads embedded but worth your time  Short form. If you aren‚Äôt yet vaccinate‚Ä¶ https://t.co/1vJ0qFIUhi
servant class gets the mask ü•∞ https://t.co/TCEovxlqev
@SamRodon It‚Äôs bad in Michigan rn. Mask up!
@JANEMCARTHUR11 @danmac800 @am800cklw Mask across from someone a couple of feet away with no mask‚Ä¶ well we know what happens there.
@wahlstedt007 In Michigan where I live we have record number of cases and full hospitals. Yet when I go to the groc‚Ä¶ https://t.co/QuUgM0vXgp
"@BrightonK12 There is a public health advisory, low vaccination rates for kids, full hospitals, and Omicron likely‚Ä¶ https://t.co/SYcQBhewJB"
Brighton school board debated pros and cons of masks in schools Tuesday night.  ¬†¬†¬†¬†¬†¬† https://t.co/lxTNN18bKX
"@PegLulu2 Anytime I am not in my house, yard or car I have a mask on."
- Masks reintroduced this time last week  - Vaccine passports set to be introduced this week  My prediction -   - I‚Ä¶ https://t.co/T4rezN4szv
@MaryFernando_ @TorontoStar @BogochIsaac @celliottability I agree. Windsor started vaccinations a bit earlier than‚Ä¶ https://t.co/JuDNVVpDil
Good. Cloth masks that aren't n95 do not help and only inhibit breathing. https://t.co/tCP4Fycrwo
Mfs be speaking to me with these mask on and I be speaking back not knowing who the hell im talking too
Protect yourself and your community by following the @MichiganHHS Public Health Advisory: https://t.co/NtTuEp93Lj.‚Ä¶ https://t.co/jMuTtDhp3D
Brighton school officials will not implement a mask mandate in the district despite a board member's attempt to pas‚Ä¶ https://t.co/lsTz6CoZ7G
@MROGERS400SBCG2 @nkwstweet @B52Malmet More anti mask bs from the qanon propaganda machine.
@OrangeBowl @GeorgiaFootball @UMichFootball @HardRockStadium @CFBPlayoff @SEC @bigten @espn Too risky! Especially i‚Ä¶ https://t.co/aKMoo3Jky8
@keithedwards No masks on the left.
But where are the masks? ü§£ https://t.co/jstThirRGF
"@michaelmina_lab @Bob_Wachter Yet again, the vaccinated are being told to take another one for the team. I‚Äôm tired‚Ä¶ https://t.co/q2PCJzf5v9"
"Tonight (Wed.) at The Ark: come out, come out for one of our favorite songwriters, @Stephen_Kellogg ... proof of va‚Ä¶ https://t.co/Iv7lMeWtdv"
"Sorry, but I can‚Äôt stop calling it ‚ÄúOmnicrom‚Äù.  Don‚Äôt know why, but since I‚Äôm boosted I feel entitled to while also‚Ä¶ https://t.co/pbgXr0XfsU"
"@MScottPoet1911 the mandates are where they went too far for me. mandating behaviors (social distance, wear a mask)‚Ä¶ https://t.co/tlh0fo3FAP"
@chron Was the waste water double vaccinated and boosted and also was it maintaining social distancing and wearing a mask properly?
"@Ally_Sammarco If he had just said ‚Äúwear a mask and get your shots when available,‚Äù everything would be different.‚Ä¶ https://t.co/QR4Z8W0lrJ"
"@mackaracka @MDHHS_CME @GovWhitmer For as tired as everyone is of covid, WE ARE, TOO.  Like, next to none of the pe‚Ä¶ https://t.co/0WP1TrLYRo"
@AshleyRParker Most surprising-that an unvaccinated person was wearing a mask. In my area of SW Michigan (which has‚Ä¶ https://t.co/nCPLTuOTSl
It‚Äôs been well over a year since someone‚Äôs seen me with a mask and deliberately coughed on me so I guess I was due‚Ä¶ https://t.co/q0aWrnHi0M
@omegakun11 @___venice___ @TehPh1L @disownedpear @gaysforganon @BasedByAccident they actually have worked where the‚Ä¶ https://t.co/T4h5PG9xXy
"@Cary_Elwes @evilhag @TheBugzyMalone @HackedOffHugh @fortunemovie @STXfilms @Cary_Elwes, wait, no mask. You know th‚Ä¶ https://t.co/3mYFduwmPQ"
@aaliyahpatel__ Meet me at the bank this afternoon. Just before closing time. Wear this mask.
"I can tell based on who wear masks. Men I see, often don't wear them so easy deduction. https://t.co/d91rNfhQfO"
WDIV ClickOnDetroit: Brighton school board debates mandatory masks in schools as COVID surges across Michigan.‚Ä¶ https://t.co/ELMD6VUiko
Brighton school board debates mandatory masks in schools as COVID surges across Michigan https://t.co/IgTInPKTZQ
"God, I'm in the waiting room for my physiotherapy and the amount of people (mostly elderly) that aren't wearing fac‚Ä¶ https://t.co/LoupKmHoGC"
It's why the elite don't wear masks or care about the virus. It's being injected in to people. It's probably not ev‚Ä¶ https://t.co/cpnK0rXU16
@ms_firecracker @paolabrett Takes a while to adjust to the new normal. Until it becomes instinct / muscle-memory we‚Ä¶ https://t.co/1sQgaZ2GX4
@iamlisakirk @SmithTootie Masks are not approved by the fda &amp; mandates are not laws. Oregon needs the state legisla‚Ä¶ https://t.co/uEkQ66X8RZ
"@wxyzdetroit That‚Äôs because lockdowns, masks and the vaccines don‚Äôt work. Pretty simple."
@jesuscapalott @2Vlo @_reinades mask*‚ò†Ô∏è
This is going to be a very first world problem but I can‚Äôt find my eye mask that I use when I sleep and I was like‚Ä¶ https://t.co/wt18QDqaEm
"@ms_bubble @shannonrwatts Harold, I bet you wear your mask in your car alone don‚Äôt you! üòÇ üò∑ üòÇ https://t.co/JhshzRlJLI"
"@kathrynanywhere @KenyonWallace @normsworld "" you've got this"" - like it's some retched disease akin to the plague.‚Ä¶ https://t.co/YwKO5Fcwz0"
@cdavid1760 @NB114268117 @GregAbbott_TX This is how you will love your life? ‚ÄúThey don‚Äôt wear mask there.‚Äù üòÇ You‚Äôre‚Ä¶ https://t.co/iZCDbyr85d
@AmeshAA I am sure that letting vaccinated people not isolate will work just as well as letting vaccinated people n‚Ä¶ https://t.co/7xFmWsSZls
The school board of Brighton Area Schools entertained a mask mandate to be implemented by the superintendent. https://t.co/62nMEbIHSL
"I don't want mask mandates, either  But don't use your kid for your own political agendas like a fucking loser https://t.co/K6ApEqT5KD"
This Twitter Thread Explaining A New Study About The Effectiveness Of Face Masks Might Change The Way You Think Abo‚Ä¶ https://t.co/Lbgu6fatXz
@RemEud @mask_bastard You're the annoying bear out of the 3 of them who was never satisfied with their porridge weren't you?
@RJTorbert Retweeted! Looking for one of those special masks used in the new scream movie if you want to help out a‚Ä¶ https://t.co/oCYuyZ4ilg
@mask_bastard Very true.
@_lyssugh Mask?
"8/23/2020 (@libertytarian)  Biden: Take Muzzles Off Experts, Rest of You Put on Masks!  üì∫ Full Segment:‚Ä¶ https://t.co/kZxwDYtf1q"
VLOGMAS DAY 7: DIY DEEP CONDITIONER FOR NATURAL HAIR | WINTER HAIR MASK https://t.co/nc54CobqQs
"""Stop trying to indoctrinate our children! We won't allow the government or ANYONE to force our CHILDREN to do ANYT‚Ä¶ https://t.co/YEqC3XV4LC"
Michigan is out of control with Covid. Today alone tons of pictures of Sporting Events in Michigan with virtually n‚Ä¶ https://t.co/H4F9bpyjld
"@elkinmi I have a friend from England with whom we celebrate Guy Fawkes Night, complete with masks."
@TaraNotTahra Well... It is global. But not bad enough to force guests to wear masks or limit how many are in the p‚Ä¶ https://t.co/5R6N9Dngvh
"@clubmedica @CTVToronto @JustinTrudeau @fordnation They are also the ones flouting the guidance, not wearing masks‚Ä¶‚Ä¶ https://t.co/ocrBcRaqDf"
"@nycjamgal I‚Äôm on a plane every weekend, be vigilant, you‚Äôve got the absolute right mask‚Ä¶..and skip the goldfish;)‚Ä¶ https://t.co/ZQuGiiTJfm"
@SarahMushMush Windblocker in the cold.  But I have actually taken to wearing a mask in my poker game. Won the first time I did it.
@DrDicatrio Unfortunately its only the beginning of cancel culture fudding NFT‚Äôs. They set back Jungle Freaks and I‚Ä¶ https://t.co/H8WFmqt1bE
"@victoria_1028 prep the nail, bond then, base gel, builder then the color. the builder is super thick so it does ta‚Ä¶ https://t.co/wIkFvIGZQx"
"@TanjaMcConnor @sampentz @DrJenGunter I had a chiropractor tell me masks don‚Äôt work, so I asked why doctors wear th‚Ä¶ https://t.co/cUB9qxUsq0"
You heard it here first: our award winning mask lineup is getting a new addition.  https://t.co/u8p2KUnL9b
"This is the season to steal from self checkout, mask on, hat, hood, let‚Äôs gooo"
"@Jaaay_Duuurty He‚Äôs not happy, ready to piss all over his mask üò∑"
A shot and a mask are still our best defense against #Covid_19.  #maskup https://t.co/CKoACJ4Y6K
@FeistNC I will never forget. A friend from my old lab sewed fabric masks for my family.
- Reason I: Segregating ‚Äòexposure‚Äô may mask differential vulnerability led by differential exposure. - Reason II: P‚Ä¶ https://t.co/nGtZtMUgpH
Local med school IG account posted a photo of employees (maybe w/friends?) at a concert and they had edited the pho‚Ä¶ https://t.co/oLfRCp9hcP
"@ColinHay I've always liked the line, ""Just be here now; forget about the past, the mask is wearing thin"" From ""Wai‚Ä¶ https://t.co/vFb3Q3U6Rm"
@RexChapman As a teacher this is a normal reality for our kids! It‚Äôs disgusting that parents are at our board meeti‚Ä¶ https://t.co/n3JXvJUZEV
@poolkidsband masks
@jmdHAUSER @RexChapman This one‚Äôs been around‚Ä¶. Should be shown at board meetings when the anti everythingers are complaining about masks!
"@JeromeAdamsMD @DrEricDing @michaelmina_lab Public health depts spent most of their time taking donations of masks,‚Ä¶ https://t.co/afn8IvcBZW"
"@JeromeAdamsMD @DrEricDing @michaelmina_lab I was still working in healthcare, with covid pts. CDC was lost, no ppe‚Ä¶ https://t.co/jvrZNSJqpv"
When you see someone without a mask for the first and are surprised by what the lower half of their face looks like. https://t.co/AuU4cCpKSv
"Obedience is the real pandemic, and there's no mask or vaccine that's gonna bring independent thinking, playfulness and mischief back."
@ZeldaUniverse I got my money on MM Link because of the fierce deity mask and the songs he can use with the Ocarina.
"@GregAbbott_TX Yup and I advice all true Republicans to not get the vaccine,  don't wear masks  please continue to‚Ä¶ https://t.co/2LZW0XMso7"
@KingJames The mask doesn't work anyways but they don't pay to be a scientist. Whatever u can get breathing it can‚Ä¶ https://t.co/rkSyPeHGT2
@SheIsBeauty101 Umm‚Ä¶  He forgot his mask.
How incredible! Planning my first in person conference since forever. Asked if my session will use a clear mask. In‚Ä¶ https://t.co/gr1mXzPj7z
"this the time of year i like wearing masks, face scarf!!!"
@NocturnalAllen @KlausRockafella @SpaniardRC @guano_col @KeithOlbermann Okay Al. Hey buddy. Mask the fuck up would‚Ä¶ https://t.co/wzCApjIkjn
Went to go to Walmart but they were closed for cleaning in the middle of the afternoon Gee maybe they wouldn‚Äôt of h‚Ä¶ https://t.co/ALl5XFaXQY
@BA_is_BA @Meganashley_911 @POTUS Yet Biden and Democrats were the 1st ones bashing the vaccine. Plus the vaccine a‚Ä¶ https://t.co/8WOABo5DMk
"Continuing to live by my COVID philosophy that I will wear a mask for things I‚Äôm not willing to die for (groceries,‚Ä¶ https://t.co/B5LxIISR0a"
@DrEricDing It's December and I don't have a cold.  Mask will be a permanent winter accessory.
@stargazing90 So masks are no longer required in the post office? Meanwhile someone just told me I have a high tech‚Ä¶ https://t.co/LbcP3No8AZ
@cant_b The Defense Production Act could be used just as people pressured the former administration to do for masks‚Ä¶ https://t.co/D8EKBeBnWF
@Mystearicaa Lol so far I've gotten wolf and ridley from folks doing this which would be much better answers than t‚Ä¶ https://t.co/PX5StwUaUC
@Cocoapuffgurl80 that's the one thing I miss about ordering from Spreadshirt. Their production and shipping is so m‚Ä¶ https://t.co/Avgc5dbPyS
Jace Howard ‚Äî the dark knight rises  Rocking a black mask to protect his broken nose tonight
@JosephBrassey I think publishing lag times might be too long for COVID fear/precautions to play a central role. Ma‚Ä¶ https://t.co/F0aKM7lbk6
@OceanaLizard I was speaking In terms of people going out and socializing and not wearing masks like nothing is going on
@BraedonKibby of course masks work but they work by delaying a problem that we will inevitably have to face one day‚Ä¶ https://t.co/nDdFnqDpKf
@bacteriophile I have been doing this travel consulting for all my friends. I am supposed to go as well. December s‚Ä¶ https://t.co/fbVlVzym2h
"I know why they don't do it but it seems so fucking stupid that we in this country just can't be like here, here's‚Ä¶ https://t.co/1dgiodclJZ"
@hallinen_diane @MDHHS_CME Wear your mask. If it works then you should be fine right? Don't forget that they are fi‚Ä¶ https://t.co/RYTJT22kL3
@KimariKimari I dont want ppl thinking I‚Äôm anti mask üòñüòñ
@RepLisaMcClain Don‚Äôt speak for me Lisa! Mandates are needed because people like you refuse to take simple steps to‚Ä¶ https://t.co/SLoSyxdSay
These N95 mask are irritating asf my my face itching
also i cannot wait to go to one of these things after covid because these masks are fucking with the photogeneticism
Are masks no longer required on federal property or is it just Arizona? Not one customer (except moi) wore a mask i‚Ä¶ https://t.co/Q12dh2z7ns
Today a mask mandate started at my work and half of my coworkers r not wearing theirs bc they‚Äôre ‚Äútaking a stance‚Äù‚Ä¶ https://t.co/hCZaKN8gEn
The masculine urge to wear a heavily damaged spider-man mask with the cracked lenses while finally defeating your friend/mentor turned enemy
"@dougducey @AZNationalGuard Wow there‚Äôs just thousands coming ‚Ä¶no wait, a dozen? The National guard should be worki‚Ä¶ https://t.co/KaSy0AQHlc"
"This picture explains it all. Forcing kids to spend 8 fucking hours sweating in a mask, struggling to stay focused‚Ä¶ https://t.co/elUfwmH3G3"
"@padmapitha @ArnallLabrador Death masks were a thing, and the mask was originally done in hope of identifying her."
"@Tuphlos I clean out my car every day! All fast food trash is tossed, charger goes back in bin, face masks are just part of the cleanup."
@ItIsMsJillyBean Surprisingly so-  We‚Äôve both tested negative multiple times (I tested again this morning). We took‚Ä¶ https://t.co/3CEwK3nOPB
"Tools have to be used for them to get traction. So, get the vaccine and wear your mask. https://t.co/ier0BIi5le"
"@ZeldaUniverse Assuming MM Link has access to the Fierce Deity Mask, he's basically a demigod. No other incarnation‚Ä¶ https://t.co/G4lE7BPkLk"
"this dude really just showed up to the MisterWives M&amp;G wearing a trump hat, let‚Äôs go Brandon hoodie, and pro-2a mas‚Ä¶ https://t.co/5elMvjZXmx"
"A quality watch regarding the dire COVID-19 healthcare situation here in Michigan. Many thanks to @WOODTV,‚Ä¶ https://t.co/HtCwTizNLS"
@DailyCaller My 44yo anti-mask/vax coworker who left behind two teens wasn‚Äôt fat.
"personal space, 3 feet, 6 feet, mask, no mask, vaccine, no vaccine.....  bro my head hurts im so tired of people de‚Ä¶ https://t.co/uVy0zUBM2B"
I put this mud mask on my face tight af üò≠
"@EclecticRadical Or at very least, wear a mask. I periodically have unvaccinated patients take telehealth calls in‚Ä¶ https://t.co/foStoaagGI"
They are wearing masks? Ass hats! https://t.co/McQIxLfcVC
"@stopdeboosting I've actually recently been thinking that, once #COVID19 has abated to a manageable level and the p‚Ä¶ https://t.co/ROKK8yvOvb"
TONIGHT 7:30p ET on #AmericanBlackJournal: @SHDetroit talks #mentalhealth and #oxfordshooting with @CNSMichigan. Pl‚Ä¶ https://t.co/Xw4cw1Un3p
@FarberShaun @VickiSherlock there was TONS of instruction on appropriate masks  half of americans are idiotic buffo‚Ä¶ https://t.co/oZLBN67VWD
"We need everyone to get vaccinated, get boosted, and wear a mask properly. https://t.co/jpMwug8J6D"
@Dbwagner104 We should have had at home tests and masks mailed to every home
"@pubtheologian @MalloryMcMorrow Bryan, I hear you but we obviously weren't horrified enough at the deaths of twenty‚Ä¶ https://t.co/sf2OzoU1Nh"
Almost two years into this &amp; I still freak out when I sneeze into my mask.
@DuggerDigs And yet @SylvaniaSchools still has masks as optional until they have nearly double the number of weekly‚Ä¶ https://t.co/yg3IqmEWJZ
"Even as we grow older, and move away, the underlying tension persists. We still put these masks on when we're together."
"Inspired by the relationship between my siblings and myself, which I found to be common among other Arab and immigr‚Ä¶ https://t.co/8BLUhCJSoW"
Acne but it‚Äôs a lose lose cause the masks actually give me more acne https://t.co/BFPGUdZHGS
"Ok, at the risk of repeating my sarcasm. . . I'm sure Putin was especially terrified by the masks!  https://t.co/VKuDZEzwZB"
So a federal judge has blocked President Biden's mask mandate for federal contractors.   Trumper judge no doubt.  F‚Ä¶ https://t.co/VbwRDcQxgJ
"Excellent reasoning &amp; he‚Äôs exactly correct, in response a fair number I see would say ‚Äòjust wear a mask‚Äô. üôà https://t.co/0VrlwOx5tB"
My nose bridge hurts. The back of my ears hurt. Sometimes I run out of breath in a 90 minute lecture. It is hard.‚Ä¶ https://t.co/j0JSisiEzk
It keeps my face warm during the winter. Also its way easier for me to mask the other way because I just gotta keep‚Ä¶ https://t.co/tZwyGye7EA
we‚Äôre breathing right around these masks anyways. purely theatre and it always has been. masking is virtue signaling.
mask wearing is a buffer
we‚Äôre gonna have to take off the masks at some point so what makes later better? the longer this lasts the harder i‚Ä¶ https://t.co/qLnLP9jxlv
@__SBrooks Yeah that's Trumper Territory. I'm in Cinton Twp. These mfs don't believe in masks either.
"Gee, what was she saying a year ago?  What changed @GovWhitmer?  No vaccine mandates, no mask mandates, no shutdown‚Ä¶ https://t.co/jvSYfMeeYq"
@BaddCompani The entire attempt to destabilize the western world has been to mask his grab of the Arctic deposits exposed by climate change!
"After more than 4 months of masks not being compulsory in most public spaces in the UK, getting people to wear them‚Ä¶ https://t.co/sSNvkkwtZf"
@maddow And yet people here in the Great Lake State seem to be just going on with their lives as if nothing's wrong‚Ä¶ https://t.co/eeXaR1FumZ
At the GM dealership in Troy &amp; I'm the only one with a mask on. Then they offering coffee in the lobby and unmasked‚Ä¶ https://t.co/Hbl3kPmGrh
@AndreaEHailey @lizzo @IssaRae @ArtBasel No mask wearing or social distancing here!
@Metanoiarv @RWMaloneMD Why did he challenge me to prove that masks üò∑ work?
@sharon1484140 @madcow42 @Sue63887041 Same here. Travelled by üöå üöÜ üöá all through the pandemic. No mask. No jabs. No Covid
For those going to support our girls basketball teams @ Marian High School today here is some important information‚Ä¶ https://t.co/u6ObMZF7K4
"@rackcitylum @RenayCharlotte Imagine not knowing the difference between know and no, and thinking that it‚Äôs a mask that makes one pathetic."
@ChewbeccaUSA So much for...we don't have to wear any stinkin' masks!
"""I wish I could be a member of an athletic team or athletic staff so I could not wear a mask whenever I don‚Äôt feel like it"""
@NocturnalAllen @KlausRockafella @SpaniardRC @guano_col @KeithOlbermann Oh Al. You go better get in line for that n‚Ä¶ https://t.co/lcVelFudri
"@noonanjo They are relaxed, they're only wearing one mask!"
"@JosephDWood @RepFredUpton In his hometown of St. Joe, local hospitals &amp; the Health Dept. have BEGGED for months fo‚Ä¶ https://t.co/VhAgRtTN5g"
Under eye mask for my dark circles https://t.co/cM6TZWL4kZ
"I like masks cause I don't have to hide my rude facial expressions. Also, it is a barrier from other people breathi‚Ä¶ https://t.co/Bl255NzeA1"
Let them‚Ä¶leave me the hell alone. Poll: 82 Percent of Democrats Willing to Wear Masks Indoors at All Times Due to O‚Ä¶ https://t.co/5vMQPGtm64
"@RobertMonroeUCS You do know there‚Äôs indoor mask advisory regardless of vaccination status, right?"
@HippieBookkeep Bottom line is the COVID-19 is a Novel coronavirus which your immune system HAS NEVER SEEN.   Vacci‚Ä¶ https://t.co/GsjTmFXMxb
@MichiganHHS But MDHHS won't require masks in school.
"My problem is soon as I‚Äôm out and somebody requires a mask and asks me to put one on, I want to leave."
@MafiosoRo 1) It hides my face from Deep State cameras. 2) It hurts the souls of conservatives I know. 3) I'm ugly.‚Ä¶ https://t.co/nYAaghIFXT
@ChadLivengood @jonathanoosting @GovWhitmer Hope the gov. has an N95 under that cloth mask.  Why are you doing this‚Ä¶ https://t.co/alCcgOICBW
@kateburning Now that more time has passed. Would you recommend the Razor mask?
"Face mask = face sweater. Now that temps have dipped below 20 degrees, I‚Äôm never in a hurry to remove my mask. Keep‚Ä¶ https://t.co/OPyQvh66ou"
Comstock Schools will also keep their mask mandate when the County order expires next week. https://t.co/iRfZmajqEJ
@Opportunitweet @NYCMayor Wait - do you think huge crowds of people are a good idea during a pandemic? Really? I th‚Ä¶ https://t.co/P83KryYEpi
"""Lies don‚Äôt work unless everyone believes them""  MUST REPLACE  ""masks dont work unless...."" ""baccines dont work unless..."""
I want an actual ski mask I‚Äôm entering my villain arc
Did you know our Age Benefit Regenerating Mask is still available at ¬£49.98 or 3 easy payments of ¬£16.66! This is a‚Ä¶ https://t.co/NanTgJX4xe
"New on @photofocus, How to easily mask in Adobe Camera Raw https://t.co/yC4zQOqnk1 https://t.co/HC6SQ0QyqM"
"@JerseyTaylorHam @PunditPandemic I was just going to say that, I'm female/middle class but don't mask...and I'm old."
World Health Organization (WHO) has stressed that people should not panic about the new COVID-19 variant.  Read the‚Ä¶ https://t.co/f6WLItTglD
@robertlerone I‚Äôm manifesting homemade bath bombs and avocado masks as the pivot. üòÇ
"I know my neighbors must think I'm weird for wearing a mask to take the trash out or check the mail, but I don't want to get anyone sick"
@ekp Took two to crack the ‚ÄúBiden didn‚Äôt wear a mask while sitting at a table at a restaurant eating dinner but did‚Ä¶ https://t.co/mAU6UmBNr0
"Job interview went okay, lowest pay id ever receive as an LMT in my career and they subtley r saying they are anti‚Ä¶ https://t.co/bwJ6rm0sdo"
"At least Joe‚Äôs not wearing a mask, so there‚Äôs that. https://t.co/Kv1ZjYqaOk"
"Vaccinating as many Michiganders as possible remains the best protection we have against COVID-19, including varian‚Ä¶ https://t.co/hnZftABuCb"
"@drewdilkens Why not require masks as a reasonable way to support the clear messaging from WECHU? Sure, maybe not l‚Ä¶ https://t.co/35w3lcudCQ"
"I know that Rivervale is clearly an alternate universe, but I am so pissed that they decided to make TBK the litera‚Ä¶ https://t.co/txfucHMj9m"
I have bad teeth that will take time and money to fix  Also the mask justifies not wearing make-up https://t.co/OoO0Axkzlv
@Ohiodongaldo Me im disagreeing with him.  Barca fans fear Ronaldo more.. They just mask it with hate...
@CityWindsorON:#BrightLightsWindsor is NOT impacted by the health unit‚Äôs increased restrictions. Our outdoor festiv‚Ä¶ https://t.co/GVNQDmVzeg
"WATCH: Health officials have called on people to be diligent about mitigation practices, like frequent hand washing‚Ä¶ https://t.co/pnVBv0fN1q"
If you take your mask off and let them see your heait's your heart that's what I pray that God will show the world‚Ä¶ https://t.co/CmdveOUvBw
"@DocFangFang Sure. I'll get as many as it takes. I just want to feel safe leaving my home. Okay, I'll probably not‚Ä¶ https://t.co/IDfyVTKj5y"
"If you can catch covid &amp; pass covid while being vaccinated, why do places say ""No Mask if vaccinated"" ??????????????"
OMG.. The owner of the company I work at called in sick and everybody put masks on. Someone walks up with a mask an‚Ä¶ https://t.co/cX95kpKEWk
Niema Beauty Silk Sleep Mask - Michigan Saving and More https://t.co/x6LdqoPcQ8 https://t.co/TG59uv14KA
"@SawickiBarone @detroitnews Run Joey! You need that booster! And, Joey mask the fuck up. Omicron is coming for your‚Ä¶ https://t.co/2kuh6QsAyz"
There‚Äôs no way these mask can keep you from getting Covid. Somebody pooted and I smell that shit üòÇüòÇ
UPDATE FROM THE DISTRICT:  Please check your email or visit https://t.co/iE395TNkhd for an important update from th‚Ä¶ https://t.co/GO7L7X3TtB
@Mharv684 @xKeithK @CryptoSteveCAD @RyanShaun84 @Quicktake I think he might be trolling dude there's no way anyone‚Ä¶ https://t.co/LaDHfzIQZ2
"Also #Fauci who represents Science, all hail. üëáüëáüëá  ""The typical mask you buy in the drug store is not really effect‚Ä¶ https://t.co/YQzMWF6crD"
My nigga came over with a blk ski mask on &amp; black air forces lol I told him take that shit off üòÇ mf look like he about to Rob a bank
@UncleJake216 they got they ski masks ready üò≠üò≠
@d_rakowski @SHDetroit @BiggNEO @charles_gaba @GeorgeKaiserFF @lizhamel @wdet This makes a lot of sense.  It was te‚Ä¶ https://t.co/HKECAhFdBa
Yo @ConnerHKnapp I‚Äôm sorry you have to deal with the asinine takes from your cohosts on @MacrodosingPod ...I mean t‚Ä¶ https://t.co/wFPqwaGJPB
I'm probably going to wear my mask every winter.
@JackPosobiec No mask?
@TomWFerguson2 There is a fair (&gt; 50%?) amount of mask wearing in Wayne County right now.  Which is not to say you‚Ä¶ https://t.co/IPd9oLylWn
@JulieSummerman While my brother-in-law (OB Dr) and sister (epidemiology degree) don‚Äôt wear masks when out and abou‚Ä¶ https://t.co/anOQqlHtNv
@Covid19Critical @107Wchv Please provide data on the effectiveness of masks. I get the impression that Robert Malon‚Ä¶ https://t.co/wM6fh1bySN
@ndrewwhitehead it's like the knowledge of the Steele Dossier and masks!  Unbelievable!
Ugh. The inside of my work-supplied mask for the day smells like wet dog. ü§¢
"New Podcast Episode! ""Thought it Was Tuesday""  AMA topics include #Dicember, Ammo in RPGs, Masks A New Generation,‚Ä¶ https://t.co/8tSJX0aZ3D"
@BlondeBomb25 @RWMaloneMD So we shouldn‚Äôt bother to wear N95 masks if we haven‚Äôt had Covid?
@RWMaloneMD Please show the data/peer reviewed studies that show N95 masks aren‚Äôt effective against Covid or other‚Ä¶ https://t.co/m72JGdM3LE
@WFKARS I prefer all or nothing. SVU drives me crazy with mask adherence randomness. It‚Äôs distracting. I‚Äôd rather t‚Ä¶ https://t.co/JY3O5Ifbxz
@rzsfiberlover @SHDetroit @charles_gaba @GeorgeKaiserFF @lizhamel @wdet When I see the signs asking customers to we‚Ä¶ https://t.co/IOcscqT7wF
Masks stay breaking my face out
"When you reach the peak of a feeling, masks are falling, standards are also and suddenly while you in the peak of t‚Ä¶ https://t.co/MR6jrzuwdm"
"@jmwyett @IMMABOS52901152 @SomeHart @CMargaronis We are 5 minutes from the Michigan border, in Ontario, as well. Ju‚Ä¶ https://t.co/NmkwoU1F1C"
"@spacenjay @patriottakes I think failing at selling masks is the business equivalent of throwing interceptions, so‚Ä¶ https://t.co/2KtgBJkw6t"
"I just spent close to $70 on #Halyard #N95 medical grade masks (after also buying non-medical grade N95s, and face‚Ä¶ https://t.co/8hCxEEDJ9D"
Ensuring children's emotional needs in school during Covid has left a lot to be desired. Enforcing masks &amp; distanci‚Ä¶ https://t.co/GhZgzBrlVK
#BrightLightsWindsor is not impacted by the health unit‚Äôs increased restrictions. Our outdoor festival is open &amp; ru‚Ä¶ https://t.co/X24w2SxbDL
@MikeHaddadMD what does 'the end of the pandemic' look like?  vaccination rates? daily counts? masks? realistic bes‚Ä¶ https://t.co/a766Unn23s
@KingJames But you don't wear a mask at your games.
@SHDetroit @charles_gaba @GeorgeKaiserFF @lizhamel @wdet The linking of conservative politics to vaccine hesitancy‚Ä¶ https://t.co/RWYz71qfbU
@RWMaloneMD Why aren‚Äôt any of you wearing masks?
Here is the Link for purchasing tickets at Saline tomorrow night‚Ä¶. Reminder: All spectators are required to wear ma‚Ä¶ https://t.co/4oMfkYSAZq
@MafiosoRo Started Invisalign (with elastics for extra fun!). Most days I feel like I'm back in 6th grade. I actual‚Ä¶ https://t.co/7xc3AG8EAd
"@WojCreative Showcase your strengths and mask your weaknesses.  Believe in yourself and ignore the word ""NO""."
"@joemuggs @mechanical_monk @ellegist The evidence on masks is solid, if you're using proper masks and not just cove‚Ä¶ https://t.co/qqwv2fq3bA"
I was wondering how they were going to spin white-on-white violent crime when gun toting maga is involved. Seems li‚Ä¶ https://t.co/zdut196Gfv
How about something completely different? Tonight (Tues.) at The Ark it's @NefeshMountain with Jewish American blue‚Ä¶ https://t.co/mucIJVCUFM
"@NathanMackBrown I know a lot who have died from Covid. Really sad. They all were anti vaxers, anti masks. ‚ÄúI‚Äôm a l‚Ä¶ https://t.co/RZV6zBb3El"
@ChapGebassi He probably is against masks at schools too.
Legends Never Die Premium face mask https://t.co/Jx1rQnS65T
It‚Äôs the people who get mad when they see other people wearing masks. Or when I talk about using induction instead‚Ä¶ https://t.co/W36psTFclH
#HBCU Premium face mask (Red) https://t.co/tVJx6tNAMD
#HBCU Premium face mask (Green) https://t.co/QXeMLjF3Af
Thank you for this event @JANEMCARTHUR11 @DFisman &amp; @DavidElfstrom! To my colleagues @UWindsor: There's an importan‚Ä¶ https://t.co/LLzaQIQICr
#HBCU Premium face mask (Yellow) https://t.co/YEU5NJ3Tsk
The BC Bearcat Premium face mask https://t.co/2dRJ7QDxB7
The BC Spartan Premium face mask https://t.co/x7AXLEckGv
The BC Panther Premium face mask https://t.co/Op2KQI9sjD
The BC Beaver Premium face mask https://t.co/uKGMoWwGuG
I‚Äôm From Michigan Premium face mask https://t.co/VfHopSRH8D
Thank you for continuing to help keep your bus driver &amp; each other safe by wearing a mask! https://t.co/uDNqj3DNnW
"Lord help me understand why there are more people driving around wearing masks, alone in their car, than there are‚Ä¶ https://t.co/XcIfZRdzis"
"@Jim_Jordan I will wear a mask every time I am sick and go out in public.  I am a Democrat.  So yes, I will wear th‚Ä¶ https://t.co/NuPvysHVoi"
@NaheedD @fordnation my daughter is at Uni in England. Students are sent 10 LFTs every 30 days &amp; are required to te‚Ä¶ https://t.co/2AlaJneqEu
Mask and sunglasses is an anonymous vibe. Even better with a hat https://t.co/o8XyiLFsav
"@mtgreenee You voted against New York children to get fed, educated, or had warm housing with clean water and now y‚Ä¶ https://t.co/QQsP9g4uwf"
"I can lip-sync along to my music, I can mutter to myself, and, as a very shy introvert, I hate it when people look‚Ä¶ https://t.co/icQjtFpSIO"
"@mechanical_monk @ellegist Yes  We have rapid tests now, and effective masks. These work far better for protecting‚Ä¶ https://t.co/o1TFgm6Lkt"
"@EdHull8 All hospitals here in Grand Rapids, MI now full of COVID patients, those in ICU are almost all unvaccinate‚Ä¶ https://t.co/IbWdYY1NgU"
"YES!! Masks and testing should be sent out to every household, like‚Ä¶ What are you doing here? https://t.co/sArcdIALjl"
"I‚Äôm in Mi where we have 4404 pp hospitalized w/Covid, 40 of them children. ( highest ever). We had 4  die in school‚Ä¶ https://t.co/VKYxcBb6fX"
@GMA GM the spread of the virus is obvious not slowing down anytime soon.  It is important for people to wear masks‚Ä¶ https://t.co/9aJmWH8YSe
This idea ‚Äî that a place of masks and covid protocols and administrators who ignore obvious warning signs is essent‚Ä¶ https://t.co/o8hrknaobV
#DoNotComply another example of someone moaning about others not wearing masks (when he has no idea whether the ind‚Ä¶ https://t.co/DsdvltB7WJ
@MrKyleRose How about Skull Kid from Majora's Mask?
@msmaryjodetroit I'd just settle for a flyer with a graphic of a *properly* worn mask &amp; instructions that they shou‚Ä¶ https://t.co/LAyENACwrs
@meh0218 My eyes give me away. I'd have to be wearing sunglasses too. Masks are nice when you're walking through a‚Ä¶ https://t.co/It52Em5R9e
@shoe0nhead Trying to remember if a free test was available for the common cold I was diagnosed with in 2015? I see‚Ä¶ https://t.co/P3Cb4Cox3C
I want a throat zilla mask ü§£
@justiceuk3back @gregjehl @mhdksafa ALSO I was sick for 2 days before I called off work either MY MASK or THEIR VAC‚Ä¶ https://t.co/VFSXtkotAN
@BostonBedelia @GovWhitmer Why are people so dumb? You want to wear a mask then wear it.
"@AshSerigala @RevitFur Yeah. MFF had a bit more laid back, ""clean fun"" feel to it overall this year. I think a larg‚Ä¶ https://t.co/SKVpgQxCQx"
@sarahferrigan @katietheasby Sarah I think you have become tunnel visioned and there are more ways fear is stoked t‚Ä¶ https://t.co/s7nYIwOZ2o
"@khthoniaa Mines simple: Less allergy reactions during pollen seasons (Yes, plural, Medicare REFUSES to get me test‚Ä¶ https://t.co/05T6fkFFrZ"
OMFG THIS IS PROBABLY GONNA SOUND SO WEIRD BUT HEAR ME OUT so I love to bike &amp; when I have been biking around sunse‚Ä¶ https://t.co/Tg2biPwKqW
@whatinthefuckn @incoherentboy @historyogi This why you are still sporting mandatory face masks.
I don‚Äôt like being recognized in public and that‚Äôs gone down to 0 since the masks started https://t.co/nlgfopIFMz
I had some assholes come to look at MY HOUSE with their fucking masks on and asked me to wear one IN MY HOUSE  I to‚Ä¶ https://t.co/BnsdC0447L
@khthoniaa I think it makes a lot of sense in the current world to have masks as a part of veiling. We are going to‚Ä¶ https://t.co/8Dtl5ASIME
"@desertmom66 Obviously, the fruitloop that wrote this was wearing a mask. File it in the wastebasket and keep your‚Ä¶ https://t.co/9Eawur2z7M"
@MafiosoRo a well-made mask is kind of like a weighted blanket for my face. i‚Äôm more aware of my own breathing and‚Ä¶ https://t.co/hcDqYBPmCf
@keithchatinover @bhrenton Mask the fuck up Keith. Omnicron is coming for your ass. https://t.co/SNX2dvzxIQ
@khthoniaa I'm actually getting my mask embroidered with the sigil of the main entity I work with to wear as a part of my veiling
@Vegas724 @johnnykats @Ticketmaster @Adele @ColosseumatCP @CaesarsPalace @reviewjournal And still wear a mask. Enough is enough.
@KitSeason @talkingtanks K good for you. I mean it. But if you mask and distance you can't get anyone sick correct?‚Ä¶ https://t.co/nVIJdGjiyK
@DudeAbides2017 @IceIsMyVice I can sleep on my back or side. You get used to it. I think of it like putting on an o‚Ä¶ https://t.co/m9SWuwxC3K
"@rmsgeek @MichiganCharts @GovWhitmer You know, I know, she knows.  If we could get the masks off the kids, it'd be great."
@DuncanWatson @KeithOlbermann I bet you fucking wear eight masks and have gotten 10 booster shots haven‚Äôt you? üòÇüòÇüòÇ https://t.co/Pl2mJoumu3
"@SamAdlerBell @MollyJongFast Surprised they‚Äôre not like, ‚Äúthose are feds!! They‚Äôre all wearing mask, when‚Äôs the las‚Ä¶ https://t.co/MsejQPeNor"
@sarahferrigan @katietheasby It‚Äôs possible to separate a belief from other peoples agendas.  Mask wearing in school‚Ä¶ https://t.co/ZCye1Qy86x
Hopkinton officials say high school's mask-optional trial was a 'success' https://t.co/70fERDp3bi
"@AndyHTudor1 It is, my roommate just had one for a few days, now that she's better I've got it.üôÑ Don't go many plac‚Ä¶ https://t.co/EXA9vO5kWf"
"@Barkshed1 @TruthJustis4USA @Jim_Jordan I am quite confident I will survive the China Flu. But, hey you continue to‚Ä¶ https://t.co/0eM2xMK4X4"
My excitement for my young child to start school is being diminished daily. I live in a mask optional county &amp; the‚Ä¶ https://t.co/JX0YusLpr0
