"@sjcalgary Wallet, keys, 3 cell phones, Kleenex, first aid kit, lotion, hand sanitizer, assorted pain relievers &amp; g‚Ä¶ https://t.co/rkNqUDjcO8"
@putzeh @youseepeeYYC 2 years in and people in this city need to be reminded to wear masks in public buildings..‚Ä¶ https://t.co/PrZBDfjfx0
"@GoalieGearNerd @NHLFlames @JBoAirbrush He had custom straps on the first skull mask too, unreal! üî•üî•üî•"
"@Roadapps23 @DrTomFrieden Yeah, those cheesy masks keep people from hacking loogies onto the sidewalk. And also the‚Ä¶ https://t.co/C85MhPojfu"
"@Redcows4ever @ZackDunn314159 @SenatorTester @TeamCavuto Zach, you are so right. Vaccinated folks can get Covid but‚Ä¶ https://t.co/Lfg46wVR82"
@tristaneldritch @RobFreudenthal When we all wear masks very few of us get Covid-19.  You don't think they let you‚Ä¶ https://t.co/eBFrLcBh9Z
"@bright_goat Another idea, maybe they wear the scuba mask to hide the fact they breathe through gills?"
@bendreyfuss Signs in restaurant windows telling you to take your mask off?
@tristaneldritch @RobFreudenthal You know what the galling thing about people like you is? The moment you get short‚Ä¶ https://t.co/2PsqsxAW9d
@denise_dewald Taiwan ramped up mask production to 20+ millions daily (23.5 million population) in March 2020. Mask‚Ä¶ https://t.co/KEEgQil0ma
"@denise_dewald During my visit, people asked: Why Americans don‚Äôt wear masks ‚Ä¶the virus is in the air. Me: No words‚Ä¶ https://t.co/0Zm7z9JZwu"
"@burnagedaydream @RobFreudenthal Wear your mask in public, Gaz.  You don't want this inside of you or your family,‚Ä¶ https://t.co/gvIg5XNKI6"
"With the COVID-19 pandemic newly invigorated by emergence of the Omicron variant, https://t.co/IkSy23elvp looks at‚Ä¶ https://t.co/alLSZ9ZA44"
"@CrynJohannsen @KaivanShroff this would explain how many of them tried to conceal their identity- masks, hats sunglasses etc."
okay but like genuine question lol.. does anyone still wear a mask?
"@RobFreudenthal We have variants because we didn't actually lock down, eliminate reservoirs, collectively mask, or‚Ä¶ https://t.co/XklrgFc1R5"
"@forthrighter I saw the anti-mask propaganda from the media at first, and I saw a blunder from an establishment tha‚Ä¶ https://t.co/M6xHtsux8g"
"@yaneerbaryam While I agree with you, elimination, at this point, is like trying to put a million gallons of toothp‚Ä¶ https://t.co/dsQIFJhRIF"
@moodyfoodiedude I am out and about and saw one. I go out so little and see so many online it took a few minutes to‚Ä¶ https://t.co/UflEfMmsSm
@TrinityPost @Robertobitcoin I invest in gold and silver.  It never fails. I think if I could‚Äôve invested in hand s‚Ä¶ https://t.co/Rpyv38z9Rf
"@libertydownundr It's not quite a mask slip, but if you follow this stuff it's obvious"
@jvharris_1965 Montana: when @GovGianforte was elected he eliminated all restrictions in place from our last Dem Go‚Ä¶ https://t.co/XfAem4Phdf
"@AndreaR9Md The best anyone can do right now is to wear your mask, get your shots and avoid these halfwits!"
Dear business owners -   Please stop making your workers wear masks.  It‚Äôs not a motion we need to go through.   We‚Ä¶ https://t.co/k5qu1daytl
"Nope, no credibility left after mask mandates.  Unless you think putting masks on kids while they play band instrum‚Ä¶ https://t.co/lAODUJe3I8"
We‚Äôre all exhausted. The scientists. The healthcare workers. The parents. The pharmacists. The teachers. But the vi‚Ä¶ https://t.co/8lN3NMTISb
Make #handmade your safe way  to look good and enjoy #Christmas  #staysafe #wearamask  https://t.co/Qw8Iql4QFk via @Etsy
@forthrighter - The angle I heard that made the most sense early on was that the government is responsible for tria‚Ä¶ https://t.co/aGE8jSlniZ
@forthrighter The conclusion of the paper was that governments / hospitals should stockpile masks and ventilators f‚Ä¶ https://t.co/zH4WiWbUzX
@forthrighter - Eric Weinstein pointed out there was a paper back in 2013 (ish? I don't remember) that made the cas‚Ä¶ https://t.co/DuMNYP2rKV
"@TheMarieOakes San Francisco: where you are free to steal from others, as long as you have your mask on."
Wild West placed itself in a corner  1. Drop restrictions to allow Omicron spread whilst enforcing mandatory vaccin‚Ä¶ https://t.co/cSrGTchPUf
"@hillharman It‚Äôs a little blurry, but the chest stripes and the face mask make me think you‚Äôre looking at a peregri‚Ä¶ https://t.co/6v0x13LHdz"
A hearing held before Fourth Judicial District Court Judge John Fenn Monday determined a local lawsuit regarding ma‚Ä¶ https://t.co/raeL30KSWj
@Royalra96493388 @hmrgov @HYDTP @USAndHyderabad @HydFCOfficial Can a cloth mask block any viruses? ü§î  Asking for a friend.
@HomeSenseCanada Hey is it true your staff can‚Äôt ask non mask wearing customers to wear a mask for the safety of yo‚Ä¶ https://t.co/uQ3EwvdAxl
"Booked ourselves a ~second~ post-La Rona concert trip, this time to see Weird Al with friends.   Though this time i‚Ä¶ https://t.co/FuyICV0R71"
Did you five mask as sub or Nah? Me and well‚Ä¶ me did it.
"@BethanyClough When I was at the eye doctor they kept putting tape over the top of my mask, which actually helped some."
@hellgatehell @MTDems @SuptArntzen It‚Äôs hard to see the reality when you are only looking for data to support your‚Ä¶ https://t.co/gTsCvaSyzK
"@hellgatehell @MTDems @SuptArntzen No, but the director of the NIH made the recommendation based on the overwhelmin‚Ä¶ https://t.co/pQo6LiTp2O"
@KrugAlli @stanza12000 @kate_freedomer @NewsatSMES @SMECAtlanta Masks even inside are unnecessary and harmful.
@hellgatehell @MTDems @SuptArntzen Some studies submitted to the NIH support what you are arguing. Not most of them‚Ä¶ https://t.co/rBihr09jBh
"@hellgatehell @MTDems @SuptArntzen I do appreciate your effort and civil back and forth, but your collection of stu‚Ä¶ https://t.co/uJzRuBrNTl"
"@hellgatehell @MTDems @SuptArntzen Actually, the majority of studies argue that masks do help, especially from stop‚Ä¶ https://t.co/uyZexFv8wM"
"@hellgatehell @MTDems @SuptArntzen Well, we will have to part ways at the ""science"" you follow vs the actual scienc‚Ä¶ https://t.co/i7o7t0U3kc"
@LBCX11 @Undead1015 @lapurrak_ The one in the lamb mask also ends up being Mel's mom's boytoy
@BTWalkerMT My moms lung specialist is an anti masker and not once felt bad telling my elderly mother it's ok for h‚Ä¶ https://t.co/7Eo6Ik0eke
"Tuesday 12/7:  SHS boys and girls basketball at Browning.  Public service announcement, Browning is enforcing a mas‚Ä¶ https://t.co/jymNu9cIWg"
"@SteveDaines @GovGianforte When did you start listening to ""science""? Masks? Vaccinations? No grizzly delisting in the NCDC."
"@SteveDaines @JoeBiden Montana small business owner, also a federal contractor. Masks Work, Vaccines Work. Mandates Work. Stop posting crap."
When they scream about masks are agai at biblical teachings.  Leviticus 13:45 ‚Äî The New King James Version (NKJV)‚Ä¶ https://t.co/kYaALcQHgB
"@darrelldaniels9 About to be???  If I can walk into a restaurant and smell what the special of the night is, then t‚Ä¶ https://t.co/oV60QRMaF5"
@Elvyra07301247 He's anti mask and vax mandates. He and Clapton made that very clear.
@arturoviaggia I‚Äôd sooner they‚Äôd send a box of N95 masks to every household.
I‚Äôm at the grocery store and I‚Äôm seeing more masks today. I bet the mask people are also triple vaxxed. This shit i‚Ä¶ https://t.co/aMPPiVjF8v
"Thus if we aren‚Äôt already being sent free masks or tests, Dem loyalists won‚Äôt even think to critique that fact. If‚Ä¶ https://t.co/cLCoqLp7qa"
@claritz15 Exactly!!!!!!! I‚Äôm so thankful for my mask when that happens (though they can still probably tell). I st‚Ä¶ https://t.co/k1TrNmWi87
A high-performing and skin-brightening at-home mask inspired by a tropical fruit smoothie.  Shop Fruition this holi‚Ä¶ https://t.co/mmyzoac07x
@conspiracyb0t They gonna check if you wear your mask during sleeping?
"@aberliner @HevelHevel1 @BretWeinstein Lol the fact that you‚Äôre on the fence about mandates is enough. This, in par‚Ä¶ https://t.co/A4JoFcthU5"
@CassyWearsHeels Wearing a mask you mean?
lmao we had finals frenzy today and my boss (short brunette yt lady) hit my arm as she walked by and i didn‚Äôt reali‚Ä¶ https://t.co/ElYcIRFjWE
@tnicholsmd Thank you for keeping us all updated on the best medical practice for Covid. I double mask everywhere (‚Ä¶ https://t.co/9Gi39GFWgB
"@ksausville I've been wearing kn95s for the past six months. First just plain old white ones, but I managed to find‚Ä¶ https://t.co/hc2MF6X6PA"
"You gotta be smart about this. You stop wearing that mask, kiddo, and eventually, you‚Äôre going to slip up in front of someone you shouldn‚Äôt."
@MaeNena73 My elderly mother admitted to using the mask so she can go to the store without putting in her teeth!
@NamTiddieJiggle Big facts. I could also ‚Äòignore‚Äô people by acting like I don‚Äôt recognize them because they‚Äôre wearing a mask
@realmgrec they had a couple anti-mask ‚Äúrallies‚Äù in missoula recently and there were 3 people at one of them and like 8 at the other üòÇüòÇüòÇ
@Suzierizzo1 I cannot be around anyone who is an anti vaccer.  I have health issues that COVID will kill me if I ge‚Ä¶ https://t.co/oZvYMB3sn6
im so happy the masks are back for some reason
Masks will play a key role in slowing down the highly transmissible omicron variant. Read this advice from the CDC‚Ä¶ https://t.co/XDbXzXwTlP
"Front page of the Livingston Enterprise, 3 pics of the Christmas Stroll. Not a mask to be seen in any of them. Insi‚Ä¶ https://t.co/k4GpjqLRCS"
"The count keeps getting larger; 400,000 or so because of his insistence that it 'would all disappear for months', t‚Ä¶ https://t.co/PLxs9KRuHt"
I prefer wearing a visor even though I sometimes wear a mask only when I go to medical appointments or the hairdres‚Ä¶ https://t.co/yAxnSr1ZDZ
@JeanieT1964 @problembear I had to spend some time in Lewistown recently. The cops there are nuts. I‚Äôm a middle age‚Ä¶ https://t.co/Nembr8cycM
@EnbyFish420 Especially darker masks. Black masks add so much mystery it is quite attractive üôà
"@MarsStudio1970 Tf2... hmmm... as long as I avoid angering Australians and people in gas masks, I think I can probably live"
"@Surgeon_General is ordering #fullyvaxxed to wear masks indoors?! If these masks, mandates and vaxxes work... why d‚Ä¶ https://t.co/R2EBRp77ps"
@tcbyers @JanisIrwin There are many things people can do if they truly cannot wear a mask. A visor is still better‚Ä¶ https://t.co/y81PxNI58Z
@NewsofAmericans @Joshthecook13 @thehowie @AndreaMcCarren Weird writing? We don't know that they're white. They hav‚Ä¶ https://t.co/XLDbdaZe3z
Refusal to wear a mask says more about you than your face ever could - The Guardian. Growing evidence that refusal‚Ä¶ https://t.co/AGQOt9caBm
"@GoatyMcTroll @ccollins071 @Timcast Immunity means the recipient doesn't get the disease, not that they're resistan‚Ä¶ https://t.co/K4VESzsJDw"
@CricCrazyJohns Bro where you got mask from‚úçÔ∏è
@tribelaw Well at least they are wearing masks and social distant.
So..for everyone else its COVID COVID COVID MASK UP MASK UP until Biden gets the snots then ‚Äúits just a cold‚Äù. WAKE‚Ä¶ https://t.co/xSZ5Tz2oUI
Video: Mask wearing obligatory in Rome‚Äôs major shopping¬†areas https://t.co/Y8GjbDf1o9
@akheriaty Because last year we had mask mandates.
"@txfrances1 @denise_dewald Same here. I‚Äôve not been to Mass since last Feb 2029. Local parish asks people to mask,‚Ä¶ https://t.co/QyzDN1Phuy"
"@The_Sniff_Test @AnnastaciaMP I will be wearing a mask nearly everywhere I don't plan on spreading anything, &amp; we a‚Ä¶ https://t.co/sEHMqBSPor"
@RegReader @watchinthesky Lol ‚Äúthey all agree‚Äù is not science.  N95 *might* help a little - regular masks are just‚Ä¶ https://t.co/Sl6XqdLwTO
@RegReader @watchinthesky The mask doesn‚Äôt matter üôÑ
@DBarkhuff The khaki klux cowardly uniform: masks instead of sheets is no less spineless.
"@gwgoldman @StreetBomber @Tejanobrown @EnergyCredit1 They‚Äôre horrible any time, us here in the Great Free Square St‚Ä¶ https://t.co/T41RNA89rt"
"@StreetBomber @Tejanobrown @EnergyCredit1 I‚Äôve flown a few times during the airline mask mandate, man, I absolutely‚Ä¶ https://t.co/DURHSU6dPJ"
s_warpperspective and s_shake need to be banned from every video essay on youtube along with using beneath the mask as the bgm
@mythisabilty That is so inconsiderate of them! People are ridiculous.  I believe its too be early to be tested. Di‚Ä¶ https://t.co/OFD0WdBv1z
@SkiMomWY This is the FIRST time I‚Äôve seen more than 2 other masks in town since spring. I literally came home and‚Ä¶ https://t.co/y53iwhZxdB
"coworker2 came rushing to me and said ""no, that one mine, yours that one"" pointing to the gorgeous lady and i was l‚Ä¶ https://t.co/HFBUlOPzaJ"
"I went to town today real quick, and I saw more masks than I‚Äôve seen since spring. Frankly I‚Äôm baffled. I actually‚Ä¶ https://t.co/tkV3pEpvWt"
If you‚Äôre a White Nationalists &amp; I‚Äôm sure you‚Äôre an anti masker then why are you wearing masks during your rally in‚Ä¶ https://t.co/xStoToUFTn
@pdxpragmatist I recently flew across the whole country and only wore my mask boarding the plane and going through security.
"@azsweetheart013 @dougducey Oh I've been needing 1 so bad! My son &amp; I went to pick up a pizza at a local, always bu‚Ä¶ https://t.co/ttAtPrTIfq"
@AnnastaciaMP is willing to open borders and let it rip ! not good for people around this area who don't use QR cod‚Ä¶ https://t.co/aAGKBR8kUm
"@theblaze If the ""vaccine"" functions as a vaccine, there is no need for masks. This tells you what you need to know‚Ä¶ https://t.co/Alwa0EBm1v"
"@jdboor I was able to help with my young grandchildren's education when in lockdown. I learned to make masks, I inc‚Ä¶ https://t.co/HOhWY2h1qi"
Face mask. Fishing lands the #Argos a big catch. #CFL
"And, a majority of people still use that useless cotton mask. No surgical or N95 mask. https://t.co/WHLh1UiaMo"
@shawna_burley @BaileyMsjay35 @native719 There are those of us that have NOT politicized this and want to save live‚Ä¶ https://t.co/UPsKnnB8L4
I smile a lot under my mask.!!.üò∑.!!. https://t.co/HBfTzo9sli
@arturoviaggia Masks t hide their identify‚Ä¶.
"As the weather gets colder and mask wearing continues, those who wear glasses may face an unwelcome challenge. Here‚Ä¶ https://t.co/Fu0RZBYk6g"
"As the weather gets colder and mask wearing continues, those who wear glasses may face an unwelcome challenge. Here‚Ä¶ https://t.co/MbJsnhb14f"
"As the weather gets colder and mask wearing continues, those who wear glasses may face an unwelcome challenge. Here‚Ä¶ https://t.co/FPbM1w5o08"
"As the weather gets colder and mask wearing continues, those who wear glasses may face an unwelcome challenge. Here‚Ä¶ https://t.co/0AZauaqz0w"
@davenewworld_2 Why do you think they‚Äôre wearing masks
"@GeorgeTakei When it comes to a mask or a vaccine it's ""My body my choice"" except when it comes to a woman's body?‚Ä¶ https://t.co/n6uW97Cz5a"
@AndreaMcCarren Its great that they are r all wearing masks to stop the spread of what ever they are spreading lol
I just wish the FFP2 masks would fit my (apparently giant) face. The bottom panel that's supposed to go below the c‚Ä¶ https://t.co/tN45rrcH1o
@XanderXjork @charpatferg Patriot Front fascists won't wear masks to protect fellow citizens from a Pandemic but th‚Ä¶ https://t.co/hqBa7hkPuz
Proud Boys won't wear masks to protect fellow citizens from a Pandemic but they will wear masks to hide their ident‚Ä¶ https://t.co/Cfkttz23xg
Put on one of these paper face masks (the ones with the gel attached) and my facial recognition didn't recognise me ü•≤
"@ElieNYC About this time last year I was walking into Costco and at the entrance full of people, a woman pulled dow‚Ä¶ https://t.co/QsM6XAfgFA"
@Tara_Mckelvey @justinsink @Tara_Mckelvey People can‚Äôt eat with a mask on. Please try to think before you tweet.
Anti maskers at my job will be like FAITH OVER FEAR and not wear a mask but then I have to tell them they can‚Äôt bri‚Ä¶ https://t.co/DpLqvDZXfK
@JonahDispatch Not lockdowns nor masks nor vaccines stop the spread. So both cancer and COVID are deus ex macchina. Get it?
@ABC Good thing he wears a mask. Otherwise it might hurt. üòÅ
@SherylLewellen Why are these sheep wearing masks?
@TheSpinDoctor I went to Southgate earlier this week and ended up watching a guy screaming profanities and getting‚Ä¶ https://t.co/68bELxkB2J
Even More Key Democrats Are Getting Caught Up Engaging in Mask Hypocrisy  https://t.co/ATjCO9WOYV
@RepThomasMassie So let me get this straight requiring masks is unconstitutional but forcing a woman to give birth isn't
@xx__devin My anxiety no longer minds the mask mandate that‚Äôs still in my city ü§¶üèª‚Äç‚ôÄÔ∏è
@AndreaMcCarren The same people who refuse to wear a mask in the grocery store
@rgodwin11 @BronxBD20 @laralogan Fauci has made mistakes and his career before the pandemic was problemic with big‚Ä¶ https://t.co/8dgAsy37BF
"Huh, a whole buncha white dudes, wearing white masks, wearing similar uniforms. ""Reclaim America"". Yup...Brownshirt‚Ä¶ https://t.co/nMS3Zz9mdo"
In 1918/19 Governments forced people to wear masks and no one complained  4 things: 1:It was after the war...govern‚Ä¶ https://t.co/XS9o0FXnjQ
@learygiftedSTL @EnglishTeach07 We have a ‚Äústop the bleed‚Äù kit but I refused to do the training when I saw a promo‚Ä¶ https://t.co/x5sce4ORLp
@FreequentFlyr @antoniospadaro @JamesMartinSJ @JesuitsGlobal Sorry‚Ä¶looked at the pic. Actually many of them ARE wea‚Ä¶ https://t.co/rSqLJ3rmoq
@FreequentFlyr @antoniospadaro @JamesMartinSJ @JesuitsGlobal I think you‚Äôre kinda over-reacting here. I see one per‚Ä¶ https://t.co/UQFjk6494R
"@FreequentFlyr @antoniospadaro @JamesMartinSJ @JesuitsGlobal If they are all vax‚Äôd (and my guess is they are), soci‚Ä¶ https://t.co/SinfN9bSoG"
A Maine lawmaker who fought against vaccine and mask mandates resigns after his wife dies of COVID-19... https://t.co/HTEHI81yPJ
"HEY, HEY USA HOW MANY AMERICANS DID THE GOP KILL TODAY? Missouri Gov. Mike Parson commissioned data on masks but di‚Ä¶ https://t.co/OM6FKmtFQd"
@l_utka @jed20004 @cathfav @BrianFragaNCR @NCRonline @ArchCordileone @USCCB @Pontifex @ianmSC Provide your proof th‚Ä¶ https://t.co/XjtzGk4mNA
@l_utka @jed20004 @cathfav @BrianFragaNCR @NCRonline @ArchCordileone @USCCB @Pontifex Wear a mask and wear it properly!!!!
"@redhead_ordead I love they pick their own style. My son wears top hats, suit jackets, walks around wearing masks w‚Ä¶ https://t.co/6iw2o5jRPU"
i bought two bottles of hair mask for my hair and yay @ me cos it's so soft today ü•∞
@TonyMango5 @geoffkoch @deepvaluestock How does Trump's coronavirus response being utter shit excuse the fact that‚Ä¶ https://t.co/5rE8WJn7A6
The Reverse Parade of Lights starts at 4 PM today! Skip the stress of traffic and hop on Mountain Line's electric-b‚Ä¶ https://t.co/7qOcKCFesd
@Shan73198 Charlie and I are tired of managing customers and masks at the store so we talked about recommending and‚Ä¶ https://t.co/tnJOFbGgIg
"This is some stupid shit posing as journalism, a fully vaxxed president out for dinner didn't suck the meal through‚Ä¶ https://t.co/dCEBFILpOu"
"@tedmccoy At yql mall yesterday, security guards spent the bulk of their time asking people to put masks on. Even s‚Ä¶ https://t.co/YzmOQL5VJC"
"Gonna submit a mask exemption on religious grounds and health, as a Catholic i dont participate in superstitiouns,‚Ä¶ https://t.co/CqiLLSzxbF"
@ABC I literally don't give a fuck about wearing a mask if it helps save lives.  I'm tired of bitches complaining.‚Ä¶ https://t.co/HD3DTaNTrj
Nobody wore mask to keep from getting AIDS you liberal idiot ! https://t.co/RLBW62kdoX
"Local Bass Pro mandated masks again, coworker quit, i argued for 10-15 minutes with regional HR &amp; manager if they m‚Ä¶ https://t.co/ha0rj0eIo5"
@awesomebrandi Sometimes my brain masks pain or hunger as sleepiness. And distress fits in there.
@ChrisMattatall you can‚Äôt see the big smile behind the mask!
@angrybklynmom Why the eye roll? Do you think masks are not ableist? They super suck for deaf (lip reading) and hard of hearing people.
Hi  My name is Rio and I will be telling you to put your mask on all mff  I'll be doing it  You're doing it
@mnewhard19 @gr8freedoms @ORhunter take your mask off and go for a walk
"@RepRosendale Workers have the option to mask up and get tested weekly, or work from home."
"Do you suppose the green energy, save the planet champions have given one thought to or care one whit about what al‚Ä¶ https://t.co/tJHbo1t0W4"
Having some work done at the house. Luckily the man didn't mind wearing a mask. We have ours on too. Damn I want this to all be over soon.
HE ASKED HER TO MARRY HIM AFTER SHE TOLD HIM TO TAKE OFF HIS MASK AND THEN WORRIED ABOUT HOW IMPERFECT THAT WAS BUT‚Ä¶ https://t.co/UmkffQflch
@pageyontour13 @1783Amer1can @PEARLfectChassi That's not true you still have to wear a mask even with the jab. If i‚Ä¶ https://t.co/9nvwQ7BfB4
"@14ReyRey I boycotted them because they beat up a customer last year !  A customer that had a mask exemption, had d‚Ä¶ https://t.co/Uctg4rvMD0"
Read more from the Anti-Defamation League on this issue here: https://t.co/9cJNPpwFOF
"@CAwkward I have 3 I've been wearing and washing for months. Since our governor is ""fighting back"" against the ""mas‚Ä¶ https://t.co/9p4czbPaj3"
"I've also had good success with these ones. A little spendy, but you can buy filters to put in the front pocket. Go‚Ä¶ https://t.co/7CUwe75eWV"
@crosscutanne @Chain_Sol @danaparish @jljcolorado @kprather88 @projectn95 Agree. Need to scrutinize where those 3M‚Ä¶ https://t.co/Uko3lQQorf
It ain‚Äôt no point in wearing them masküòÇ https://t.co/KkMJmHuoKu
"Mask Pole, hopefully not like penny dish. Take one, leave one ü§Æ https://t.co/QOPPY17MWM"
"Some people buy candles cus they actually like them, others buy them because they need to mask a smell in their hom‚Ä¶ https://t.co/Avqu1XfOFQ"
Happy Friday from Baby Bolt! We hope to see you tomorrow at the Reverse Parade of Lights on our electric-bus shuttl‚Ä¶ https://t.co/LatDswqlBH
@USATODAY I don‚Äôt have anxiety about the new strains  of Covid. I just wear a mask as needed and got my shots and k‚Ä¶ https://t.co/GRLbhP46ml
Behind the Masks: Actor Jordi Moll√† to Launch New NFT Collection on December¬†08 https://t.co/CvZXhjmTkz
"Ellie, here. I think I see a way through, but we got spores. Put your mask on."
"@K2togetherSSK @HuffPost ;-) I know the feeling. I'm exactly two week in, at my max protection today.   So relieved‚Ä¶ https://t.co/ZrysYqDa6I"
It‚Äôs a good thing I have a mask covering half of my face because I‚Äôm pulling all kinds of faces each time I remember what‚Äôs happening today
"@rangegrrl @SteveDaines @JoeBiden And it‚Äôs not even vaccine mandates, employees have the option to wear masks and b‚Ä¶ https://t.co/UHpLxF8yUp"
@yungb30599632 @SabaSmw @ABCPolitics What are the choices?  Protect your neighbor or try to kill them. Sorry. That‚Ä¶ https://t.co/OH2jQF3xgW
"@Freecanuck1 Well, it IS true that the only value of having a mask handy is if you realize you forgot to brush your teeth..."
"@rohadi @TamIWas @WINNERS Walmsrt, Superstore, Canadian Tire all had many ppl without marks in my neck of the woods‚Ä¶ https://t.co/88VTJKJUIM"
@brownsugaa_J @caribeanpirate @mikejbabcock That's what they said though. Tell me you have enough critical thinking‚Ä¶ https://t.co/bquWDdsam4
"You know what held back Tom Hardy's performance as Bane in TDKR?(other than the writing, plot twist undermining his‚Ä¶ https://t.co/Pg5mut5SrD"
Skee Mask - Inti
"@SenTedCruz Getting effective vaccines into arms around the world is essential, but it's not the only action that c‚Ä¶ https://t.co/1KaIE38UND"
"You couldn't let the virus run wild in amongst this population here Chemist doesn't even believe in it ,no QR code‚Ä¶ https://t.co/CD8ku0Uxm0"
@Slipshocktv @PlayAvengers Yeah I feel like you could easily swap the head for a black and green recolor of the Ico‚Ä¶ https://t.co/IdZ8IgVtxJ
"Hey #prolife folks: you vaccinated, wearing masks, advocating for sensible gun control, donating to the local food‚Ä¶ https://t.co/uuukO8MlnD"
@TinaBob17 We are a society. We all have to give up some things for the betterment of society. I wear a mask to pro‚Ä¶ https://t.co/TmlMNSN51b
Says the party that speaks out against masks and vaccines. https://t.co/BB3uGUmRYP
@Chain_Sol @danaparish @jljcolorado @kprather88 Go to @projectn95 . Lots of made in USA n95 masks there.
Mask mandates in the era of vaccines are public policy for cowardly idiots.   Democrats have lost their entire benc‚Ä¶ https://t.co/dwUdnNWc5l
@joncoopertweets @MeidasTouch What about the Cleveland Clinic doc running the medical side? Who did he inform when‚Ä¶ https://t.co/Cf62JmNlSa
"@SharonValius @ReportsDaNews So far the league has found no evidence he didn‚Äôt wear a mask in the facility, besides‚Ä¶ https://t.co/IplqdFJCsE"
"@RobertCLaird @ReportsDaNews How so? The NFL and the Packers knew of his vaccine status, he got tested everyday, an‚Ä¶ https://t.co/60Eh8adKlO"
"@SharonValius @ReportsDaNews We‚Äôll Rodgers wore a mask in the facility and took a test every day, even on off days,‚Ä¶ https://t.co/ucFokFK9xZ"
@TheSchlewis @ihopeiamanalien @EverythingTB @ViewFromWise The NFL and the Packers knew of his status. These guys fo‚Ä¶ https://t.co/AudjDE79FG
"Dude right behind Reid. What helmet/facemask is that?  Not sure I recognize that mask, and I look at A LOT of helme‚Ä¶ https://t.co/IgXoqsO0Zh"
"The Missouri state AG is suing counties, cities and school districts for requiring masks, although the state‚Äôs own‚Ä¶ https://t.co/0kS94iyow2"
@PontiffP93 @JWTChelsea @Koobie1970 @tassthegreek this is my experience as well. it's probably a major factor in th‚Ä¶ https://t.co/2lNyOBLN3J
@andylumm @MdRisette @carlsmythe @barryjohnreid21 @JSAHolmes @ADevotedYogi @lizditz @JustPlaying2Win‚Ä¶ https://t.co/MMJmRYpLl9
@JWTChelsea @Koobie1970 @tassthegreek wearing one doesn't protect you. this is pretty accurate given the state of t‚Ä¶ https://t.co/ixeCQcHCnm
"@JWTChelsea @Koobie1970 @tassthegreek you say all masks dont work, which is a lie.  the studies you are citing use‚Ä¶ https://t.co/GhbMzNliAH"
"@JWTChelsea @PontiffP93 @Koobie1970 @tassthegreek then we as humanity, disagree with your dot org decertified by ot‚Ä¶ https://t.co/MyUVyDEQib"
@JWTChelsea @Koobie1970 @tassthegreek applying your ignorance to liability labels in the guise of spreading misinfo‚Ä¶ https://t.co/Cx3SSUrxKU
@JWTChelsea @Koobie1970 @tassthegreek someone doesn't understand how legality or liability works and is apply their‚Ä¶ https://t.co/kuBmdZRVPT
@JWTChelsea @Koobie1970 @tassthegreek masks scare you? lmao
@jrcflatheadmemo I think you answered your own question. They evidence shows they don‚Äôt really work. So far it seem‚Ä¶ https://t.co/zgcJEnLEfT
Happened to me at a German gas station two days ago   Soy clerk literally screamed at me for refusing to wear a mas‚Ä¶ https://t.co/kUEbdyP1sj
@amethystarlight @PDaytonp2 @CDCgov Peachy. Fewer and fewer masks at the grocery stores here in DSM lately. Ridiculous.
Can anyone guess who is the man behind the clown mask?   NB: He is VERY controversial on Twitter ü§î https://t.co/GVQ0Cvxtk5
Can anyone guess who is the man behind the clown mask?   NB: He is VERY controversial on Twitter ü§î https://t.co/wjQrpi9gA4
"$70,000 That's how much Nancy Pelosi is fining me for REFUSING to comply with her mask mandate.  ‚Ä¶.Email from MTG is this true? @mtgreenee"
SHUT UP ABOUT MASKS SHUT UP ABOUT ME BEING BISEXUAL SHUT UP ABOUT MY PRONOUNS I AM HAVING A MENTAL BREAKDOWN PLEASE LEAVE ME ALONE!!!!
@Brandon68485290 @Breakpoint3763 @DOOMSLAYER_1993 *is still passed out with my mask falling off and blood on the inside of it*
@JWTChelsea @Koobie1970 @tassthegreek what about masks being requested means fear? I've gone to over 40 live music‚Ä¶ https://t.co/gZVzS855Mc
@JWTChelsea @Koobie1970 @tassthegreek ü§£ü§£ü§£ü§£ the box of masks I got dont say anything about not preventing stuff. It‚Ä¶ https://t.co/lfmpGdgwom
"You gotta be smart about this. You stop wearing that mask, kiddo, and eventually, you‚Äôre going to slip up in front of someone you shouldn‚Äôt."
"Australia blocks travel to/from without #vaccines and #boosters! If that's the case, a vaccinated and boosted trave‚Ä¶ https://t.co/5eS7gm8rOy"
"@LynnRit21329582 @RieweStephanie GREAT NEWS! It proves that by not wearing a mask, I DIDN'T kill your gran.   If it‚Ä¶ https://t.co/bbyCLItxOm"
Our work has now mandated that those plastic shields do not count as masks
@FauciCfa no-one gives a shit about your directives anymore. Your flip-flopping is getting tiresome. I'm‚Ä¶ https://t.co/l3G3kyY40X
No other province had any sort of entrance restrictions. All provinces mandated masks. Only 2 gas stations we stopp‚Ä¶ https://t.co/PWizrQF9Y7
@AltYelloNatPark Went to local car dealership to fix a fuel pump this week. I was the only one out of 30+ people we‚Ä¶ https://t.co/hCSs7Ze1F0
@AB_CovidFacts True story. Had a woman approach me in SuperStore the other day saying she wished more were like me.‚Ä¶ https://t.co/iPnvi3RL8s
Also: masks. Masks are child abuse. Active shooters? Not so much! https://t.co/LmF58CUPwC
"@Embecmom2 @hgc481 @ArchRose90 @missel72 No, that means the scientists don‚Äôt have a magic Twitter wand to satisfy t‚Ä¶ https://t.co/eVPqd3daTm"
"I went out in public for the first time in a week, grocery store. I'd guess mask participation was about 10% includ‚Ä¶ https://t.co/BkFDWxJogr"
"@Cindy_Wooden Lookin‚Äô good Cindy! Snd himself is wearing a mask. Thank you, Jesus!"
Don‚Äôt let them pull the mask over your eyes. This data coincides with the 5 fold increase we have seen with pro ath‚Ä¶ https://t.co/rISJ3xSTM8
@TheInstaGrahame @Mike_Pence Pre-K for all is kind of a random thing but sure I guess. And I don't see how vaccine/‚Ä¶ https://t.co/QV95pmbYqP
"@Jim_Jordan That is a ridiculous characterization. COVID is far from over. The responsible, considerate, neighborly‚Ä¶ https://t.co/SikeCih5pL"
"""Mask mandates saved lives and prevented COVID-19 infections in Missouri‚Äôs biggest cities during the worst part of‚Ä¶ https://t.co/tBsvrNmtyX"
"A little bit of data about whether people are returning to cultural events (very slowly and with great caution), pa‚Ä¶ https://t.co/LcuDilTAn5"
It is insane that Biden's #TSA is pushing mask mandates instead of vaccine mandates on domestic flights.  How many‚Ä¶ https://t.co/qeUWjDWAlt
"Dear Republicans,  Please refresh my memory as to how many children have died from wearing masks vs. Gun violence.   Sincerely, Confused"
"@soledadobrien Fox News: So what should Americans be doing, Dr. Fauci? Fauci: Mask up, get vaccinated, get the boos‚Ä¶ https://t.co/4flk50Do82"
@zombeeapokalips @killianwarstand @1hleo What a lame ass comparison.  Comparing wearing clothing to a mask that cov‚Ä¶ https://t.co/RMqB4lRzR0
"Dear Anti-vaxxers and anti-maskers,  If ""my body my choice"" applies to masks and vaccines, then it applies to repro‚Ä¶ https://t.co/a3MvYgdq5h"
@RedMuleSports I do what I can at the voting booth. I am not sure we are going to make it to the next election befo‚Ä¶ https://t.co/gKp1iF7whS
Texas won't make a 12 yr old wear a mask to school but have no problem making them give birth.. Anyone else see a problem?
@Koobie1970 @JWTChelsea @tassthegreek but why wouldn't you go? you dont love them enough to just wear a mask around them?
@DonaldMustard Foundation needs to take the mask off and show the rock raising his eyebrows someday‚Ä¶
Apparently going to Austria requires the use of K95 masks now. So apart from filling a shit ton of different forms‚Ä¶ https://t.co/1fwwaBqlwL
14-hour trip to #Chicago begins now! That means 14 hours with a mask on. Ugh. ‚úàÔ∏è üò∑
"@Devilstower @NathanMackBrown I figure by double-masking, I‚Äôm wearing their (missing) mask over mine!"
@NathanMackBrown Double-masking. KN95 w med/surg -as I live in anti-vaxx anti-mask t**** country. #GetVaccinatedNow
@thebradfordfile Nothing to see here. It‚Äôs just a coincidence. It‚Äôs probably a weather ballon or swamp gas. Make su‚Ä¶ https://t.co/akEyFGIaHJ
@thelastofsaturn @ElliesGayArrow i actually would recommend an oxygen mask https://t.co/S7i6SnyA8S
@MeghanMcCain I‚Äôm vacationing in Maui‚Ä¶ e Everyone wears a mask.. you have to have a vax card to go to all restauran‚Ä¶ https://t.co/Y3KNgR9Mlu
Black mask..... Black mask
@problembear @GovGianforte @MTGOP That is absolutely not true.  You post more crap full of lies.  The last legislat‚Ä¶ https://t.co/ypDHzRAdUV
@bessette4mt Masks?  Don‚Äôt tread on me!  Sensible gun laws?  Don‚Äôt tread on me!  The rich dipping a little deeper i‚Ä¶ https://t.co/jjsKQqTfgZ
The mental gymnastics to believe that being forced to wear a mask is criminal but forcing a woman to carry and birt‚Ä¶ https://t.co/tu12DLOwuI
@lukestamps And guns.  We should be for very restrictive gun and ammunition laws too right? Like in England. And we‚Ä¶ https://t.co/t6J0SgWVik
Now everyone wearing masks üòÇ https://t.co/neYbsfcytS
@Cazzy And people are getting lazier and lazier with their mask wearing
"@sarial91 @Hailingball @BreakingNews Obviously, thats why more people died this year than last year? Because the va‚Ä¶ https://t.co/7Vhj6lJCk7"
@lenubienne Well there was the mask! ü§£üôÉüòÜ
"@callmejakeaight @cawilliamsp @KatieMLoveland @DPHHSMT I hear you.  I am fully vaxed and boosted, went to the groce‚Ä¶ https://t.co/3mVpaMgP4l"
@CMDonatelli @CrocHolliday @stacyfarina I am certain they have put a lot of effort in but the fact remains that all‚Ä¶ https://t.co/4IIAokQAtT
"@RepRosendale It's only, ""My body, my choice,"" when it's a man complaining about wearing a mask."
@CTVNews Ok now it makes sense I saw one running with a mask today ü§£
Anyone else have disposable masks that they love? I have a decent supply of the Ardene ones but will run out eventually.
"I know that what they sell is sometimes hit or miss, but Ardene's sold my absolute favourite disposable masks up un‚Ä¶ https://t.co/aN5UmzGima"
"@JWTChelsea @Koobie1970 @tassthegreek Serious scenario.  You have a covid, your immune compromised grandma needs to‚Ä¶ https://t.co/rcR79Z2zMz"
New variants will continue to evolve as long as there are large proportions of unvaccinated people. The best way to‚Ä¶ https://t.co/ANHRdE0Z7o
"@JWTChelsea @Koobie1970 @tassthegreek well, you record yourself not having masks worn by medical professionals and‚Ä¶ https://t.co/PIvKXXjZgI"
@JWTChelsea @Koobie1970 @tassthegreek mask absolutely protect vulnerable people from the wearers themselves.  weari‚Ä¶ https://t.co/vkJtFerQTp
"@JWTChelsea @Koobie1970 @tassthegreek pls name some nations that had as much trouble as India, America and Australi‚Ä¶ https://t.co/OlHKGe0pqU"
"@JWTChelsea @Koobie1970 @tassthegreek so? no face shield? No mask? just, it's only for surgeons to stop bacteria?‚Ä¶ https://t.co/q4jsqyirGL"
@JWTChelsea @Koobie1970 @tassthegreek 2020 was an RCT itself &amp; masks worked everywhere last year that they were wor‚Ä¶ https://t.co/XKq38IpuWe
@JWTChelsea @Koobie1970 @tassthegreek why are masks so inconsistent and who is making money off their distribution?‚Ä¶ https://t.co/tl05dEDuBO
@JWTChelsea @Koobie1970 @tassthegreek what's funny is I've seen a sneeze fire thru a 3M mask like a shotgun too.
"@JWTChelsea @Koobie1970 @tassthegreek the flu is small, the common cold is small, most viruses are smaller than bac‚Ä¶ https://t.co/fC3dbiPTFS"
"@JWTChelsea @Koobie1970 @tassthegreek that virus? you know there are like, a bunch viruses. Covid isn't the only on‚Ä¶ https://t.co/BxwUPf6HTO"
"@jamesjammcmahon Nobody enjoys wearing a mask, we do it to help fellow humans that we share the planet with.  When‚Ä¶ https://t.co/MSDxSAU00R"
@jamesjammcmahon I don‚Äôt think it‚Äôs about ‚Äúbeing a better person‚Äù.   It‚Äôs about recognizing that those who refuse t‚Ä¶ https://t.co/Hxfjpg42Ks
"Good afternoon, Cascade County! Here is your weekly COVID-19 report. Please continue using preventative measures to‚Ä¶ https://t.co/kyidvRlPCi"
@DrNikkiMartinez And remember his whole family showed up late and by passed the testing at the front door and were‚Ä¶ https://t.co/6NExe03QVF
"@Koobie1970 @JWTChelsea @tassthegreek masks work, you can't comprehend what you read without someone highlighting f‚Ä¶ https://t.co/eAm26zNpIT"
"Breaking news   The CDC has identified the first case of Omicron in the US, found in California   No cause for pani‚Ä¶ https://t.co/cHndnp6KUw"
@slikrik2003 @katherinelliot smoke weed with a mask on and see what happens
@Koobie1970 @JWTChelsea @tassthegreek 3M masks dont protect you by the way. Carpenter &amp; Painter's unions won a laws‚Ä¶ https://t.co/v2syaFs6ln
"@Koobie1970 @JWTChelsea @tassthegreek this is not the info about 3M masks protecting you, it's actually a visualiza‚Ä¶ https://t.co/KSwp0whufe"
@Mile38751167 Should‚Äôve wore a mask?
@14ReyRey Two years and never worn a mask.
@Koobie1970 @JWTChelsea @tassthegreek Duke scientist have published test results that reflect 3M masks will protect‚Ä¶ https://t.co/jRNzHM1AJl
@Koobie1970 @JWTChelsea @tassthegreek Make sure you bring that liability release for your doctors so they dont have‚Ä¶ https://t.co/DmbG9CqXpv
"@Koobie1970 @JWTChelsea @tassthegreek If this convinced you not to wear a mask, good luck. your ability to comprehe‚Ä¶ https://t.co/mSldLZoX47"
@tlt55 @unenergy @LincolnsBible ...i wish we could get everyone on board to help us thru this for 2 months. Wear th‚Ä¶ https://t.co/BArWI6H0PI
"If you believe masks dont work, I challenge you to demand your surgeon, nurses, doctors not use them and cough in y‚Ä¶ https://t.co/SgPRzkhVB7"
"@TeaTimeTitan I like the doghelm because it's a but more skull like in shape, and then the Reivers just straight up wear skull masks"
@CrocHolliday @stacyfarina SICB is actively ignoring the fact that covid is airborne by allowing speakers to take t‚Ä¶ https://t.co/cYKlcXB9AB
"@mlarson831 @average_mammal I find the CO-OP and shoppers in the north to both be pretty good for masks, but you're‚Ä¶ https://t.co/eAUd5sz5Bt"
"@average_mammal And you walk into a store and 8 employees are standing around talking, no masks on, may be one make‚Ä¶ https://t.co/WgiePdjBcE"
"@average_mammal Every single store in Medicine Hat,,, no masks, masks not worn properly‚Ä¶ it is awful"
@SquawkCNBC @andrewrsorkin @ScottGottliebMD But yes to more air travel bans and restrictions despite the fact there‚Ä¶ https://t.co/ByjC9MSSxQ
@wtwills09 @shearm More than a year and a half into the pandemic and there are still people who don‚Äôt understand how the masks work.
@slikrik2003 And I have zero patience for these people and their gullibility. Viruses are microscopic. The threads‚Ä¶ https://t.co/Q6SK7nMM7m
"but it is wearing masks that parents say traumatizes their children...oh, and gun violence will continue happening‚Ä¶ https://t.co/xsXJ0wPY5M"
"How dare you? I won that title by choking Crace out. That's how /I/ won the title.  So you challenged an old man, a‚Ä¶ https://t.co/W60YhJdxPj"
@theliamnissan Masks worn by armed mass murderers!
@dodegaard But it‚Äôs the masks that are traumatizing students‚Ä¶   I see this I never want to send my kids back to school. America is sick.
"@eszterr2 @ashishkjha If you want masks on and vaccinations, the numbers are irrelevant because they create a disut‚Ä¶ https://t.co/RA92fEWIG1"
@AARPadvocates Wear a fucking mask!
@canmericanized Grrrr.   Not Toronto but I do no wear mask
@Marie14259733 I get it. In Idaho we were the only people we saw with masks. Here in Helena we are in a minority.  Stay safe.
@daily_montanan @JaneNorman @lauraolson Hope they‚Äôre breathing with a mask. Nothing worse than losing your liveliho‚Ä¶ https://t.co/3kgXJ553OK
@rabiasquared Wearing a mask is not child abuse. But THIS IS!
the first thing the flight attendant said was ‚Äúpull your mask up‚Äù as I‚Äôm literally drilling  in sweat and visibly s‚Ä¶ https://t.co/NTV141D7Tv
"@LightenerOfLife thankfully you don‚Äôt know‚Ä¶ who‚Äôs the weegee behind the mask, yet oh wait i think i just shared my main"
Watching Bruins and Red Wings game.  Coaches on the bench wearing masks standing two feet behind 18 players not wea‚Ä¶ https://t.co/oz1ZDv5XOV
"@JWTChelsea @tassthegreek Korea's more vetted science on masks, says thats not true. They've had people wearing mas‚Ä¶ https://t.co/djPSmV2TVH"
@JWTChelsea @tassthegreek All the Asian nations would like to explain how masks work to you.   They dont protect yo‚Ä¶ https://t.co/GnsAhJwnWI
"On Facebook, Buls called for Dr. Anthony Fauci‚Äôs execution, likened mask requirements to child abuse and had a prof‚Ä¶ https://t.co/4AocdokWGB"
"@JWTChelsea @tassthegreek i'm looking at what you said more closely and I laughed hard, I almost pooped myself laug‚Ä¶ https://t.co/D9nojjZxMA"
@JWTChelsea @tassthegreek the same CDC that said the WHO weren't lying before several whistleblowers proved they we‚Ä¶ https://t.co/VK9dvALeTy
@JWTChelsea @tassthegreek they have citizens that read and follow the directions after inoculation. Stay home for a‚Ä¶ https://t.co/n6QGOY9PJO
"Opinion | I'm a high school junior. Make me wear a mask, please! - NBC News.‚Ä¶ https://t.co/PPuesHDq8V"
@mtracey Just wear a fucking mask. Are you too dainty &amp; Precious?
@preciousihenec1 When my aunt died in Feb I knew it was gonna be bad.. She did everything right. Someone brought co‚Ä¶ https://t.co/qIgMIau8eI
Just returned from a week in Portland. Driving through  -Idaho and Eastern WA are all maskholes. Portland area was‚Ä¶ https://t.co/Me6u1pMkSO
How do I look today? I couldn't find my mask so I had to cover my mouth with my hand üòÇ https://t.co/9B3uv88jUe
"@CardanoFork it's a meta mask, I'm waiting ;)  0x9fc8865C61D6c53B17BCD8a23898fa410372b6aA"
@oscarhero1801 Double masks LMFAOOOOO‚Ä¶ ‚Äúeveryone lock down asap ‚Ä¶ if you go outside you MIGHT get a runny nose #slayed
‚ÄúIgnited debate‚Äù  Is she wearing the mask or not?  That‚Äôs your job to tell us.   Yes or no. https://t.co/53tlcMbMzw
1st: The Legend of Zelda Last: Breath of the Wild Best: A Link to the Past Worst: Majora's Mask Best OST: Ocarina o‚Ä¶ https://t.co/7hgOjvTtyZ
"@JBGordon14 @MattWalshBlog You can‚Äôt deny a vaccines, masks, actual medical science climate change, etc‚Ä¶. And claim‚Ä¶ https://t.co/meCkh10Hym"
So wear a mask for Xmas shopping but go wild at Xmas party maskless? Right got ya üò∑üõçüò∑ ü•≥üçæ‚ùåüò∑ #OmicronVariant‚Ä¶ https://t.co/SkzKKbirwQ
A guy yells at ppl to put a mask on while not wearing a mask. https://t.co/uUEUq8LXNQ
@DrJayDrNo Ah yes. The manly men who can‚Äôt wear masks or get a vaccine. Their identity and self-perceived masculini‚Ä¶ https://t.co/u92ny1cNu4
Heading to the Reverse Parade of Lights Saturday? Leave the stress of traffic behind &amp; hop on the Mountain Line shu‚Ä¶ https://t.co/NuLx9gr1yc
