"@TheFUTSBC @FUTDonkey No , it‚Äôs not a huge amount to ask people to wear a mask - I just have a serious distrust of the govt and our media"
@SamuelJJack2 @QueenNat_35 It‚Äôs funny because anti maskers/anti-vaxxers cannot stop talking about those who wear ma‚Ä¶ https://t.co/aaeSyv2bzZ
treat people with kindness except the old guys that you can hear call you ‚Äútiny‚Äù when you walk away and ask you to‚Ä¶ https://t.co/TY4MNOGQUO
"@sabrina_verita Their mask has been dropping for a while now sister, I mean yesterday I was stalking around the sec‚Ä¶ https://t.co/fpQnmEt20K"
"ps while vaccine passports might lack evidence do follow social distancing rules, wear a mask, self-isolate if you'‚Ä¶ https://t.co/cbf3m28Vjk"
"@CdPartiSlut @BrrrLaStrange @foster8 @MDHealthDept I spent 4 1/2 days and 4 nights holding my grandmother‚Äôs hands,‚Ä¶ https://t.co/gB8a1PjNRH"
Same thing here for @tracy_doni and myself.  We are fully vaxxed and live in a VERY red and VERY lax mask wearing c‚Ä¶ https://t.co/vhv6Sv3dp1
"classmates &amp; teachers. üò∑ Wear masks on public transport, then remove the masks in crowded pubs &amp; restaurants, where‚Ä¶ https://t.co/2zpUma51Ag"
"Plan B - work from home to stop the spread of #Omicron, then have a close contact, boozy Christmas party with your‚Ä¶ https://t.co/njXws4Qp5J"
"@DanResurrection It's just a mask, it's only working from home for a couple of weeks, it's only an app on your phon‚Ä¶ https://t.co/20TjYW0FUD"
@JHermita101 @GOP Most republican lawmakers are vaccinated yet they put millions of lives at  risk of dying by bann‚Ä¶ https://t.co/ZRfIM3aWYa
"@PaulUS8617 @GOP @GOP, Remember in the old days , they claimed they were the party of family values! Is it Christia‚Ä¶ https://t.co/zqQ6L0QLP2"
@josef_fares How are you on a plane without a mask?
When you ask your daughter to grab you a face mask for your commute‚Ä¶ She felt this reflected my mood from the news‚Ä¶ https://t.co/Rne9Nl9Jvc
real deal excited over new masks coming in the mail‚Ä¶ this is what covid has done to me
"@Apexsucks3 @Legsazzmf @GeorgePapa19 science never speaks in absolutes, it gathers data and observes. vaccines are‚Ä¶ https://t.co/0mx3lG0QcU"
@Worthless_Bums We don't learn lessons we are the best country in the world we don't need no learnin or masks
@jongaunt I've been vaxed and I will not mask up or be locked down it's ridiculous
"I‚Äôm at the rodeo in Las Vegas. Even though masks are required, maybe 2% actually wearing them. The rodeo is here fo‚Ä¶ https://t.co/xP3BTrka2z"
"@paulie_paulie @KonstantinKisin It may well do, but it still damages the business first and foremost.  You can peti‚Ä¶ https://t.co/r9uSAeBv6A"
@lucymajor0513 @Kw3sX @Nell7619 @KwikWarren it legitimized the narrative that masks don't work for right wingers an‚Ä¶ https://t.co/UugYeHGxti
@Natou_ItsYaGirl I remember protesting against Scientology wearing a guy faux mask and doing cosplay shit. Masks used to be fun.
Also in this issue: Pfizer-BioNTech booster restores #covid19 protection; #Omicron now reported in 20 states; Repub‚Ä¶ https://t.co/Yzk0pnSa2B
@JKBOGEN They are pushing our rights to the limits. Freedom ain't free. And this vaccine shit has divided this coun‚Ä¶ https://t.co/74favv2WbC
Our #NewComicBookDay #StaffPicks are rolling out! Stop by and shop for yourself in-store (masks required!) seven da‚Ä¶ https://t.co/udSARrFiaQ
@GovInslee Still have to wear a mask. I don't have any more hope at all.
"@Bygone1 Right? I have 2 unvaccinated relatives in the same family were hospitalized. Said masks were dangerous, so‚Ä¶ https://t.co/48FP3VZvnU"
"@BigdogCannon @WaitingOnBiden ""Doesn't the air just feel nicer without your masks?"""
@paytaxgetvaxed @TomDawsonDr1 @SportsInsider But he wasn't following the not vaccinated guidelines regarding wearin‚Ä¶ https://t.co/q8C2X0EdbC
@msnutrigirl69 @theasianmom I don‚Äôt wear one in Costco either (just to get in but immediately remove it). Had a red‚Ä¶ https://t.co/lPVq4SBxTv
@ the er i think the woman next to me threw up in her mask and then spat it onto the floor what kinda fucking cave‚Ä¶ https://t.co/h5ygPRnlDR
"@amymick333 @thepredictament Lol yes, my kid‚Äôs principal sent an email telling us to instruct our kids to pull up m‚Ä¶ https://t.co/cqaf38rofC"
"Just added to my tracks on Spotify ""What in XXXTarnation"" by XXXTENTACION, Ski Mask The Slump God https://t.co/wWeVsNZZKg"
@Yameen215 @meechone @HieroImperium @Yameen215 you ain't gettin' off that easy without answering my questions. Hell‚Ä¶ https://t.co/Ip2bqsVB8C
"@TVKev I'm just fed up with seeing this pair and BJ together..fine,tell us to mask up and stay safe etc but enough‚Ä¶ https://t.co/paoCeckTkt"
"@GOP Wait, what?  Encourage people to wear masks then!"
"@monozetta @SDBRMS @SeanLangille @SenatorBraun Since when is someone who wears a mask, gets tested and stays social‚Ä¶ https://t.co/bpEGSeXXIS"
@Superdillin @adamjford Honestly I‚Äôd rather them be spooked out the gate than go ‚Äúoh masks are no longer needed‚Äù pr‚Ä¶ https://t.co/oQ2WW4pJzQ
@Kw3sX @Nell7619 @KwikWarren I wasn't able to read his whole statement about masks when you posted. I had to see it‚Ä¶ https://t.co/fAKmpnvprB
@HugoGrotius7 @jimdorf @aglasheen1 @HeatherLNeary @maureenjohnson I simply said that to point out that it‚Äôs not exa‚Ä¶ https://t.co/mLtxeDnBd7
"Going to my first Kraken game tomorrow. For those who have been, how is mask compliance among the fans?"
"Magneto‚Äôs helmet, Jean‚Äôs mask, Cyclop‚Äôs visor all signify they left the council or captains. They are debating on w‚Ä¶ https://t.co/rWvPdpLIJa"
COVID data from Scotland: - no vaccine eligibility for 0-12yrs - no masks in primary schools (?) - 12-15yrs only 2%‚Ä¶ https://t.co/1TGJhgooM7
"@LoveJeanGrey11 Mask drop, I loved"
@ThePureMagician No worries I didn‚Äôt assume anything :) I can give you some good washable mask recommendations. As‚Ä¶ https://t.co/roqQz1pxkq
"If nothing else reveals to you that the anti-mask brigade in the UK House of Commons is a cult, hellbent on its own‚Ä¶ https://t.co/xTRHyFjnBb"
@ThePureMagician Bouldering :) they require masks and vax records which is one or the reasons I feel safe going
@AJemaineClement Satan Claws finally took off the mask?
"Got a mask for Marduk but not a body armor, but I really want to move on from this game so I'm calling it good.  Final thoughts follow."
"@AndrewScorzelli @maureenjohnson Why not? Seattle has a high vaccine rate, a low case rate, and requires vaccines a‚Ä¶ https://t.co/4RXmimnZvf"
"@McsauceFPL @Eric_Schmitt They don't learn until it comes knocking, not at the numerous vaccine &amp; mask deniers who‚Ä¶ https://t.co/2FhpKdFVnb"
"Won‚Äôt social distance, wear a mask, get a vaccine, and opposes federal efforts to stop COVID transmission. Yet, com‚Ä¶ https://t.co/zoHo0SOg2Q"
@carriepricecox3 @WAquilante @rweingarten Good masks that fit well provide fresh oxygen by filtering out the partic‚Ä¶ https://t.co/QAfYtpZPzY
@KinkTodd @YogurtBadger Ask him about the Diane Rehm gas mask Doritos punishment
"And look, I am in full support of masking when necessary and I was all about stay at home orders last spring. But t‚Ä¶ https://t.co/DZz32CoOfH"
@PaceTheRage @mitchellscomet Same here in the Seattle area. Walk inside without a mask and you will get serious stares.
Masks&gt;&gt;&gt;
@tx_lord @BrooklynFlowe15 @laurenboebert @AOC and still doesn‚Äôt change the fact that you say you want ‚Äúsmaller gove‚Ä¶ https://t.co/StpuYe2yAH
"Which is rough. Not only do I have to stress about drivers not picking me up, now I know that if drivers report the‚Ä¶ https://t.co/lx8fITb8eA"
@Bettswithfive @TrudnowskiDiana @shannonrwatts These kids will change everything. The new NON- WHITE MAJORITY. GOD‚Ä¶ https://t.co/g3aeqJHj9O
@denverpost They need to find a way to interact without anyone being unnecessarily exposed to harm. Masks work in m‚Ä¶ https://t.co/gmIDX3SS6M
"Which is a great reminder:  If you have a service animal, ride shares cancel on you and you suddenly get a notice t‚Ä¶ https://t.co/eDeVxH1ezs"
@JakoWolf @ozthegoatguy @glennkirschner2 @NilooAdili @johnfeal2 I got it from Etsy; is called Magic mask. I have an‚Ä¶ https://t.co/yy1QqdZ6Hf
"@kiltedscotsman5 @MexicanHebrew @JohnToole1 @denverpost So, that‚Äôs not true. But, it‚Äôs impressive how confident you‚Ä¶ https://t.co/anR6Srxqpn"
"I‚Äôve had two customers in a row yell at me when I told them we require masks. So, if you are able to support my Pat‚Ä¶ https://t.co/1JoIegzMyX"
There needs to be an equivalent to tankie for covid fetishists that want us to live in lockdowns and wear masks forever
"Aaaaand there it is, the absolute asshole move from a Lyft driver: he saw my service animal, canceled the ride and‚Ä¶ https://t.co/nkryd0Dpls"
@Harvard2H I know right ü§¶‚Äç‚ôÄÔ∏è I keep telling ppl to wear a mask or two and goggles.
@stargazing90 @denise_dewald Yes! Kids are the primary responsible ones for spreading COVID in the community! It st‚Ä¶ https://t.co/OlZyn2BeoM
@denise_dewald MAKE SCHOOL VIRTUAL NOW!   We know kids are viral vectors ü¶† and that we can‚Äôt trust they will wear m‚Ä¶ https://t.co/2tP4nVIPl3
Tried Twitter support and they basically said ‚Äúdamn that sucks bro‚Äù so I guess no recourse and I‚Äôll be reminded to mask forever.
"@NPR That‚Äôs it. Forbid vaccines, penicillin, face masks and anesthesia. Let‚Äôs just roll back to the 1800s."
Happened to me too. After the pictures it just falls pack to condescending reminders that you need to wear a mask.‚Ä¶ https://t.co/fjGjs4VMjJ
"@Sanagi721 it's SO BAD  like, check this one. there is a sword HANGING IN FRONT OF THIS DUDE'S MASK and he STILL ch‚Ä¶ https://t.co/SyZJEcTtqi"
What people in restaurants you expect her to spot and comment about at 8AM [the time there?]   And the dodh-walla-b‚Ä¶ https://t.co/j5JZYQYKvO
Just saw a dude whose eye bags hanging over his mask. A new level of tired. ü§£
"I work with a guy who refuses to wear his mask correctly *if at all* and what a coincidence, he's loud and never st‚Ä¶ https://t.co/wlvAnwizmz"
Masks should be optional. Period. Great comments. https://t.co/AgVkVQEYfJ
@spoiledlass @drhoctor2 @spunkygaga @latimes I don't get what you mean by that. I live in a great place.  I haven't‚Ä¶ https://t.co/ezb5ngDLwQ
"@RaymondGlomgold Just like Sony keeps hyping that green goblin will have a mask, but a 2nd goblin only has goggles‚Ä¶ https://t.co/TUc6EcpSLJ"
The amount of companies buying into literal money laundering is either incredibly mask off or they're just ran by i‚Ä¶ https://t.co/VmUwTYp3W2
@AlaskaAir on flight 39 right now and don‚Äôt appreciate the framing of pilots and attendants repeatedly apologizing‚Ä¶ https://t.co/dBBshUDJev
People who can‚Äôt wear a mask suck. https://t.co/xFGhWFXZtO
"@swiftfoxfire We all know not everyone is going to get vaccinated or self isolate. So unfortunately yes, we still m‚Ä¶ https://t.co/qtMDyCxYdH"
@AstorAaron Here in Seattle kids still have to remain silent at lunchtime and wear masks at recess.  And this is in‚Ä¶ https://t.co/GFgHJ8xgAI
"In Phoenix and no one is wearing a mask in this Best Buy so congratulationa, the pandemic is over! https://t.co/Pq165104ku"
@McGarnical Felt exactly like this taking mask off outside hotel lobby
"@Suddenly_Rinsuu That‚Äôs it right there: we do not matter. We don‚Äôt matter to them because if we did, the selfish wh‚Ä¶ https://t.co/LH2ybzvQQe"
@naruruchan @usagi_matto My wife says wearing a mask makes it easier for her to go out without a makeup...
"@GabTheCollector Great question! No ""correct"" order, but here's how they were originally presented:‚Ä¶ https://t.co/yasyoO59Ji"
@mtgreenee because people like you won't wear masks or gt vaccinated.
@WADeptHealth Are we ever going to hear what numbers we need to remove the mask mandate???
Since when is a handkerchief considered a viable mask? https://t.co/8B3aeQNvAT
"This makeup held up through hours of mask wearing, I'd say that's a win. Also this was me waiting for paratransit a‚Ä¶ https://t.co/MOCkkPv7qU"
Why are politicians deciding when &amp; where we need mask mandates rather than health care workers &amp; public health wor‚Ä¶ https://t.co/VYaPCCUaUP
@GovInslee Jay can never explain how masks with openings of .3-10 microns can stop aerosols .06 microns in diameter.
"I actually have another Mexican agate necklace already listed, I'm pretty sure these were tourist items.‚Ä¶ https://t.co/hTHVAWqmLT"
#DearCustomer has her mask under her nose the entire time she's in the store. Then proceeds to pull out her own pen‚Ä¶ https://t.co/EX7NgDEOwY
Drinking a No Mask Required by @atlargebrewing at @atlargebrewing ‚Äî https://t.co/NIWUjNVzWe
@StephenSchrank @ashleyhillis @LisaMarieBoothe Soon  keep taking that shot that's caused more deaths after you shee‚Ä¶ https://t.co/DWhz7tp1zN
"Today, Yakima County reported 19 new COVID-19 cases and a case rate of 239 per 100,000. Continue to wear your mask,‚Ä¶ https://t.co/iyHBVSxL64"
@GovInslee So why all the masks and vaccine mandates and lockdowns!?!
"@pgcornwell &lt;opens link and thinks, WHERE ARE THE MASKS&gt;"
I hadn‚Äôt considered how freer I could dance in public at a dancehall because of the masks.
@DrNeenaJha See this is exactly why I laugh at the people who say they NEED to see people in person and without mas‚Ä¶ https://t.co/3kBpEa0UFf
Virus vs. Mask - Size Comparison 3D (Cloth and Surgical Mask) https://t.co/Y9KNYHZVOY via @YouTube
"@DanaBaker Oh yuck. Was his mask hanging somewhere under his nose, too?"
"@Liz_Wheeler @elonmusk You seem to be extremely confused about a great many things. First off, no one ever said ‚Äútw‚Ä¶ https://t.co/G9BbmVOdSf"
@CruzControl824 they don't expire they are doing this so we can't go out in public if they push permanent mask mand‚Ä¶ https://t.co/J1w76nIIEx
"Trumpy whiners ""I LIVE NEAR A SCHOOL AND SEE MASKS ON THE GROUND EVERYWHERE ITS TERRIBLE""  How about you stop whini‚Ä¶ https://t.co/2I8YPniWHd"
@rweingarten My private school has been open fine with masks optional lol
"‚ÄúHey I bought this weird mask in a AAA title two years ago, when are you going to add it to your game???‚Äù  nah u good"
@InsaneWolfyBoi I do rarely but with a mask on
@TheRickyDavila hubby &amp; I got boosted last week &amp; of course we still wear masks in public &amp; soc distance as well üéà
@Kw3sX @Nell7619 @KwikWarren He literally said admitted he LIED because they were concerned with medical staff runn‚Ä¶ https://t.co/oSXWv8X1cT
"@WhooIAmNot good call!! I'd have fled as well. It seems all states are doing things differently, here in WA everybo‚Ä¶ https://t.co/rVy9uiwiK5"
@TheJackalAgenda I had one of the cheep one that some one gave up and it only had a on/off and I should of thought of a mask back then
@ksdknews Why is this so political? Half the state has been going to school all year without mask &amp; the other half‚Ä¶ https://t.co/30VoC7FOQA
One of the little joys in wearing a mask üò∑ is not having to smell (as much) the cigarettes everyone seems to enjoy‚Ä¶ https://t.co/wDmbmZRdEa
"@ChazBrenchley Max is not fond of hats on strangers, either.  Tho as a Pandemic Puppy, she's fine with masks..."
@denise_dewald And some don‚Äôt even work. Need a high quality mask. Cloth or surgical masks alone is just as bad as‚Ä¶ https://t.co/lracO6L9OW
@Twinblade_Frua I wore a mask for the dust mostly. Though I kept the setting low to avoid causing friction burning‚Ä¶ https://t.co/4O3hsFXepS
How are we literally almost two years into the pandemic and people still don't know the mask goes OVER your nose...‚Ä¶ https://t.co/ivwkkoDBm0
"@stlgirlinlex Same here. I‚Äôm a traitor, apparently. Pro mask &amp; pro vaccine. Then again, I‚Äôm immune compromised, and I like breathing."
Laurel Cove Community is hosting a Jingle Mingle at The Cove 12/18/21 from 1-4pm. Make sure to RSVP by 12/15/21 by‚Ä¶ https://t.co/ZCZtadeLOP
And I hope everyone at #TheGameAwards is wearing masks and practicing social distancing. Y'all be safe!
@T1KT0C @OchoCR401 @AccidentalCISO @CisoDisabled @BentleyAudrey @hacks4pancakes @Infosec_Taylor no one has ever loo‚Ä¶ https://t.co/1zJtQg3WWk
@maryhallaren I'm a bus driver. A mask allows me to somewhat quietly vent my frustrations with other drivers on the‚Ä¶ https://t.co/saFxna3GOG
"@Nell7619 @KwikWarren Progressives hate him too, actually. He's very inconsistent, doges blame for things like blat‚Ä¶ https://t.co/DDYWCjmqSJ"
I understand wanting to spend Christmas with your family and I'm with you but stop being such spoilt fucking brats‚Ä¶ https://t.co/m9g9X7JaOz
"@laffingbuddha Your sister is unvaccinated!? üò® If I were her, I‚Äôd get vaccinated today not to catch the Delta/Omicr‚Ä¶ https://t.co/M8Kwg4vJ4B"
"@doctornontrad Depends on the context. Quick trip to the store or outdoor farmers market is a cloth mask, but the t‚Ä¶ https://t.co/WNNEJFiNrG"
"When I start to doubt my new #ADHD diagnoses, I have to remind myself that not only have I created my own behaviora‚Ä¶ https://t.co/bqdAP1X39F"
Love this. It‚Äôs not binary ‚Ä¶ there are degrees to the trade offs we make each day. We need to do everything we can‚Ä¶ https://t.co/7rCtt4AVkQ
REGARDLESS OF ANYTHING SPECIFIC WE FIND OUT ABOUT OMICRON:  1. Wear a mask and distance whenever you are around oth‚Ä¶ https://t.co/TXaBgkhHvl
"This is a FREE event. As Red Barn Events are indoors in close quarters, we ask all attendees be vaccinated and wear‚Ä¶ https://t.co/iLB70E2TPF"
coming to terms w the fact that i will probably never take a dance studio class without a mask ever again. woof.
Dame needs to address the Chapelle mask next lmao https://t.co/Z0pf1WsJuL
@patriottakes SHE LIES.  SHE WEARS MASKS. WE NEED MORE PICS OF HER AT AIRPORTS AND SUCH.
"Discussion w/ @CBSNews on #Omicron. @pfizer booster data is positive news, but we need more real-world data to unde‚Ä¶ https://t.co/QAO8IIipgX"
"Y'all kicking off as if none y'all were ignoring lockdown rules, like nae masks, having parties and visiting family on Xmas üòÇüòÇüòÇ"
@AyyoZack People don‚Äôt think he is because he wears his mask at press conferences
You can't share a smile wearing a mask. #Boston has never looked better... #conversationisfree https://t.co/wIFa2x1INr
@Cbluedreams I'm sorry to hear masks were not being enforced on your flight.  Can you send me a DM with your confir‚Ä¶ https://t.co/ORKopOCheD
@KCPubHealth @KingCountyWA I‚Äôm not afraid just lift the mask mandate who cares about COVID more variants are just g‚Ä¶ https://t.co/REVf0w1oUY
Hey I had a elderly lady get all pissy with me cuz I put my mask before she walked past me with one. Then goin mean‚Ä¶ https://t.co/F5GLMcqZcH
"@moreelen üö©Our masking policy is that you have to wear a mask when moving throughout the building, but can take it‚Ä¶ https://t.co/iSESlrI4mS"
@LouLouJDavies @JamesMelville Except the threat of virus is not as much as you seem to fear. We‚Äôve gone through 2 y‚Ä¶ https://t.co/J0EB44of6J
"@mehdirhasan This will never end. Just tell them that it‚Äôs time to accept that mass gatherings, restaurants, concer‚Ä¶ https://t.co/YMtzrw8imb"
"@KIRO7Seattle I see often people on metro go to the back of the bus, usually the d line, and the do drugs in the fo‚Ä¶ https://t.co/ozu6ZG9sVU"
@PeterHotez Why aren't they talking about this as airborne? Why are actual hospitals mandating *removing* N95 to we‚Ä¶ https://t.co/AKYN4xsSpI
"Is there a ""masks of Wal*Mart"" website?"
Masking in @Photoshop is definitely a combination of steps. 1st is Menu Select &gt; Subject...then using these tools t‚Ä¶ https://t.co/Usr56585yF
"Omicron is all over the news, but if you‚Äôre making healthy choices, it shouldn‚Äôt be a reason to worry. Just stick t‚Ä¶ https://t.co/0nRFmCFIaO"
@grannygrande @hjelle_brian That‚Äôs why I wear masks outdoors too but still stay home 99% of the time. You can never‚Ä¶ https://t.co/JayEfd5QL8
@shannonrwatts But wearing a mask to stop a virus is traumatic
@MightyWhiteDave Sunflower lanyard doesn't make you mask exempt it just informs people you have a hidden disability‚Ä¶ https://t.co/SP0kMYfUrg
Masks will do their best to protect us. Vaccines will do their best to protect us. The NHS will do their best to pr‚Ä¶ https://t.co/wU70Xb2KSH
@SebastianEPayne Do you know why there are still no mitigations for schools? Children are known vectors for‚Ä¶ https://t.co/yBGDsMI1r0
"@GailSimone I got yelled at by a passing car whilst wearing a mask in Eastern Washington, just before Deltas first‚Ä¶ https://t.co/AtG8AEILqF"
"@ally_hutch @PoliticsForAlI Just found out my sister in law has got covid, lives in Spain, double jabbed and booste‚Ä¶ https://t.co/uSzSoZElUv"
#PriceGouging #Boycott #ShopSmall #ShopLocal and be more #selfsufficient when you can. #Reuse #recycle and buy‚Ä¶ https://t.co/AwfQn7ST01
Want this to all end?  Stop compliance to masks and jabs.  That's the #freedomPill
@grannygrande @hjelle_brian Agree STAY HOME now but I don‚Äôt think we‚Äôll be able to *party* next year or for a very‚Ä¶ https://t.co/jBleNHO9qa
"Ryan Neal: ""I gotta get that @SeattleKraken mask - that's lit."" #Seahawks"
"The #COVID19 #delta variant is in the US.  Q: What do we do? A: Get vaccinated, wear a mask, watch your distance, a‚Ä¶ https://t.co/DrUlvAYq5E"
"@mehdirhasan It's weird that they look at an airborne disease, that can be prevented by covering your mouth with ma‚Ä¶ https://t.co/S3Ir4ezJR8"
@alana_ell @RDeckard_2049 Needles and masks in your bio pic  .. what a sad life you must lead
@MarketWatch But I will wear a KN95 mask both ways
@rogerfornm @OregonGovBrown I guess Covid is only dangerous and needing masks while in Oregon huh Governor?
@MrHarryCole No masks in classrooms....
@RcollinsJudon Take those STUPID masks off our kids!! Let them sing!!
"@kprather88 Kimberly, PLEASE HELP‚ÄºÔ∏èMy partner and I are freaking out that even though we are isolating in our condo‚Ä¶ https://t.co/QakxiMD3zl"
@DiaryofaSickGrl A couple weeks ago in physical therapy I was lying on the table &amp; she meant to lower it a little b‚Ä¶ https://t.co/bC9z7pTHFB
@AussieBen Tex Avery did it too (as imitated in The Mask)
@KIRO7Seattle Mask üò∑ goes OVER the nose üëÉ not under the chin
I nose üëÉ did not see that mask üò∑ https://t.co/XCMLhnxSsy
Third! On Vaxx requirements &amp; masks!Safety of everyone else is the key. Sorry you still don‚Äôt get that after two years of this nonsense.
He's an idiot. Masks indoors but not in schools. Work from home but go to Xmas parties https://t.co/kALMEps8Ws
i can still feel my brain on edge because something bad is going to happen but its far less immobilizing than it wa‚Ä¶ https://t.co/qRllG1XZvz
@JNCO_Maxxing I love nationalism. America first. These guys look a little phony TBH. More like Antifa pretending to‚Ä¶ https://t.co/7twxC8nOJB
"@shinyandnew70 @Keir_Starmer And it got the SNP nowhere, the Tories are far more upset about having to wear a mask."
@jrrr1510 @b_davis84 @Keir_Starmer The Tories are more upset about having to wear a mask.
Well im at the cinema  Socially distanced of course as there only 4 other people in this screening at the moment wi‚Ä¶ https://t.co/J1f8KBnrpH
Authoritarianism is when I have to wear a mask to shop. https://t.co/YIAXVYAjtw
"CDC recommends everyone ages 5 years and older get a COVID-19 vaccine, and everyone ages 18 years and older get a b‚Ä¶ https://t.co/ES8rr8zPlk"
"@JessForbes15 @phat_natsAFC @NotAfcMase https://t.co/IsRBIYS8cM  Ok, so how about the world health organisation"
"@wrath_776 @dammitjax Like bitch if you wanted ""normal"" you should've gotten vaccinated and worn a mask?"
Wear a mask üò∑ get a booster üéÑüíñüí™üèº https://t.co/RQwDwDRo18
@wrath_776 @dammitjax I'm so glad our league is both (a) practicing and (b) taking serious precautions to avoid tra‚Ä¶ https://t.co/Dlp3qgBC84
wearing a mask is covid protection AND keeps the nose from going all Rudolph in the cold  üê¶üê¶üò∑
"@dorapr1307 @KonstantinKisin Exactly, most people are happy to wear the masks in return for a night out. Public opi‚Ä¶ https://t.co/RmiwcZBgAG"
@waitbutwhy It won't feel icky when we've normalized masks.   After 2 years I wonder if that'll ever happen...
Don we now our stay-healthy apparel... https://t.co/k894JXqR3c #NotTodayCOVID https://t.co/3nRjxUO1Zd
"I said bringing the masks back was to test the water, a lot of you plonkers complied and look where we are at now!!"
This rant should be what people are yelling from their rooftops. Yet what do I see around me? Most people still wea‚Ä¶ https://t.co/0RT78FaMSr
Anyone criticizing another person for wearing a mask can go to hell.
"‚ÄúWorking in intensive care, I wept behind my mask, as three children talking to their dying mother on an iPad - beg‚Ä¶ https://t.co/y7u0kw3Qpb"
@Anas_Sloth @dezmo89 @KonstantinKisin Actually you will. The majority of the public are happy with masks etc as absurd as they are.
I have friends who wore the mask because they didn‚Äôt want the aggravation. That went well.
"The MCU beat COVID by chance with the time skip, but now that the multiverse is pouring in, they don't stand a chan‚Ä¶ https://t.co/nRroqyRruX"
Vax &amp; Mask. We are all in this Together. Masks continue to be important layer in stopping the spread of COVID-19.‚Ä¶ https://t.co/9ZiXPvoqLa
Vax &amp; Mask. We are all in this Together. Masks continue to be important layer in stopping the spread of COVID-19.‚Ä¶ https://t.co/KzvmLrN1Ir
@raptvcom Disrespect to ski mask üòî
"@cat_elm I'm starting to think that my true calling is supplements, not original games. I have‚Ä¶ https://t.co/LAApnPkKog"
Vax &amp; Mask. We are all in this Together. Masks continue to be important layer in stopping the spread of COVID-19.‚Ä¶ https://t.co/hnKop8Awzv
"What is Plan B?   üñä People urged to work from home where possible, from Monday  üò∑ Face masks to be required in more‚Ä¶ https://t.co/w3tWqe0i2Z"
@KeithRhodes29 @Softykjr Spectacular at taking the ball off his face mask? He has been laughable at times. You soun‚Ä¶ https://t.co/o3jrGJJ8xb
I would like to downgrade my iphone to the Touch ID. The face mask thing is a pain for the face scanner.
@jeffparker @GWillowWilson That is a good point. They've realized they don't need to keep the mask on. All the subtext has become the text.
"@Rochelle A sign in one of my favorite bars: ‚ÄúButts up, mask on. Butts down, mask off‚Äù"
A new variant so contagious and potentially dangerous that not 1 of those 3 on that stage are wearing a mask
It‚Äôs GAME DAY for @EdmondsHoops!   üÜö Alumni üìç Seaview Gym ‚åöÔ∏è 7 p.m.  üé• https://t.co/jsyYKDtqON üéü $5 üîπ Health attest‚Ä¶ https://t.co/55PhLYWDUl
"@RiMeLFC I'll carry on doing what I think is best for me and the people around me, which is wearing a mask, careful‚Ä¶ https://t.co/upnKs6xlWt"
I wonder if I'll get to see @GaryBarlow next week or not.... stoopid covid!! To be fair a concert whilst meaning a‚Ä¶ https://t.co/zX3lOStTZ5
@Sandyboots2020 @nadhimzahawi Am i right in thinking masks for theatres and cinemas but still not classrooms?
"@AnnaVanZee Masks are symbolic, there is a tonne of science to show they are ineffective, it's about control. Peopl‚Ä¶ https://t.co/PVCgonoxhH"
"New Covid measures for England announced today:  ‚Ä¢ Covid passports in ""certain settings"" like nightclubs ‚Ä¢ Work fro‚Ä¶ https://t.co/5fMZEs6zTW"
"Groups of three.... Sinister and Exodus are missing someone (filled in by Death??) Scott's visor, Jean's mask, Erik‚Ä¶ https://t.co/2YiCXfIpAT"
So I don't need to wear a mask in the pub as its capacity is low. Got it
"@MySFBoys @Marvel @kierongillen @LukasWerneck @MarkBrooksArt Erik's helmet, Jean's mask and Scott's visor....  Prev‚Ä¶ https://t.co/8saP2f45lR"
Vax &amp; Mask. We are all in this Together. Masks continue to be important layer in stopping the spread of COVID-19.‚Ä¶ https://t.co/6NqV00MjWm
@TMasstronaut @Dierenbach The entire state of Washington still has a mask mandate üòí
Great to see Priestfield will be a mask free zone https://t.co/skUgK0aAfb
Legal requirement to wear face masks to be extended to most indoor public places
"Your #GOP: Working to weaponize religion, attacking abortion, same-sex marriage, voting rights, the Affordable Care‚Ä¶ https://t.co/bQC4JnJX9e"
@Liz_C_Miller not at this time sorry! we do sell Pagliacci masks tho! https://t.co/z9vadiXDGn
@MihailsCdoleman @BorisJohnson Wish everyone was as sensible as you Michael. In the US its worse- people are protes‚Ä¶ https://t.co/ydE2AUZRTt
@MuseSeeking @jce0912 @vanae718 @rweingarten Lots of people who troll Randi daily think you shouldn‚Äôt have had any‚Ä¶ https://t.co/PkOmg1phAx
"@seananmcguire I found this tolerable because of ECCC's vaccination requirement, but I can sympathize with your rea‚Ä¶ https://t.co/HRrliZivAg"
"@PegLulu2 Yes, I mask everywhere I go. And I‚Äôm triple vaxed."
@DanRather Wouldn‚Äôt it be nice if people just got the message and pulled the darn mask up over their nose and it wasn‚Äôt a ‚Äúthing‚Äù?
@asjbri Hahahhaa your mask is cherished by me still...and perhaps only worn for mostly outside outings
We're learning more about the #omicronvariant every day and our advice isn't changing. The tools we have and the sa‚Ä¶ https://t.co/ju9vXXoVD2
"‚ÄúEven if masks and vaccines were proven to be 100% effective, would there exist a justification for mandates?‚Äù  by‚Ä¶ https://t.co/0dQ2GM6VOk"
US politicians need to recognize the groundswell of discontent over their support and propagation of the lies requi‚Ä¶ https://t.co/HZwzLw0aOv
Me: OMG A CUTE MASK I LOVE THAT THEY SELL IN XL!!  Seller: LOL SOLD (out) https://t.co/5GAZQVQMfV
"@Eksman_mc Im at disneyland paris atm its already here. Need covid pass to enter disneyland, all the hotels, needed‚Ä¶ https://t.co/7DXaqabpfF"
"Imagine a day when you reach into your pocket and just find a misplaced credit card, and not a mask"
@_EarnieBanks @YoungFated @HarveytheHaint Lol it really depends where you live because I am required to wear a mask everywhere I go.
"@TheScientist_76 @newsmax Virus didn't ruin lives and businesses, and pull your kids from school, Democrats did. En‚Ä¶ https://t.co/Bei5WLnxRh"
Hooping with a mask on has to be the dumbest shit ever üòÇ
"@joey_bagga @tomcat23ta Mask colored, because I‚Äôm not taking it off around (shudder) people."
@ReecieColbert I live in an area with mask mandates so everyone is masked up.
"@KirseyBelle @GovRonDeSantis Thank you, I will dm you in the future ‚ù§Ô∏è my main goal anywhere I go is to find good s‚Ä¶ https://t.co/nUYCIxjCqf"
It's too traumatizing for them to wear face masks but.... https://t.co/3guyx4lkff
Watched a dude put his whole hand into the mask box on the bus and grab around before taking one out and proceeding to not wear it
"@ReecieColbert I'm vaxxed and boosted and my teens are vaxxed, and they get batch tested every Monday at school.  I‚Ä¶ https://t.co/1OOuFQ8yM5"
OFFER: PJ Masks cloth toy holder (Kirkcaldy KY1) https://t.co/8JSvLlUj5c https://t.co/JLkVMlUULP
Wear your mask. A lot. https://t.co/UjJgEQehO0
filmed a very special sad Christmas music video last night (watch this space for more about that) and realized that‚Ä¶ https://t.co/ua4CRgFPn0
JUST realized mask message.. #2022 B*tches!
@DingsLord @BiscAnemone @JScib518 @barstoolsports @DogWalkBarstool That's why I loves Scream. While the mask terrif‚Ä¶ https://t.co/3BBQJNiyGz
"@MtnMorticia Your reply when someone said only 6 states have mask mandates. ""Six states too many. Mine included."" T‚Ä¶ https://t.co/zWj8BqqeYb"
"@BorisJohnson  NO plan B. Time to stand down. No masks for you Mr Johnson, not even in hospitals, yet you attempt t‚Ä¶ https://t.co/emWaeE7IbX"
Miley Cyrus‚Äôs album getting a perfect score but not alt rock masterpiece The Million Masks of God by Manchester Orc‚Ä¶ https://t.co/nbJK4ZPrZE
"The ascent grew #steep, almost vertical. Sejun glanced back at the two men struggling along behind him. They‚Äôd put‚Ä¶ https://t.co/wDNHuLY1yK"
"@anet2111 Ha! This makes me come unglued! I can wear a mask, no problem, but you better not move the fresh pasta!"
Covids been here 2 years. All these constant changing of rules is bollocks. I can‚Äôt work from home. I vaccinated tw‚Ä¶ https://t.co/sxrYDHCLmw
@_EarnieBanks @YoungFated @HarveytheHaint It‚Äôs literally a state mandate to wear masks here and it‚Äôs still an argum‚Ä¶ https://t.co/XL1HXbKJ8k
@LonWhittier @mspmichelleyg Haha I love the mask combo!
@dvmMomof4 @MemoriaPress Good luck to you‚Ä¶ do what you‚Äôre able to protect your kiddos‚Ä¶ even if the mask mandates ar‚Ä¶ https://t.co/IS4Q3u7enx
@lorewilbert Can grace get through face masks? üò∑üòÇ
@gabe_monroy @jaredpolis I literally got told to put the mask on if I stood up and reached out to grab a tissue at arms length‚Ä¶
@nws13 @AlanGrinch @goatzil10 @FootballlForAll @DailyMailUK I don't mind the vaccine passport even if I am not a fa‚Ä¶ https://t.co/GfhSrG48fh
@JM__212 @JenniferMarino @uche_blackstock I don't think we'd be having the problem if everyone (or at least a huge‚Ä¶ https://t.co/PHh2IzRJmg
"@JVR926 No fear, no vax, I also don't shop wearing a mask. People are more comfortable with it now as well"
He had the gall to whine like spoiled brat about having to mask up while dropping stuff off to her in the lobby of‚Ä¶ https://t.co/p40twY5FP9
@HarrietFeagin Healthcare settings are probably the one place where masks actually make sense lol
"@MafiosoRo It hides most of my expression when people are pissing me off. Also, I unconsciously stick my tongue out‚Ä¶ https://t.co/xE8fDVQ14B"
"Mask up. Protect yourself and others. Use your common sense. Any other restrictions they try, as a nation we tell t‚Ä¶ https://t.co/of8CGxamfS"
"Vote in the Council by-elections tomorrow in Kings Hill, West Malling &amp; Leybourne. Safety measures will be in place‚Ä¶ https://t.co/R7UqCFGhjc"
@graciefacelove @erichhartmann @POTUS And don‚Äôt forget to sanitize your hands before and after touching your mask:‚Ä¶ https://t.co/MLli5qfnX6
@FeelFreeToPanic What? That‚Äôs wild to me. I live in Seattle and I can‚Äôt fathom not having a Nordstrom store for the‚Ä¶ https://t.co/rCc3H9jjf7
"I have no problem with people not wearing masks, not getting vaccinated or staying away from inoccent mindless idio‚Ä¶ https://t.co/m3LehfzBAq"
@safetoms Proud of his win and also very proud of him for continuing to wear a mask in public!!
and just who made this situation? who was in charge when the pandemic hit? who ignored it? who equated wearing a ma‚Ä¶ https://t.co/WKtoiYN4KK
"@Breaking911 Come on people, it‚Äôs really not that hard. All you need is 37 boosters, which will make you immune on‚Ä¶ https://t.co/LU0kUgjxzl"
"Having the wrong national political leadership definitely makes things worse for any country, but you can't just vo‚Ä¶ https://t.co/tZp8BtWtZ5"
@HA11NNH Haha wear a mask
"The #1A and constitutional, representative democracy remain suspended in #WA, as @GovInslee continues to break the‚Ä¶ https://t.co/FKoi2cjeEE"
"@elgande52 @cjbearcpfc Agree... But trying to be a ""good law abiding citizen""üòâ But after feeling like crap, after 3‚Ä¶ https://t.co/eUqOt4AIeZ"
@sheltondesigner Still continue to stay home and when you need to go out for an ESSENTIAL trip ‚Ä¶ mask up! Even thou‚Ä¶ https://t.co/f60doOw9yS
"the PM can quite frankly f off. i spent christmas alone last year, as did my 90 year old nan. i'm all for masks and‚Ä¶ https://t.co/nhGYQzX4xS"
I‚Äôm actually really lost about what the government are implementing for covid now like I had no idea about masks in‚Ä¶ https://t.co/MQAudNhMlP
"@cjbearcpfc Chris I agree, but the ""Covid passport"" has been a joke tbf. I update it regularly, since the start of‚Ä¶ https://t.co/42VqxEWyZt"
@ElspethElspeth @RhonddaBryant He's glad he's wearing a mask for a change - but just the eyes give away the fact th‚Ä¶ https://t.co/prrW6D3ZPb
@CavalloAnita @SenTedCruz All things that have a DIRECT 1-to-1 relationship to the matter they are to protect you against. Masks do not.
"In all seriousness - and I‚Äôm a triple vaxxed, mask wearing and law abiding citizen - there is nothing #BorisTheLiar‚Ä¶ https://t.co/N4AqYcAe1t"
@PoliticsForAlI Never going to work in a million years. Fewer than half of the people in the shop this morning wear‚Ä¶ https://t.co/h0yW9BURke
"@woye1 'Vaccine' doesn't stop 'cases' my brother. See Israel, Gibralter, Seychelles, even UK.  Contrast with Sweden‚Ä¶ https://t.co/nLCbt5gvMB"
Mask wearing ‚Äòcuts risk of catching Covid by up to 225 times and more effective than social distancing‚Äô https://t.co/gvbdLNe7rG
"@MyrrhKat Same at my job, they don't give me grief about wearing my mask below my nose.   They tried telling folks‚Ä¶ https://t.co/lUMqaezbiF"
Conspiracy theorist shoots two dead in Moscow after being asked to wear mask https://t.co/da3HYg9agh
@GordonRupe @Wonderful_Ed People were more concerned about me having a mask then me being a homeless Vet.  On the b‚Ä¶ https://t.co/T4lKoWk7RF
@vampirecoffee Though I have seriously considered getting contacts since covid because masks and glasses do not mix well
"Just added to my tracks on Spotify ""H2O"" by XXXTENTACION, Ski Mask The Slump God https://t.co/51UBHoQT5J"
"Struggling with social ""masks"" and various identities, losing your perception of reality, death... and at least one‚Ä¶ https://t.co/EG4Tc0mL35"
@LatexModel Hey I have this mask too! But I could not pull this look off. Corsets a a bit tough for me!  This is a‚Ä¶ https://t.co/mbLcyZy2NY
Get my art printed on awesome products. Support me at Redbubble #RBandME:  https://t.co/1s1ASvKYAj #findyourthing #redbubble
Face masks are the new cigarette butts on the ground https://t.co/WPSJBpqple
Every üá™üá∫ mask sold on https://t.co/vqbOzdOGm7 raises ¬£4 for #ProEU anti #Brexit causes; ditto 50% of all income fro‚Ä¶ https://t.co/IHDUwyi0GT
@battleaxeBrit1 Because they say the masks are to protect others. üôÑ
"@DjtTyler @AllenShrugged @apoorva_nyc @emirates What @DJTylerTy said. Not a healthcare worker, so not fit test not‚Ä¶ https://t.co/vS9S42U1ho"
"Exactly this   If it was as bad as they have made out, then they wouldn‚Äôt have flouted their own bullshit ‚Äúrestrict‚Ä¶ https://t.co/FAvAKGw7u8"
@Golden1Center apparently has a mask policy #notsafe #COVID19 https://t.co/lyoN2ZFyOB
@DrEricDing Don your masks. Be sure it's over your mouth AND Nose.
@Pinkladyxxxxx @Se_Railway That is a great shame but reminding people that masks are mandatory doesn‚Äôt have to be c‚Ä¶ https://t.co/Ubdqiy8AYm
"So tempted to move out of this state just to have freedom. But my family is here, and where would I go? My 1st grad‚Ä¶ https://t.co/He8NtFGE5e"
"@WADeptHealth And in the meantime, wear those #Masks #mask #Omicron #COVID19 We are in this together! https://t.co/hy9dbZM30Z"
@Se_Railway I commute every day and I have told you before that I haven‚Äôt heard any announcements so this just isn‚Äô‚Ä¶ https://t.co/D1LAYzlze6
"Good morning @Se_Railway there are people on my train without masks on. There are still no announcements, no signs‚Ä¶ https://t.co/NoTJ1V5mw9"
Felt like a fool today when I went to a law office &amp; found I was the only person there wearing a mask. Fear of Covi‚Ä¶ https://t.co/PTATmzgiq9
"A photo of you from early 2020, not knowing what was about to come.   I seriously cannot get over how little my kid‚Ä¶ https://t.co/174QvuAKIl"
@nichegamer Uh oh guess you forgot your mask
"@realmikeclarke Who is arguing that these are the only harms?   Shouldn‚Äôt unnecessary ones, or those which show no‚Ä¶ https://t.co/U0T0FCnQBO"
"@AnimeShitTaker That is a good theory. But he‚Äôs walking with a person who can look at him, so why would he go strai‚Ä¶ https://t.co/Eq48eIvZZJ"
"@TJberetta I was in a grocery store today and 25% of customers were not wearing masks, two hardware stores 20%, dru‚Ä¶ https://t.co/bbEQzh0EAa"
@realmikeclarke I‚Äôm guessing you don‚Äôt have to wear a mask 6 hours per day and eat lunch facing forward in a cafete‚Ä¶ https://t.co/lIT1kLbBWS
@watermelonpunch EXACTLY!! Right wingers want all restrictions to go as soon as COVID cases go down a little. As if‚Ä¶ https://t.co/qQNWCwAggh
Hopping in masks is an automatic Lü§£
Face masks DO harm children's development: Study blames them for 'significantly reduced' development | Daily Mail O‚Ä¶ https://t.co/Fi95JdqDVD
@reader_outside I'm surprised no one went with my first thought to start an @Etsy mask business... honestly though‚Ä¶ https://t.co/ONYNVRSVvK
Going to the nutcracker kids ballet this weekend. It‚Äôs at the school but not a school activity so anyone attending‚Ä¶ https://t.co/fKtzEsLaBr
@TomthunkitsMind And people still don‚Äôt want to get vaccinated. With all the things that can happen after you get s‚Ä¶ https://t.co/YeZoni0KqI
I know he was muttering under his mask https://t.co/iOikHnz2Am
- no one can see my patchy beard  - no pressure to mask or mimic facial expressions to appear less flat  - always w‚Ä¶ https://t.co/ba4VABSwMa
"I might pick this up again tomorrow and play until I get armor and mask gear equivalents, then I'll probably do a f‚Ä¶ https://t.co/Xwo0wATEFL"
Legend of Zelda: Majora's Mask - Collector‚Äôs Edition - N6... ‚Äì $3499.99 https://t.co/QidLZzPmWi https://t.co/Y9twFsRwnB
@PetraStPete @GeorgeD15259501 @suZen @Stonekettle Didn't seem necessary as reality deniers don't accept reality no‚Ä¶ https://t.co/tAVnzaVuiT
@ajlamesa that kn95 mask looks kind of loose lol
"@aarenp @transitdude We are all vaxxed, boosted, and masked. Like I could get a 7 y/o to wear a mask if his parents weren‚Äôt!"
@DavidMooreSEP Except there is now a very effective vaccine &amp; kids &amp; teachers can all be vaccinated. Everyone is we‚Ä¶ https://t.co/7zIUKtr7s3
"@bodydystopia Don't ever wear a mask again sis! (To hide, I mean)"
"@realmikeclarke I would say, my off-ramp is already empirically demonstrated. The relaxation of K-12 mask mandates‚Ä¶ https://t.co/mTHP1yvYxZ"
"@realmikeclarke She is pretty nuanced, for sure. That‚Äôs why I shared it. She does however discuss and link to studi‚Ä¶ https://t.co/PV8IADZt1j"
"@stevemur You don't seem to be reading these articles in an evenhanded way. She says: ""It remains extremely difficu‚Ä¶ https://t.co/JdxAgUlTL3"
@realmikeclarke If you can point me to the empirical data which clearly shows that districts with masks had lower h‚Ä¶ https://t.co/1qxFyKx0pH
@uwleah Late Feb 2020‚Ä¶. Came back to SeaTac seeing a guy in a full gas mask‚Ä¶. https://t.co/a64WyiBmrx
"I don‚Äôt wear a mask into retail unless an employee asks me.  If a fellow customer is to say something, I will infor‚Ä¶ https://t.co/1j0WqbATqv"
Vax &amp; Mask. We are all in this Together. Masks continue to be important layer in stopping the spread of COVID-19.‚Ä¶ https://t.co/38N7usLBDG
When we got to the part of the finale that talks about how media impacted Mark I thought ‚ÄúYES! We‚Äôre going to‚Ä¶ https://t.co/3ZDAfchafx
@realmikeclarke A very good piece from Brown University researcher Emily Oster. Masking for kids is not harm-free.   https://t.co/qgCpWvHHa7
Vax &amp; Mask. We are all in this Together. Masks continue to be important layer in stopping the spread of COVID-19.‚Ä¶ https://t.co/yVRWgYfg2D
Vax &amp; Mask. We are all in this Together. Masks continue to be important layer in stopping the spread of COVID-19.‚Ä¶ https://t.co/ua5bPgCm1A
"@VanillaBepis I feel that so much, between the masks, plexiglass, customers mumbling, store music, and all the soun‚Ä¶ https://t.co/5CLXjHEQoV"
"This guy is literally the lucha stunt double‚Ä¶it‚Äôs Sin Cara with a Mysterio mask, only thing different is the Flex K‚Ä¶ https://t.co/ZlrstmQqzG"
@realmikeclarke This finding is surprising. But it‚Äôs true. We do not see terrible COVID health outcomes for school‚Ä¶ https://t.co/GCWvwzWFlq
@realmikeclarke I -don‚Äôt- put sole emphasis on credentials. I do think the thousands of natural experiments we have‚Ä¶ https://t.co/D1udkrJRcm
@EricMMatheny Seriously!?! Hoe many f*cking Americans have died because people refuse to wear masks and spread (and‚Ä¶ https://t.co/MYvmzkvs7q
"@stevemur I can cherry pick too:  https://t.co/ScPqDAONmD  What matters is the public health officials, with creden‚Ä¶ https://t.co/2LO4GlMNgg"
"Nice to see more people from 8 to 80, shopping without masks. People are starting to not trust the vaccine salesmen and women."
"Jabs, and masks... And another jab. And another jab. All while masked. https://t.co/WIvcUj7LPB"
"air purifier with HEPA filter, COVID supplies (home testing kits, pulse oximeter, N95 masks, etc.), portable heater‚Ä¶ https://t.co/AfVHaE2FnA"
"@nukajess Do you really love laughing, Diane? Or is that just the mask you wear publicly?"
"@centerepublican @nathaliejacoby1 Never get in an elevator without a mask!!! Elevators have limited ventilation, if‚Ä¶ https://t.co/F2hrxE5MEM"
@realmikeclarke If credentials matter to you (2): https://t.co/JQsmulpPIW
@bertjwregeer I have that mask... #emotionallyExhausted
@realmikeclarke If credentials matter to you:  https://t.co/cX14wULIkZ
@nursekelsey I think pants are more annoying than masks
@MehdiHasanShow @mehdirhasan Along with N95 or KN95 masks!
@DrTomFrieden Not this one. No masks. Never been tested. Worked in a large office the entire time. Vacationed multi‚Ä¶ https://t.co/JbQFK1yzkP
"I went to the gym and closed all the rings and lifted some weights. Best of all, I had some exercise endorphins, wh‚Ä¶ https://t.co/sJKMLei7bJ"
"If someone *removes their mask so they can cough loudly and messily into their hands*, does that constitute assault‚Ä¶ https://t.co/S60hOJP2DO"
@BetteMidler @sandibachom Or they wear mesh masks. Or ones with valves. https://t.co/yjtSz8LzhG
Waves of Fear by Lou Reed from the album The Blue Mask
‚ÄúI‚Äôm being bad and not wearing a mask‚Äù lol.
"@stevemur And there are also transparent masks, like these: https://t.co/knq7IAV6nM"
"@LauralWilson2 @HinckJon @PerryPiacenti @JakeEvansGA I have flown multiple times including Mexico, California and A‚Ä¶ https://t.co/sqYF9d10Wl"
@MLE_Online That's pretty neat! I have a little web UI on my 64x64 matrix and it's fun to swap gifs mid-meeting.  I‚Ä¶ https://t.co/WjvbCroT43
someone please drop cse 484 a and ac for me plz i‚Äôll give u a big ol smooch(mask on)
"For Advent. Join Pastor Tad and guests for a short reflective liturgy of music, prayer, and poetry around themes of‚Ä¶ https://t.co/UCR5h3H6as"
A room full of people who have been unmasked anywhere from 5 minutes to an hour yell at the newcomer for not maskin‚Ä¶ https://t.co/BPi7JBgtNq
Vax &amp; Mask. We are all in this Together. Masks continue to be important layer in stopping the spread of COVID-19.‚Ä¶ https://t.co/d5C6MPMufl
Vax &amp; Mask. We are all in this Together. Masks continue to be important layer in stopping the spread of COVID-19.‚Ä¶ https://t.co/7Ocv394bTj
@MartinKulldorff So true! I live near an Indian reserve as well as South Asians and they‚Äôre smart none of them are wearing masks
"Halloween 1991 to be revisited again this weekend. I did like this line, ""It was as sweaty, wild and glorious a scr‚Ä¶ https://t.co/RujuoY5g1h"
Vax &amp; Mask. We are all in this Together. Masks continue to be important layer in stopping the spread of COVID-19.‚Ä¶ https://t.co/sPv7ABVnfT
"Coming up this weekendüò±  @takewarningsea presents  Sunday December 12th 2021  @craigowens of Chiodos, D.R.U.G.S, Ci‚Ä¶ https://t.co/GCvYSvSX3R"
"@SPRNGLK5 @glennkirschner2 @NilooAdili @johnfeal2 @ozthegoatguy Welcome. I have another programmable LED mask, also‚Ä¶ https://t.co/v3riCve9uL"
"@SPRNGLK5 @glennkirschner2 @NilooAdili @johnfeal2 @ozthegoatguy I got it from Etsy last year, it's called Magic mas‚Ä¶ https://t.co/1G8nTx9jCR"
"@JenT32856335 @LastGreatAct What we‚Äôve seen is the White House and CDC devolve decision making to the local level,‚Ä¶ https://t.co/fMPTOuZYuc"
served a customer who looked a little too much like paul thomas anderson behind that mask https://t.co/sE6VsSrEPK
My mask i got on at work got me looking like a whole mortal mom at character
Also just don‚Äôt do anything you‚Äôre worried about the safety of just cause other people say it‚Äôll be fine. Your comf‚Ä¶ https://t.co/0uMkdev00B
In a Dec. 3-6 Ipsos poll  52% either had not heard of or knew almost nothing about the omicron variant  65% support‚Ä¶ https://t.co/Nd6KuSENxz
"@WADeptHealth @WaHealthSec Can‚Äôt wait to get information on why WA state is one of 4 states mandating masks, and wo‚Ä¶ https://t.co/Q0rM28AAUf"
@almightygod Abortion bans. Laws against slavery. Women's rights. Laws against sex trafficking. Statutory rape. Law‚Ä¶ https://t.co/hzFUa6uKir
@koreandahaus No one wears masks where I live except in medical places
Arizona is more lawless then Miami with the no masks üòÇ Washington sucks
It used to be folks left Washington State for Arizona for the sun. Now I  am hearing of more and more folks fleeing‚Ä¶ https://t.co/5fW0CBsDoY
"@monicakim524 And then Barcelona at the end was great, everyone there was really good about masking, many people ev‚Ä¶ https://t.co/GCrLV2gpPO"
"@Fraud4Less I feel like Bela Lugosi when I have my mask on, you know, when he used his cape to cover everything bel‚Ä¶ https://t.co/ELI9vSyJQg"
@Dr_RohenKapur @CromwellStuff ‚Äúwe find that the intervention led to a reduction in COVID- like symptoms under eithe‚Ä¶ https://t.co/Eyp3YmieLA
Vax &amp; Mask. We are all in this Together. Masks continue to be important layer in stopping the spread of COVID-19.‚Ä¶ https://t.co/h86llpFJ77
Had to take a Lyft today because my car was in service.  Driver said he was double-vaxxed and that if I wanted to I‚Ä¶ https://t.co/RB197tQrB4
Me to the two people not wearing masks @Target https://t.co/1FYwp0eJ4r
Pelosi Staffer Who Mask Shamed Republicans Out at Speaker‚Äòs Office https://t.co/ESL4izPCc0 via @BreitbartNews
"I got approached by two recall sawant canvassers without masks on Broadway today, and that‚Äôs a double hell to no **‚Ä¶ https://t.co/VSNEEqcwFs"
"Given our current situation with Delta &amp; also the new variant, what better gift than a cool, classy facemask featur‚Ä¶ https://t.co/lUI0ZJb9cf"
@LisaJay999 This woman warned the world about kids and masks   https://t.co/05mILV5mdt
@DrEricDing I've been wearing masks indoors for two years now.  Who are the morons that arent?
"Odd.. in the 80‚Äôs, when conservatives were convinced HIV was airborne contagious, they had zero problem wearing mas‚Ä¶ https://t.co/u3cxGiD92l"
@ericacbarnett Lmao me about our high mask wearing
New fave thing to do in Vegas during this pandemic (I‚Äôm here for work not fun)‚Ä¶ Follow along behind stupid white pe‚Ä¶ https://t.co/oECBlwFlDf
"Long before Covid, I wore Vogmasks to avoid getting other people's colds and flu and also to protect myself from du‚Ä¶ https://t.co/9GWtAmJ53N"
"@realmikeclarke In schools, does it? That study cited above found no correlation with such mandates. Have curves be‚Ä¶ https://t.co/gwaFTEa3dj"
"@realmikeclarke You seem to be assuming that masks are worth the social, developmental and learning-loss harms, pre‚Ä¶ https://t.co/XEQQBVTrcl"
"@realmikeclarke ""We do not find any correlations with mask mandates.""   Are there clear correlations in hospitaliza‚Ä¶ https://t.co/JSH9Ksnltt"
@cahersiveeen that‚Äôs what masks are for!
@stevemur And we've been able to go from Zoom to in person with masks; that's an improvement. Face shields instead‚Ä¶ https://t.co/19jB5FxkVT
@TamiSFGiantFan @wannabeunderwtr The existence or non-existence of a mask mandate in a blue county is not an opinio‚Ä¶ https://t.co/uXIkcFRORM
@toxicnoodlee Oh girl I got you!   1. Make sure you wash your masks with gentle detergent (nothing to floral or che‚Ä¶ https://t.co/NpLvH3mdBJ
@fuggirls I accidentally put a bold lip on the other day and looked like 1997 Courtney Love as soon as the mask went on.
@TamiSFGiantFan @wannabeunderwtr It‚Äôs a fact that 1) many dem-controlled counties and states are not exercising imp‚Ä¶ https://t.co/1imZXmqBSN
"@stevemur My main obj. here is framing this as if the absence of evidence is evidence of absence, when downsides of‚Ä¶ https://t.co/XZJDCV3AMH"
"@EricRWeinstein It's the formulation of the question, health authorities love to ""do something"", there is no way th‚Ä¶ https://t.co/L2dYD6K8OZ"
@stevemur The counterarguments are that you can accommodate those who read the spotty science differently than you‚Ä¶ https://t.co/gN33n5fjRY
I do not practice social distancing anymore and I wear a mask as little as humanly possible.
It‚Äôs about 22 months into this thing. Some of you need to wash your masks now.
you‚Äôre nasty if i can smell you with two masks on
Vax &amp; Mask. We are all in this Together. Masks continue to be important layer in stopping the spread of COVID-19.‚Ä¶ https://t.co/EwXdhld3s9
Vax &amp; Mask. We are all in this Together. Masks continue to be important layer in stopping the spread of COVID-19.‚Ä¶ https://t.co/g8LsWKzFsi
"@ConnodoreCrunch So there's a question you can ask literally any Masks player who says ""my power is X"" at chargen,‚Ä¶ https://t.co/tQHwMb1kFY"
@DoNSicKaRiO1 @JoseO21 Hope he puts his mask back on! üëÄ  https://t.co/sRR994mHOV
Vax &amp; Mask. We are all in this Together. Masks continue to be important layer in stopping the spread of COVID-19.‚Ä¶ https://t.co/CXTEuG6UJb
Vax &amp; Mask. We are all in this Together. Masks continue to be important layer in stopping the spread of COVID-19.‚Ä¶ https://t.co/TDPtiHQKMW
Vax &amp; Mask. We are all in this Together. Masks continue to be important layer in stopping the spread of COVID-19.‚Ä¶ https://t.co/iHbZxL1Cxi
Vax &amp; Mask. We are all in this Together. Masks continue to be important layer in stopping the spread of COVID-19.‚Ä¶ https://t.co/9YCTXGQ2ux
"It‚Äôs all starting to unravel and it‚Äôs beautiful. Take off your masks, enjoy your parties, eat as much turkey with a‚Ä¶ https://t.co/Ht2d3S0HqK"
"@Akash9Thdu Does the n95 have an exhaust valve? If so, it's not effective at protecting others from your exhalation‚Ä¶ https://t.co/BvmLEoU7XR"
See y'all TONIGHT at our Holiday Party combined with our regularly scheduled line dancing event 7 p.m. at All Pilgr‚Ä¶ https://t.co/c7MURtBso8
@cioccolanti Yeah like being able to just go somewhere without being required to wear a mask.
"@OlyJosh1 I haven't worn a mask anywhere, except on an airplane, for over a year.  No one says anything"
6 Year Olds Expelled Over Mask: Tyrants Kick Special Needs Boy Out of School https://t.co/JVBcCPiQLB PLEASE RETWEET
"In Texas, not one person mentions anything about a mask. Now I'm back in Washington state they are asking for masks‚Ä¶ https://t.co/szpP24rr9e"
"@CooperDizzy @LambChopInPamps It doesn‚Äôt have a voice changer, but it does have fans on the inside to keep you from‚Ä¶ https://t.co/dJHrncuv7P"
The fact I legally have to wear my mask on my commute to work where I'm one of 5 people on a bus but I was allowed‚Ä¶ https://t.co/VA7b6olKcv
My new mask is fantastic too! https://t.co/XjqZ1tbEGk
"Framed prints, art posters, tote bags, mugs, fleece blankets, pillows, masks, phone cases &amp; more featuring my origi‚Ä¶ https://t.co/f1KWzckMN6"
People always ask what the heck I do on the books if I don't draw or write... Hardly glamorous but my Graphic Desig‚Ä¶ https://t.co/2c0B4mL6dD
@LaurasMiscMovie @buelldawg @ChartDiligence @thegreatpeon @HaffjoJon @GenevieveReaume @OHAOregon Your minor inconve‚Ä¶ https://t.co/mD3BRHjYD4
Sadly the CDC director won‚Äôt even call for mask mandates.   But we need much more including:  * a program that can‚Ä¶ https://t.co/DmW3Fu7tQ4
@Wolftrapbean @stephlg2003 @DrEricDing I‚Äôve got all three shots at this point and always mask up and try to be as s‚Ä¶ https://t.co/hTdzbE62tM
@buelldawg @ChartDiligence @LaurasMiscMovie @thegreatpeon @HaffjoJon @GenevieveReaume @OHAOregon In any case though‚Ä¶ https://t.co/MuOBJgEiV6
Swordfight in MASK OF ZORRO.  To this day. https://t.co/4RwkBlMHQO https://t.co/aZtRtXSFq7
"@runiharagaming @boazhsan @Gritty20202 We have been told to vaccinate, mask up and to social distance. 30% of America has decided not too."
@MommyUnit @Duh_Briggs The good news is we all have masks we can use that are handy. (Doesn't just have to be for p‚Ä¶ https://t.co/W0Cq1WgzUS
"@GovInslee We've been wearing masks for 2 years, when is it going work?"
@GossipBritney_ He‚Äôs done great things‚Ä¶ I‚Äôll excuse the mask lol. It was worth the music video.
My top 10 Nintendo 64 games:  1. Super Mario 64 2. The Legend of Zelda: Ocarina of Time 3. The Legend of Zelda: Maj‚Ä¶ https://t.co/cesUzCs5cT
@marcorubio Well I guess all those anti-vaxxers and anti-mask people who got COVID will just have to get it again.
"@ZhongboK @BrookhavenLab I tried to convince Larry to have matching masks made, no luck"
@CommonSense_58 @GregAbbott_TX If you have the vaccin then why are you worried about those who aren't.  Unless your‚Ä¶ https://t.co/m5OzAHVKyY
What kind of monster would have a profile picture where they're wearing a mask incorrectly?
Hello from Moses Lake getting gas at a travel plaza where I saw very few people wearing masks including the (likely‚Ä¶ https://t.co/DlziKnaFqP
We are looking for a couple of last minute volunteers for THIS Thursday from 5:30‚Äê8pm for the Mary Bridge Drive-Thr‚Ä¶ https://t.co/vKzZhfUAxA
Even our joints are feeling festive this year üòÑ With the new guidelines there will be no change of our current prac‚Ä¶ https://t.co/4Rr71M6PmM
"Now streaming- SPA DAY! Mud masks, nature music and vibes. Tue 1pm Pacific https://t.co/wVC27FfTOS"
Doing a gig at a local theater company - a fat fuck from hired contractor union pulled his crew off the job because‚Ä¶ https://t.co/mbKKR1pi7e
@MattGra89551063 @ericteichmiller That‚Äôs one of those Bahtinov masks for astro. Or for making potato chips
"@MLS_Dave And since eating or drinking can't be done in any mask, let alone a high-quality one, we know where that goes."
We all play a part in keeping King County healthy this winter.   üò∑Wear a mask when riding transit. üè†Stay home if yo‚Ä¶ https://t.co/GLEjmcIhmL
"At this point, Oregon is one of only five states in the United States that has an indoor mask mandate for people re‚Ä¶ https://t.co/x40ik1iWgI"
Everyone in this picture is helping protect each other by wearing a mask‚Ä¶except the police officer ü§¶‚Äç‚ôÇÔ∏è https://t.co/8T3zd3C83Q
Reminder to join us at 6PM tonight for our workshop at the UW @simpson_center !  Just bring a mask &amp; your vax card‚Ä¶ https://t.co/hwHqBEVeWn
Something new I saw on Reddit: We‚Äôre not entering 2022. We‚Äôre entering 3AC (after Covid). 2020 being the year of Co‚Ä¶ https://t.co/0oa4nxYNvg
if they took off their mask when asking a question we may be able to understand them more clearly.
"In the last 6 mos, I've been to something like 8 docs. Had 20+ blood draws, 2 MRIs, CT scan, ER trip, PT, etc. That‚Ä¶ https://t.co/PAWC5DXGkx"
"Listen, I know this mask is absolutely ridiculous, but the fact that my glasses don‚Äôt fog up AND this lights up lik‚Ä¶ https://t.co/uoppHvx88l"
So are new masks the new new socks? https://t.co/NxeRy6aJYL
"We do not know yet, let us remain vigilant. We have seen the same pattern with previous variants, younger people ge‚Ä¶ https://t.co/Ch7jXh5efj"
"@FILWD @charlesjtinant Because there's an entire field called ""public health"", and another called ""epidemiology"", a‚Ä¶ https://t.co/8aDha7sLiY"
"@FILWD Yes, a well-fitted P95 is useful at the individual level, if your question is ""should I hang out in a crowde‚Ä¶ https://t.co/15w3xgRRlb"
@StephenChast Thanks!  I got my booster last week and I‚Äôve got a set of good masks that served me well during Gen C‚Ä¶ https://t.co/jsALGPTzc0
"@stay_angryy @MafiosoRo Yep, me too. I tried a little light tinted moisturizer once with a mask and it was a sweaty‚Ä¶ https://t.co/5iYwUjvtt5"
@GeeUrsulaShow  I stopped attending church during the pandemic because most Evangelical churches decided not to enf‚Ä¶ https://t.co/bJPWVRgt9E
@alancornett The lady I'd probably like better is one at Louis Vuitton who was wearing a Kroger face mask.
@ShaunaJones56 Obviously someone needs to buy new or clean their masks.  PUBLIC SERVICE ANNOUNCEMENT: They are not‚Ä¶ https://t.co/FcxIEYIomF
I had the exact same experience: traveled to TX from WA ( Seattle area) for Thanksgiving. Different world! No masks‚Ä¶ https://t.co/p4xL6PjhM4
@overthisssshit It was a scary time‚Ä¶I feel like they put forth a great effort to educate us about how it was transm‚Ä¶ https://t.co/pyPZdFEjFV
"@imawahine2021 And yet they have used EVEN THIS as a ‚Äúculture war‚Äù issue,demonized Fauci, and made mask mandates ab‚Ä¶ https://t.co/Cmfh8twpTf"
@clgaming @TocataTV @akaNemsko I see you with that @fredhutch mask @TocataTV üòÜ
Is there a certain subset of bacteria responsible for the mask acne?  Does the impact really stop at the acne?  It‚Äô‚Ä¶ https://t.co/lHT30I85mq
@petergilheany I had someone last week who removed their mask to cough! Why?!
Memo to self -- face mask traveling means glasses get schmutzier faster so be sure to pack cleaning wipes.
this old lady at work said to me ‚Äúi‚Äôm moving because your nose isn‚Äôt covered by your mask‚Äùü§£ü§£üò≠üò≠ sheeeeeeeep
@ianbremmer at least he's wearing his mask in the approved way
@damagecase1982 @jimsciutto Unfortunately that‚Äôs the sentiment that is keeping some of my 80+ yo relatives in South‚Ä¶ https://t.co/T9ediSYzJy
@GOP Republicans are aiding and abetting in the deaths of Americans by giving misinformations about Covid-19 and ba‚Ä¶ https://t.co/GAsy3YId7Z
How come I‚Äôve seen like zero people in Gretna with a mask so far this week. Y‚Äôall got rid of covid over here?
@GOP Pres. Joe Biden can‚Äôt shut down the virus because republicans refused mask/vaccine mandates. Just look at Texa‚Ä¶ https://t.co/LNmERmN8sy
"@BetteMidler That in addition to their habitual mansplaining. Talk less, mask more."
"@CmonMan187 @TomCokeIsABlunt Jesus christ, well they tried donuts what else are they supposed to do. Well I dunno,‚Ä¶ https://t.co/1YKxAJLokn"
@GOP Vaccine saves lives. Some well known very conservative pundits have died of Covid-19 because they resist and p‚Ä¶ https://t.co/vviL8i30dW
"@JoeS619 @PunditPandemic This. It‚Äôs pretty much every mandate ever, not just masks: most of those that support it aren‚Äôt as affected by it."
@GOP Republicans resisting mask and vaccine mandates is not pro-life. They let people die unnecessarily for politic‚Ä¶ https://t.co/WnhIAs5uvy
@realmikeclarke If the most compelling evidence you have is a study that found no statistically significant differe‚Ä¶ https://t.co/B4VcErHnIx
"Not enjoying being stuck on a cold train platform waiting for a delayed train, but at least my mask is keeping my face warm‚Ä¶"
"@realmikeclarke Though -she- is OK with masking, she's not an at-risk learner, and she's in her mid teens. This isn‚Ä¶ https://t.co/bX07ELbJD9"
