"@enrich1212 @OldManLefty1 I cannot verify that number and do not know how it was calculated, but it doesn‚Äôt surpris‚Ä¶ https://t.co/js46bX59VG"
@Sallybucket259 @MaskedDefender @dreamn34 @BetoORourke @GovAbbott Or a Trump ‚Äúconservative‚Äù.
Well the plainly obvious cat is out of the bag. The BLM is choosing to support a Proven liar who created a hoax say‚Ä¶ https://t.co/hHA7gR7sNR
Jan. 6 committee votes to hold Bannon in contempt https://t.co/p8rAe54bxJ via @YouTube Trump your just a average Jo‚Ä¶ https://t.co/c1SD2sGlH4
How Florida's Ron DeSantis became the GOP's favorite wannabe autocrat  https://t.co/WpLqwEtdd6
We need Trump back to send a clear message that an ex Soviet KGB Putin does not speak for anyone other than Russian‚Ä¶ https://t.co/y5YwGGE9Yh
@piersmorgan That's Boris Trump for you.
Biden returns land to Texas family after it was seized by Trump for border wall https://t.co/NyKIb2rqDd
Ivermectin? Did it at least get rid of the worms? Your brother or his surviving family needs to sue Trump for his m‚Ä¶ https://t.co/Nj3oy1en9g
My hope for democracy in America diminishes everyday‚Ä¶‚Å¶@jonathanvswan‚Å©  https://t.co/negdkG7DkH
"More #JohnsonTheCorruptPM lies. However, as Trump proved, there‚Äôs a tipping point with lies where the electorate st‚Ä¶ https://t.co/WI58iZ6aMp"
@bryanbehar @11thHour The undisputed king of wry shade. That look up and sideways into the camera on the zinger del‚Ä¶ https://t.co/yUcHw7jXBM
I just paid more income tax on my Christmas Bonus than Donald Trump paid in all of 2016. I hate this place.
@RepBoebert That's why they created the US as a SECULAR nation founded on the rule of law.  That's why trump and hi‚Ä¶ https://t.co/8d04Lr9Ra9
@thomaskaine5 Nope. We really need to stop this. Trump will NEVER  face consequences for anything he has done in hi‚Ä¶ https://t.co/XefIEuaBPV
@Walmart #DOES WALMART BOYCOTT PRESIDENT TRUMP AND IS WALMART CHAIRMAN GREG PENNER WHO MEDIA PROVED WALMART AND HUN‚Ä¶ https://t.co/b9YYoqrXnH
Former Trump White House chief of staff Mark Meadows sues January 6 committee https://t.co/UJrXlXM2yD  #markmeadows‚Ä¶ https://t.co/kGQH0lBAi2
"There's 'No Way The SEC Allows' Trump SPAC To Go Through, Whitney Tilson Says https://t.co/V9l0uuTG4D LET'S SEE IF‚Ä¶ https://t.co/rI4QVmVd3q"
#DevinNunes will be joining a host of other successful #Trumpenterprises  Trump Airlines Trump Vodka Trump Water Tr‚Ä¶ https://t.co/hNUiVjKvVh
@_No_Quarter_ @Booda_the_Great @vistaproper @Ihonestlydont19 @ZoomZam10 @KatherineK221 @Sommdomm80 @wookietim‚Ä¶ https://t.co/dHJh6Vq4KV
"Perilous Pennsylvania, Trump's non-strategy takes another hit https://t.co/qc4HJzAPa6"
"Business Mogul and self-made billionaire took on politics and was elected President his first run. He said, ""Yea, i‚Ä¶ https://t.co/PL7g1JKAug"
@TheLeoTerrell people like Nicole feel they will be the one to bring down Trump and live in infamy with her peers a‚Ä¶ https://t.co/EbWhtwDApz
New Audio Found On Hunter Biden‚Äôs Laptop Reveals Conspiracy to Get Rid of Trump (AUDIO) https://t.co/jvasN8QBtR‚Ä¶ https://t.co/x15bR2JC98
"@emrazz And he's all over the thread with ""Have you actually tried to have a conversation with these people"" -_- I‚Ä¶ https://t.co/3W8vlATY2L"
Does Hilary‚Äôs master class also include lessons on wiping illegal servers and causing the deaths of a sitting Ambas‚Ä¶ https://t.co/dh0Kn1Qktj
"@TadMMalone @donwinslow So am I &amp; millions of others.  Without DOJ &amp; other law enforcement folks on board, these de‚Ä¶ https://t.co/BzVXIodszU"
@Breaking911 More war? Say it ain‚Äôt so. You all thought Trump would bring us another ear lmao
"Forget forgive, put the SOB in prison where he belongs, subpoena Trump NOW &amp; let him take the 5th, commit perjury o‚Ä¶ https://t.co/CvXq4MlEZq"
@PaulCogan Does Not Really Matter üòÖ Don't You Know Trump Owns The Supreme Court When The Case Gets On Their Docket! Hello ü§©
@JoyceWhiteVance @LanceUSA70 There is clearly probable cause for the FBI and DOJ to be investigating everyone from‚Ä¶ https://t.co/3GYj5dYWjd
President Trump invested $3.5 trill into our depleted military. He established America as Superpower. Its his milit‚Ä¶ https://t.co/5EDRDcZmZU
@CNN Trump Lovers Don't Give A Rats Ass About Jan 6 Period! All this Wasted Investigation Time And Money! Trump Is‚Ä¶ https://t.co/LhSKz24EQ6
President Trump‚Äôs term ends on Jan. 20 ‚Äì the Constitution is clear ‚Äì The Conversation US  ChronLaw 20th Amendment N‚Ä¶ https://t.co/cb8g226mWq
Ron DeSantis' Florida state military plan echoes Trump's autocratic aspirations https://t.co/AI1Ht7h7zs‚Ä¶ https://t.co/UxgIlfx8Ji
@Roshan_Rinaldi Naah. Trump already had big boobs.
@lukedalygroves The mendacity starts with Johnson and this is neither news nor will it end until he leaves public o‚Ä¶ https://t.co/6rh4RtqhCr
How Florida's Ron DeSantis became the GOP's favorite wannabe autocrat https://t.co/qj4Ci35Dad
Won't-run-if-Trump-runs question leads to waiting game for likely 2024 candidates - CNNPolitics https://t.co/yIryLJ4iwE
@jrzygirlinfla @AliceOllstein Trump didn't impose a fascist vaccine mandate. If he did I'm sure you'd be up in arms‚Ä¶ https://t.co/JIOB0HFrX2
Trump Names Devin Nunes New CEO of Truth Social https://t.co/Bjb4t04JKu
@foxnews u cant tell ppl not 2 vaccinate/mask/social distance althoug its a mandate in ur stations then say Biden c‚Ä¶ https://t.co/fYIO4pKHKa
"@Rick111064 @EricMMatheny Aww, little Rickie and Eric miss the good old days... https://t.co/jgfhgaLETt"
Jan. 6 organizer blasts Trump advisers for 'drinking donor-funded champagne in a war room' during riot https://t.co/MAjriimD3z #SmartNews
Meadows backtracks to get back in Trump‚Äôs good graces https://t.co/whpophBlBk via @msnbc
@cstrawberryquee Trump 2.0 isn‚Äôt it?!üòû https://t.co/AJH9II43xa
@ACTBrigitte Only Trump Can Fax It!
@politvidchannel I'm an old Democrat and I don't allow any Trump supporters in my life - zero.
@DemocraticJones @drvolts Line every square inch of the property with solar panels. Dare Trump to take them all dow‚Ä¶ https://t.co/VnPsxnWJeW
@tedcruz @CNN Almost every word that comes out of trump's mouth is a lie. - Ted Cruz
@benjaminwittes @lawfareblog @Autumnsan1 @qjurecic The Constitution  Is mostly concerned about shall  And whatever‚Ä¶ https://t.co/3vW7A9lVl5
"@timewill10909 @LKsoon666 @PramilaJayapal It also greatly outweighs the amount paid by your hero Donald Trump, so what's *your* point?"
@txchristabelle So is that rumor about the Trump border wall just a big land grab by Trump the developer in Texas true?
Trump is now out of office deside by vote and leave a nation in ruins.   he was for 1462 days and 22 hour in office. #ImpeachmentSoon
@NeilMackay This reminds me of when my 5yr old granddaughter called Trump a poopy head‚Ä¶
@ChrisMurphyCT But when Democrats did it when Trump was president suddenly it A OK??
@DadBod4Liife @Lawrenc24220541 @RSBNetwork Trump will never b president
AN AERIAL UNIT HAS SUCCESSFULLY LIGHTSABERED DONALD TRUMP.
"@WaitingOnBiden mfw regressives are liking this tweet. When I say I regret voting Biden, it doesn't mean I should'v‚Ä¶ https://t.co/r2Lx7bILQ4"
Trump Floats Theory that Xi Allowed Coronavirus to Spread -- ‚ÄòI Was Doing Very Well Against China‚Äò‚Ä¶ https://t.co/TazENUqrZO
https://t.co/wVFflzuAdO  This is the United Steak of America for God sake! . . . . . #unitedsteakofamerica #biden‚Ä¶ https://t.co/mzalhjSt6o
Rep. Devin Nunes leaving Congress for role as CEO of Trump Media &amp; Technology Group   https://t.co/SHh2osT96P https://t.co/ECLaUHIKvT
"@Voice0fReazon @mattRroth @stillgray It's not ""not being straight"". It's lies. He says he will have Trump policies‚Ä¶ https://t.co/xOOrreaNQv"
@kon_jeff @crazywomanart @ACTBrigitte That's not why Jesus hates her.  He hates her because she prefers to get on h‚Ä¶ https://t.co/bmePV0CEfW
COVID Deaths Surpass Trump‚Äòs in Joe Biden‚Äòs First 10 Months in Office https://t.co/7C3trzBb5q via @BreitbartNews AN‚Ä¶ https://t.co/fl5kHVMaMU
@ACTBrigitte She testified for 11 hours.  Whereas little Meadows prefers to claim everything in his own book is a l‚Ä¶ https://t.co/PYjqTjzr00
@realLizUSA @TuckerCarlson says Trump is a girl. Pass it on. https://t.co/37CRStbJE7
The flimsy Meadows exe priv case:   -he is not an employee of the government.   -Trump is not POTUS.  Biden said: N‚Ä¶ https://t.co/q9d5SHqmHH
"4+years later, nothing has changed. He's still an idiot.  https://t.co/rVk0NF5LSu"
"@TheValuesVoter They are performing for the Republican Party, that is, for Donald Trump."
"@OccupyDemocrats I‚Äôm glad that the land was returned. However, why can‚Äôt you remember trump isn‚Äôt the President. Remember Former."
"@AmericanaTejana @JoeConchaTV Let's resolve Abrams and your gal Hillary first,  Then we'll talk about Trump.  Stop deflecting."
Dear Donald j trump if u got elected again send every single Somalian that commits a crime back home WE DIDNT CAME‚Ä¶ https://t.co/SzlM4c0D6N
@JackPosobiec Anyone else think president trump should make a comedy sketch where he plays Alex Baldwin re-enacting‚Ä¶ https://t.co/0vFTVwarav
"@ChuckRossDC Trump did too, you gonna say something about him too?"
@thinking_panda @BNODesk Hard to do that with Red State governors who follow Trump by rejecting mask and vaccine mandates.
"@BlackKnight10k The New York Times, HBO, and CNN produced lengthy videos of their investigations into the attack. T‚Ä¶ https://t.co/3HAjVfF90I"
"@DELETETRUMP9 We could all jump on Trump‚Äôs new social media platform and mess it up real bad üòÇ, but then what?"
"When @MarkMeadows kids ask him in about his feeble unfavorable legacy:    ‚ÄúYou guys know I love you, but at the tim‚Ä¶ https://t.co/1rg5NYR9Oh"
@LifesuhBeach15 @SpeakerPelosi Why didn't trump tell the people to go home to their families and accept his loss gr‚Ä¶ https://t.co/hWyxbKJRwZ
@CEJacksonLaw @babybeginner @ripx4nutmeg There are so many strands: -the speed at which it's happening -the acquies‚Ä¶ https://t.co/fHNyZvt20n
#ImpeachBidenHarrisNow   I think he is right.  https://t.co/9tV0PxsLge
@TeannaTrump @BabyyRussia Teanna Trump I told your sister happy birthday and I like to ask how your night going
COMPANY AND ANONS!  PLEASE VERIFY AND CHECK BRAZEN LEGISLATIVE AND JUDICIARY INJUSTICE PLZ  THANKS! üòé‚úäüëç  Business I‚Ä¶ https://t.co/bTUINHZE0O
@JLivingaton @StealthTurtle3k @MSNBC Get out of Trump's cult.
Obama I been knowing your game. That y god an Trump going burn your Niger ass.   Dumass demon cut is your head. U f‚Ä¶ https://t.co/f5ynLwm4hh
"""because a journalism that conspicuously shades the truth or tries to hide self-evident realities for the sake of s‚Ä¶ https://t.co/hysyjrP6jA"
"Trump said he wouldn‚Äôt cut Medicaid, Social Security, and Medicare. His 2020 budget cuts all 3. https://t.co/IDRjpw9wPq"
"Well, there are less of them today that can vote due to imprisonment from Jan 6th and death due to Covid.  So, they‚Ä¶ https://t.co/aYe6eXqJxy"
Trump‚Äôs MAGA Candidates May Hand Democrats Congress In 2022 https://t.co/MwOfRwM9SS via @politicususa
@susanengel14 Trump residue remains present.
"@njmoorelaw @Pointy_Ends @jordanbpeterson Insider is trash now, they try to equate everyone with Trump."
@inversedotcom LMAO!!!!!How can they say something shouldn‚Äôt exist outta space because it‚Äôs not in our Solar system‚Ä¶ https://t.co/dRa4Gg1a4X
Mark Meadows Texted 'I Love It' About 'Alternate' Electors: January 6 Panel https://t.co/WHgoxQXG7D
@conor_politics Well you saw what happened with sanctions from Trump‚Ä¶ China started a biological war in the entire World‚Ä¶
"Also should add that if Dana White ends up running, he would likely get Trump‚Äôs endorsement as they are good friend‚Ä¶ https://t.co/HIBxv4xZdm"
"Yes, a former president could become speaker of the House. Here's how https://t.co/mfLoWfW7TW"
@MSNBC Trump wants to destroy the democracy of the USA and world üåé.
@LightworkPhoto @joncoopertweets No. We are just getting restarted. The GOP turned their backs on God for a flawed‚Ä¶ https://t.co/Pbgu7SsVuz
"@lapislazuli7890 He does support Trump, although we‚Äôd have to see what his platform is like.  Though I believe he c‚Ä¶ https://t.co/UtZLHqdfGr"
I finally found the Trump healthcare plan!  https://t.co/OzG8AByyOu
@thereidout @JoyAnnReid Who do you think is paying for this frivolous lawsuit? Not Mark. All that $ that poured int‚Ä¶ https://t.co/TJ2k4ZOmFV
@dallasnews What a genius. He must be a Trump supporter.
Can you imagine Pence launching a presidential campaign with Trump in the race?
Capitol Riot: Lawmakers To Hold Ex-Trump Chief Of Staff In Contempt  US lawmakers investigating the January Capitol‚Ä¶ https://t.co/PRHfiHTwcs
@ThebookofR @nypost It is likely that the photographer was Trump.
She has a lot more guts than Trump. Trump is a sniveling coward so is meadows. https://t.co/WuiKWxzmbr
"@CNN @smerconish While I disagree,@IlhanMN comment(2019)wasn't offensive. #Science doesn't care how you feel.Israel‚Ä¶ https://t.co/NQ2dUinEbE"
"@JoeNBC I wouldn‚Äôt mind setting and have a dialogue with some republicans, but not who voted for Trump and keep supporting him after Jan 6"
Biden has sent out a memo to all news channels &amp; the View demanding they start talking about all the good things he‚Ä¶ https://t.co/flEIrQHJ3p
@CNN Running scared until he finds a a Trump judge. The way I see this investigation. A replay of the Dickstein-McC‚Ä¶ https://t.co/xkJn2J7AEt
@NikkiFried @BoogidFfskw2002 This was filed by one of Trump‚Äôs lawyers. The game is called delay. The lawsuit is a joke.
@Jay_FnHarris Capricorn women &gt;&gt;&gt;&gt;&gt;&gt;&gt; Trump &gt;&gt;&gt; Satan &gt;&gt;&gt;&gt;&gt;&gt;&gt;&gt;&gt; Capricorn men
This is IMO one of the worst faults in our criminal justice system.  When procedure and technicalities trump the un‚Ä¶ https://t.co/CqZh1tM7nH
@wandainferno @MzBeeHaven9 @whoisjaybailey @Lucys_Mom2020 @DaniBeale @becomingjenn @WhiteRabbitMama‚Ä¶ https://t.co/ExzfkCW4m5
@NonstopNobleS2 @zjreinha1329 @shoe0nhead Welfare that first he lowered then increased it before elections. And tho‚Ä¶ https://t.co/K93oelnoRV
@wfaa What a genius. He must be a Trump supporter.
"@MarkMeadows Sigh, Mark, you almost did the right thing. What do you think your good friend Elijah Cummings would s‚Ä¶ https://t.co/NqVUaCoB4S"
@jennycohn1 I‚Äôve never thought trump legitimately won in 2016
@AndrewS10808810 @GregAbbott_TX Trump is marked? He is vaccinated‚Ä¶
@StacyShafer6 You are right. CNN may have lied about COVID being the cause of his death. CNN lied about absolutely everything  about Trump.
@Logically_JC @Scotus @MaddowBlog  The way Trump packed the court. I'm surprised he didnt dig up Ayn Rand and put a robe on her.
@presFauxBiden @BongoBoney @cougarfan900 @jacksonsenter25 @johncanzanobft Cracks me up when a Trump cultist whines about bigotry.
@AlmaBona @vonninnyhammer @JonRFleming @ConservaCat4 @Robb242 @JohnFloridaMan @TimTidwell68 @Karlton111 @PootDibou‚Ä¶ https://t.co/PP6pRrWFNk
@JackPosobiec if it was a cover up then it would be because trump paid them off so he wouldn't be seen in any of them
"@politvidchannel So, 29% would date a tRUMP supporter? Do they hate themselves?"
@RSBNetwork Texas sure misses the positive speeches and actions of president Trump. These people running things now‚Ä¶ https://t.co/lC4JCrSp9x
Biden returns land to Texas family after it was seized by Trump for border wall https://t.co/69SNolVEzE
"@lightisgood @GregAbbott_TX You can‚Äôt spell, are you also a Trump supporter?"
She‚Äôs still a worse candidate that Donald Trump was or would be. https://t.co/Uv8tqd4MOj
@twitkent @Redpot86 @thehill Would you prefer she golf on the tax payer's dime(ie President Trump)?
"@5klp471 @CivelloPhilip @B52Malmet @joncoopertweets Yes, and it makes for some very complicated politics doesn't it‚Ä¶ https://t.co/qoQwo324pj"
"Sadly, not enough people saw this side of her. America lost the opportunity for a brighter future. Now we have to f‚Ä¶ https://t.co/4FNwpW5Ifd"
@SoloFlow786 @AOC The trump brutalization of children  is now part of their DNA.
One of the scariest things I've ever read: https://t.co/161JQ2VezE https://t.co/maJC70wLyQ
"#PresidementiaTrump2021 - Dementia gradually destroys the ability to reason, to track a conversation, and the capac‚Ä¶ https://t.co/CPX0XJJJm2"
@nathaliejacoby1 Not for Trump.
"@joncoopertweets Off the heels of Donald Trump, they are glaringly different!"
"@DocAtCDI @WarriorMcFad I imagined Donald Trump, Alex Jones, Matt Gaetz, Mitch McConnell, MTG &amp; Putin being forced‚Ä¶ https://t.co/XpJ7GztwGH"
Lol hasn't he figured out Trump Won. Common Matty.üá∫üá∏üëäüòÇ https://t.co/fuVA6GBoXB
@TwitterMoments Sounds like something Trump would do.
@edglomb 19 senators ? Trump couldn't even get one democrat on board while biden got 30 LOL
@DevinCow Listening to Trump changes the brain too.
"üéâSeen from the Skies Above Missouri: ""Let's Go Brandon! Trump 2024""üéä #LeskoBrandon! #FJBüñïü¶Å  https://t.co/fs1cwydRiN via @gatewaypundit"
Trump-Putin Press Conference Gave Russia Everything.... #videogame #gamerslife #gamerslife https://t.co/doGiDrujJw https://t.co/8TR5tVwaZt
Did Bugsy Trump crash another wedding like a mean drunk *recently*? Or was that an old story from last year? Post u‚Ä¶ https://t.co/hOkvvqRAQn
@BetoORourke It‚Äôs funny how y‚Äôall resort to your guns being taken away by Democrats when it‚Äôs the republicans that‚Ä¶ https://t.co/qmSJTNdl4f
How Donald Trump Could Subvert the 2024 Election - The Atlantic https://t.co/Mz6kfHRDV1
That means Fox News also to all you Trump lovers and Right wingers wake the F up we are all bing played. ‚úå https://t.co/LJ9XBMuN3g
@DrPJClark1 @PalmerReport @TomJChicago Bugsy Trump = Junior Soprano as his dementia worsened
@Mike_Pence And don't forget this terrorist attack in January orchestrated by your 'friend' Donald Trump. AND I don‚Ä¶ https://t.co/FeqUpe6IIg
@RonFilipkowski Like @HawleyMO @TuckerCarlson blames covid for his feminization..  We all know real men listen to Trump.   ‚úäüèª
@RadioFreeTom Not for me. Biden biggest failure has been not calling out Trump for his lie. He should have challeng‚Ä¶ https://t.co/kTHRgTIImQ
"#Presidementia - Remember Junior Soprano, the old man who remained crime boss despite his worsening dementia? Truth‚Ä¶ https://t.co/DOvjH00r7q"
@GOPLeader @SpeakerPelosi  You know Jim will have to go even if he is one of Trump‚Äôs biggest sycophants!!! https://t.co/OJKVLV06rY
"@rhomansjr @brithume I don't see how Youngkin's election ""de-Trumpifies"" the party when Trump endorsed Youngkin and‚Ä¶ https://t.co/M4vp4Vrc9x"
@ATFHQ #RittenhouseTrial #LilWayneGUNpossession / PRESIDENT TRUMP PARDON FEDERAL /STATE LAWS: possession of FIREARM‚Ä¶ https://t.co/1dUQK9788c
The gas station near me was $1.96 a gallon when Trump left. Excellent fact check. I‚Äôm paying over $3 a gallon now https://t.co/wJI4YhdDP4
"@soli_Jesum /2 For all the grandstanding &amp; stunts they do to maintain visibility, Massie/Cruz/even Rand are truly c‚Ä¶ https://t.co/3d5KzbHgNQ"
@elonmusk @WatcherGuru Trump added 7 trillion in 4 years!
@MarkMeadows balls are in Trump‚Äôs shirt pocket
"@DonaldJTrumpJr I'm guessing, then, that the only class trump is qualified to teach is ""how to get impeached"" or ""h‚Ä¶ https://t.co/MdeXsGbsWP"
@MarjorieGaetz @FreedomfanR @FloridaJih @NCGOP 50.70% for Trump &amp; 47.66% for Biden with my IN01.
@lavo323 @ClearwaterBK @mal1976retaf @howienudet @ezrocks0011 @enufs_enuf @LhedgehogF @TheFoghornLegh1‚Ä¶ https://t.co/hkwVQNm38o
"@TheOfficerTatum Hey Jake, so Trump was right?"
"@BaddCompani They should quit using the excuse ""anti-trump"". He's nobody anymore. Just a mob civilian."
"In the conservative Nazi movement/cult, Democrats and Liberals are the Jews! The rhetoric is vile and working. Clea‚Ä¶ https://t.co/lf68nVhKA8"
@Atul_Gawande @jake_mcclure Why is Biden allowing this ‚Äúavoidable‚Äù deaths to happen ?   Is he doing a better job th‚Ä¶ https://t.co/vCvX2ZiA3E
@ianbremmer Very interesting that Republicans are far more accepting and open-minded overall. Doesn‚Äôt fit your narr‚Ä¶ https://t.co/3LD1zAWPMJ
Did you know?   President Trump was nominated for 3 Nobel Peace prizes within a 90-day period for bringing peace to‚Ä¶ https://t.co/M8MCFUUfbx
If only the GOP loved the United States like Donald Trump loves his KFC.
"@RadioFreeTom I wish you guys talked more about the Insurrection and those responsible. Not the little guys, but th‚Ä¶ https://t.co/idoU5yvPgu"
Remember when they demanded President Trump to take a cognitive assessment test? He aced it scoring 30 out of 30.
@NikkiMcR What was Trump‚Äôs weight at the time he had Covid 19......ü§∑‚Äç‚ôÇÔ∏è ü§´ü§´ I was hoping they would discuss itü§∑‚Äç‚ôÇÔ∏èüòÇ
Russian media calls Trump 'sorely missed' after Biden warns Putin of severe consequences for Ukraine invasion‚Ä¶ https://t.co/u6ZEfj6JDs
@NikkiMcR I wonder how Trump feels about that...
"@SpiroAgnewGhost I‚Äôm 100% certain they would‚Äôve taken as hostages every Democrat in the House and Senate, as well a‚Ä¶ https://t.co/JrsQVQZF3g"
"ü§£ü§£ü§£ Show me one sentient person who believes the media is harsher on Biden than Trump, and I‚Äôll show you a true mor‚Ä¶ https://t.co/XLY0oxMZ1C"
President Donald Trump reversed tariffs on China which forced them to pay us $28 billion dollars. He then turned an‚Ä¶ https://t.co/Zmp4S6VWhn
"@ShonGreenblatt @sue_again @NBCNews I wish I had email of neighbor w sign that say, ‚Äúdon‚Äôt blame me, I voted for tR‚Ä¶ https://t.co/yEcsQA7lgF"
@glennkirschner2 @MisterSalesman @YouTube True Justice Matters We Live In Strange Times Concerning Justice!  AG Mer‚Ä¶ https://t.co/2Vv6OFEczC
@SBachiler @BretWeinstein He won on premise of not being Trump. That's it. Everyone is getting a clean slate for 20‚Ä¶ https://t.co/N8WjJE9oVk
"@Lauren38060467 @kevinhaddad08 Yes, he is. Notice how he was leading the charge to not have Trump impeached. Now, h‚Ä¶ https://t.co/Aoa6rLdPvJ"
"his whole campaign was anti-trump and then he appointed an AG who is defending trump, so yeah https://t.co/sgZ4I7CvoN"
Trump is right. @LeaderMcConnell just sold out the country. Huge Uniparty win. https://t.co/jES08pnrDd
No Sentient Human Thinks Biden‚Äôs Press Coverage Is Worse Than Trump‚Äôs https://t.co/QX6yKcYSO4
Remember when they demanded President Trump to take a cognitive assessment test? He aced it scoring 30 out of 30. https://t.co/zXFqmoVmfV
"@JanetCa58003981 @thehill What doctors, I work the hospitals,  they and their kids got the vaccination.  They are a‚Ä¶ https://t.co/H7kyEeUYyI"
"@Acyn ‚ÄúI‚Äôm between a rock and a hard place‚Äù  Just a figure of speech, but he‚Äôs legit putting the interests of *Dona‚Ä¶ https://t.co/qBbnhiTfqY"
@JanNWolfe Well it's free speech for Trump and his cronies cuz they're spending other people's money in order to sw‚Ä¶ https://t.co/XYHK38dxW5
Smokey Robinson predicts Trump will run and lose in 2024 #SmartNews  https://t.co/YVWF95FyH5
"Trump calls debt ceiling 'psychological,' slams Mitch McConnell - Business Insider. These are frigging Trumps debts‚Ä¶ https://t.co/exXtzovnVL"
"@Trololo37917217 @RealCandaceO Listen you have 0 arguments she married a millionaire to get out of her crappy life,‚Ä¶ https://t.co/TVBzhAH13I"
Opinion | Schiff is right. Republicans are too scared of Trump to reform the presidency. - The Washington Post. ‚Å¶‚Ä¶ https://t.co/rpw9AWTpfE
@CathySilverman2 @froomkin Ask @worldmhc about how in 2017 MSM led by @nytimes per suggestion by @APAPsychiatric me‚Ä¶ https://t.co/KTiD2HrMM0
"@Lauren38060467 @kevinhaddad08 Yes, he did. No one dared fuck with him. When he said he'd do something; he did it.‚Ä¶ https://t.co/eKA5uC6WXE"
@January6thCmte when will Trump be exposed for his Russian connection
@GOP when will Trump be exposed for his Russian connection
@CNN what a shameful attempt by BIDEN AND ADMIN to have media have meetings? To tell them to give positive coverage‚Ä¶ https://t.co/64x8ayuvvq
"@KBIM3 @DonaldJTrumpJr The trump campaign had over 100 contacts with Russia, on top of manafort giving the Russians‚Ä¶ https://t.co/nPCC0cO7Ol"
"@davematt88 @yeawelltoldu That's because when it boils down to it, he basically is Color Blind.  It's ALL about Trump from Start to Finish."
@kathrynresister Along with some Trump bottled water to wash it down with.
Pence declines to commit to cooperating with Jan. 6 select committee - Axios. Now here‚Äôs one dumb idiot. Trump and‚Ä¶ https://t.co/ahslfY9cJa
@thegoodgodabove #Trump - he was a one hit something‚Ä¶ wondering how to grift America!
"@vademocrats Youngkin is Trump.  Money, for an industry, is always the priority. @CivilRights"
@vonninnyhammer @Kelledin @JonRFleming @ConservaCat4 @Robb242 @JohnFloridaMan @TimTidwell68 @Karlton111 @PootDibou‚Ä¶ https://t.co/gALC2c6xnd
@CNBC @_HadleyGamble @CNBCMakeIt First time unemployment claims are the lowest in many years. Total unemployment cl‚Ä¶ https://t.co/LpUzhiluLo
@auajsrmzs Liberals spent 4 years on a Russia hoax that was proven to be a hoax just because the didn‚Äôt like Trump.‚Ä¶ https://t.co/H5lWrcGjsN
"Last night, the House passed a $768 billion defense budget.  That's a full $30B more than Trump‚Äôs last defense budg‚Ä¶ https://t.co/iZyqGLrakC"
@SpiroAgnewGhost @Kris_Sacrebleu This document is offensive.  1) insane levels of proposed federal coordination by‚Ä¶ https://t.co/6XIPYB0312
@MikeDevo @dirk_roth @OccupyDemocrats Hasn't added jobs. Post COVID job losses being filled. 220 million people vac‚Ä¶ https://t.co/ShSxXFcF5W
Who do you think is more dangerous  for this country  and democracy  DeSantis  or Trump ?
@jd_durkin thank you President Trump!
"@thedailybeast This guy, as a lawyer,  is deemed ‚Äúunqualified‚Äù by the American Bar Association‚Ä¶he‚Äôs certainly no do‚Ä¶ https://t.co/dXctieTNMd"
@FlyGodIsAwesome Watch now as the Son of Man speaks on Donald Trump and Kyle Rittenhouse. Live stream link: https://t.co/r4QjPbUYRc
@Michael71535951 Watch now as the Son of Man speaks on Donald Trump and Kyle Rittenhouse. Live stream link: https://t.co/r4QjPbUYRc
@Dve97789641 @nypost Watch now as the Son of Man speaks on Donald Trump and Kyle Rittenhouse. Live stream link: https://t.co/r4QjPbUYRc
"@tracyr57 @EileenMarieSar1 What about Barr visits Epstein in jail just before Epstein's ""suicide?"" Trump extrajudicial killing."
@TruePatriot8472 Watch now as the Son of Man speaks on Donald Trump and Kyle Rittenhouse. Live stream link: https://t.co/r4QjPbUYRc
"@johnpaulmatthe2 @Bishopoftyler Please stop your attacks. I wish you the best. If you keep this diatribe up, I will‚Ä¶ https://t.co/SXHpB1ec1E"
"""Why is Kyle Rittenhouse standing next to Donald Trump smiling? He killed people. He was on the stand crying about‚Ä¶ https://t.co/podScAeyf4"
Watch now as the Son of Man speaks on Donald Trump and Kyle Rittenhouse. Live stream link: https://t.co/r4QjPbUYRc https://t.co/K6MKPEeMmV
@mcword1 @jeffrossi @svdate He over blew a house fire and there is contradiction of an event Trump was able to get‚Ä¶ https://t.co/SoKFIB3TY4
"@WUTangKids Maybe Melanie Trump burned it down ‚Ä¶ she hates Christmas, after all"
@NickAdamsinUSA How many rings do you have?
"@tedcruz You're pretty worthless Ted. You. Will. Never. Be. President. NEVER.  DID YOU FAIL TO SEE THE ""JACKBOOTED""‚Ä¶ https://t.co/XF6T68nvIM"
@bensamani @NoreneD39766667 @washingtonpost GOP made something critical political. Trump said it was nothing &amp; Fox‚Ä¶ https://t.co/xmt1Zp3SQN
"@SenWhitehouse ""We have a transnational crime syndicate masquerading as a government. This is not a secret. We have‚Ä¶ https://t.co/uQDcbMx0gm"
‚¨ÖÔ∏è‚û°Ô∏èüñï RU üëÄing &amp;üëÇing. #neoPatriots #RealPatriots - #saveAmerica üá∫üá∏from the #GOP and all #political #falsereligions!‚Ä¶ https://t.co/cs467sOM0m
Trump's Next Coup Has Already Started https://t.co/IRlzxv3HCA via @YouTube
@PTekach @RawStory @GOPLeader @GOP @Trump @RepMullin @RepMTG @GovStitt @Jim_Jordan @RepBoebert üéÑ #25DaysOfChristmas‚Ä¶ https://t.co/8Anh2F1aXG
@ABC Was there a Trump dummy??? That would have been a totally acceptable replacement for the devil.....js
Trump As Anti-Christ I Don't Think So! He's Pure Evil I'll Give You That!  Big Lie &amp; Anti Vax Assholes Aren't Stupi‚Ä¶ https://t.co/6xiDNiBPPF
"@realMeetKevin If trump allows it DeSantis will win. Gov so no fed legislation record to attack him on, solidify th‚Ä¶ https://t.co/whU48zQaZT"
@Murica1779 @Cernovich Trump is LITERALLY in a dozen photos with him!
@bb1wackbag @SandiGerrish @TeddyFeed You‚Äôre the one who brought up Trump lol
@GarthVader18 @dpakman He would say it was Trump‚Äôs fault.
ü§£ü§£ so people bombing the thread with a news report about The OP cheating on his pregnant wife.   Mmmm that makes hi‚Ä¶ https://t.co/clTY2CanTS
"@ClwnPrncCharlie Everybody talks about the sorry state of the Republican Party under Trump, nobody wants to say tha‚Ä¶ https://t.co/5lHMlCE2n1"
@RonFilipkowski If Trump's pissed were doing it right. üëç
"@KwikWarren We don't like intelligent people, maga! ,uhm vote for trump"
Entire GOP and trump cult. https://t.co/JTjLque7fT
Trump LIED?!!? https://t.co/NZXixPS6uz https://t.co/TOQb3Fszzn
@MichaelMacFTL @TomDoubting @Tonycbk0 @JonRFleming @PamelaEdwards @NickDone8 @chantoce @PootDibou @jvangent1001‚Ä¶ https://t.co/nsaKiPldwN
"trump was putin's little bitch and the whole world knows it... If you doubt it, ask them... https://t.co/RddaRzQNUB"
"@TileTony @Justlove3332 @TxsleuthUSA MM sent the #Jan6thCommission a copy of a January 6, 2021 text he SENT TO TRUM‚Ä¶ https://t.co/BvEV0H5fTb"
"This puts me right back in despair. If this is true, the Senate and White House's only job of import is passing the‚Ä¶ https://t.co/xwzUVi5VXo"
Won't-run-if-Trump-runs question leads to waiting game for likely 2024 candidates - CNN  https://t.co/jewhPAJ7P4 https://t.co/zbrG5ju41k
Who believes the judicial system will be viewed as complicit with republicans if the downfall of our democracy by t‚Ä¶ https://t.co/JeIaBvjq82
@PenelopeEleni @atrox77 @wagatwe @OccupyDemocrats Can you describe to me who the unvaccinated Leftists and the vaccinated Trump voters are?
"Exactly. And, Trump can't be having that because the truth might come out. https://t.co/RiTtwB5oDj"
Biden Should Forgive All Educational Loans And It Would Be Just A Tiny Amount When Compared To The $2Trillion Trump‚Ä¶ https://t.co/CUAlp2zfqb
@michaelshermer Do facts really matter to Trump supporters?
Sam thing happened in America.  I remember Veterans being literally deported by the Trump Administration. It is cru‚Ä¶ https://t.co/2uW1EVglIy
Here‚Äôs an episode for you‚Ä¶ Should it be President Trump in 2024? Kurt Schlichter with Sebastian Gorka One on One  https://t.co/ExlD7BDbTH
@jetx86 @WaltonNJohnson @KennethRWebster Trump is Buying The Internet Lets Go Brandon !
@WonderKing82 It‚Äôs easier to blame a woman than blame themselves for not voting for a woman.  I hate this shite so‚Ä¶ https://t.co/4FiUB7lFD6
@Kera42925470 @GaryBerki2 @Persian70509610 @ftysugar @robjones2019 @LasagnaLila @P3ng1z @F_is_for_fAk @M0sstr00per‚Ä¶ https://t.co/qjn3aaZpHW
@JLVsTW1 I'm okay with that. He'll work for trump and be indicted for something.
"@danieledbo @ReportsDaNews Correction. Then, there‚Äôs ALL OF THESE‚ùï  M. Cawthorn is just 1 of many near perfect exam‚Ä¶ https://t.co/0mOzXMHpB4"
"@NickKnudsenUS @BeautyBind No, this is an example of @potus @joebiden,  Democrats &amp; supporters lying or exaggeratin‚Ä¶ https://t.co/TgrmcTV0v3"
"@LoyalAzCitizen @Trumper2020 @DillonReedRose @AZGOP Yeah, that's old news. On a side note, Trump was credibly accus‚Ä¶ https://t.co/V5iblRsCiz"
Who are the people dumb enough to vote for ‚Å¶@RepAdamSchiff‚Å©  Schiff: Discredited Steele Dossier ‚ÄòDoesn‚Äôt Change Don‚Ä¶ https://t.co/OR6E4aREzN
@ernes_maldonado @17DISH @GregAbbott_TX The Borders Patrol is federal and they are doing a great job.  That means i‚Ä¶ https://t.co/3crNHsye6G
"@006GK @GregAbbott_TX How's your boy doing on his ""Covid Plan""? 100k More deaths than Trump and counting ( and with‚Ä¶ https://t.co/LXA9YHPZ4Y"
"@knot_donald Agreed and ethnically, Trump and crew only recognise two generation white Europeans as being American"
Gaetz Says He Talked to Trump About House Speaker If GOP Wins Majority https://t.co/7bncJrYxYH
@joncoopertweets Trump and his followers
Now use that evaluation and change the issues such as Trump; immigration; climate change; economics‚Ä¶ on and On and‚Ä¶ https://t.co/mgag6LZd1v
@StephenAtHome Bet it was Trump's Christmas tree üòÇ üòÇ maybe burn Mar-a-lago down. We can only hope üòÇ
@WendyRogersAZ How many commandments do you think Donald Trump has broken?
@NickAdamsinUSA I‚Äôm sure Trump would like that. Mar-a-lago is a big place
Trump/ @GovRonDeSantis in a landslide! #FJB #LGB F @KamalaHarris https://t.co/kXbjRIdSbZ
@thehill @LeaderMcConnell I don't recall dems supporting Trump's cash handout to corporations via a 35% tax cut.
Trump is now out of office deside by vote and leave a nation in ruins.   he was for 1462 days and 22 hour in office. #Impeachment
A conservative group in Wisconsin debunked Trump's baseless voter fraud claims after a 10-month investigation https://t.co/447wDhGDUh
@mikepompeo How about the violation that America specially Trump administration caused in Afghanistan via Pakistan and Taliban ?
Colbert mocks Nunes for ditching congress to milk Trump https://t.co/scHWWNwFO0
53-22 Arizona at the half! Liz indict Trump this week and we will pathetic second string in the 2nd half!!
@mtgreenee You mean ‚Äúfollowing through in Trump‚Äôs plan to withdraw all troops.‚Äù
Don't kid yourself. The fucker's been vaxxed &amp; boosted. So has everyone around him. But he's a psychopath. Like Tru‚Ä¶ https://t.co/cdYHIG0Eww
"@therealaaronk I have a coworker who is the exact opposite. Hates Trump, and also is deep into Fauci conspiracy theories."
I don't care what anybody says Trump rocks
‚ÄúThe leaders of the Republican Party‚Äîthe soul-blighted Donald Trump and the satraps and lackeys who abet his nefari‚Ä¶ https://t.co/3bqceRzVSU
@maddow Having . . . Trump . . . flashbacks . . . help . . .
@sjackson52 @IAmWhoIAm808 @GregAbbott_TX @GregAbbott_TX I put 100% of the blame on YOU for these child deaths from‚Ä¶ https://t.co/kvf65oVPH4
@JoeTalkShow @tedcruz Trump did more like than that. He didn‚Äôt want to hear anything bad about Russia at all during‚Ä¶ https://t.co/zp0mRjdNuD
McConnell Ignores Trump to Pursue Debt-Ceiling Deal With Democrats https://t.co/ohXyumtxAa
"He's running for Ga. gov, but isn't sure Ga. elections are legit. He implies there's evidence of a fix, never sayin‚Ä¶ https://t.co/R5I4VQNI3B"
@thehill Of course trump is involved https://t.co/3kxOGlEIOj
"@KwikWarren Tyrants must destroy all legitimate institutions, including science, and replace them with institutions‚Ä¶ https://t.co/b8kq240tG6"
@realMeetKevin Who tf voted Romney?! Lol he‚Äôs a disgrace to republicans‚Ä¶gotta be Trump or Desantis
"Look at those eyes! Those are what criminal profilers call ""psychopath eyes."" They're like the last thing you see b‚Ä¶ https://t.co/Z5d7sDANwD"
Trump spent four years complaining about his press coverage... Derrrrrrr... https://t.co/Psw63F1BGB
@FoxNews Trump spent four years complaining about his press coverage... Derrrrrrr...
@KarenHoward42 @nathaliejacoby1 Lol.. I‚Äôve been watching our country fall into a shithole.. on ALL THE CHANNELS! No‚Ä¶ https://t.co/HoEWlBVjBh
"@CandiBair1 @robertccatron @cuqinV @thecjpearson Yes, they do.  But the one Biden closed off was a protected area t‚Ä¶ https://t.co/MpVkNUj5VA"
"&lt; a year of Democrat control of WH &amp; Congress and: ""37% of Hispanic voters said they would support the Republican .‚Ä¶ https://t.co/hhravnvZ5z"
@LindseyGrahamSC On one hand the GOP commend trump and warp speed on the other they yell don‚Äôt get vaccinated cause‚Ä¶ https://t.co/aAFRiYwnRU
"@AriCohn @ericowensdc @SenJohnThune @Verizon @ATT @TMobile They can regulate foreign hate speech, threats blackmail‚Ä¶ https://t.co/OwkeWiW1TZ"
"@DineshDSouza Trump included. We all know. You do, too."
"@TheRightMelissa @Alexforarizona Hate to break it to you, but the fact is a lot of people, including @GOP GOP offic‚Ä¶ https://t.co/DFHf2XohzG"
"@TexasgalD @wfaa No, honey,  we're not giving in to the trump people who tried to take over the nation. Just saying‚Ä¶ https://t.co/YDmozT8yK0"
@MikeGibbonsOH is a horrid #ethnonationalist that has #Trump ball stench on his breath.  A terrible choice for sena‚Ä¶ https://t.co/q5RmJw9x4S
@vonninnyhammer @JonRFleming @ConservaCat4 @Robb242 @JohnFloridaMan @TimTidwell68 @Karlton111 @PootDibou @tip_ct‚Ä¶ https://t.co/ez2dxghVIr
"DJT's Former Chief of Mark Meadows, facing criminal contempt of Congress charges, is suing #Pelosi to block a subpo‚Ä¶ https://t.co/84Wy6Y2XvG"
"@BAFJustTheFacts @MikePerryavatar Does he realize all the people that have had Covid? Uhh, trump, UFC Diego Sanchez‚Ä¶ https://t.co/E9Luz3UnXb"
@auntie_shay You sad most deaths are places that voted for Trump.   That‚Äôs just funny.   Carry on.
@ClayShentrup @winmyvote @AndrewYang @Fwd_Party It says R's are 'suicidely stupid' for nominating Trump because he‚Ä¶ https://t.co/5U0YdydSO4
"@ClayShentrup @winmyvote @AndrewYang @Fwd_Party Trump was elected, of course, so, I guess you *could* argue that ot‚Ä¶ https://t.co/me5WfCK76X"
I just shot someone down so fucking hard on a Twitter TOS point about Trump and election fraud LMFAOOO  I want to g‚Ä¶ https://t.co/b5BEV58F7d
@ClayShentrup @winmyvote @AndrewYang @Fwd_Party ?? The first article you posted has a link to the article about Tru‚Ä¶ https://t.co/3GcyC1BvjK
@January6thCmte So‚Ä¶ maybe another year or so and someone might actually be behind bars?  Doesn‚Äôt congress have any‚Ä¶ https://t.co/yd39lmI029
‚ÄúNews‚Äù.  Smokey Robinson predicts Trump will run and lose in 2024 - The Hill https://t.co/U7ekQR710t
The psychopath has close to a million lives that he's taken by lying to the entire country about what should foreve‚Ä¶ https://t.co/SZt6INIspB
Good!  Donald Trump ordered his staff to 'bust some heads and make some arrests' to clear out Black Lives Matter pr‚Ä¶ https://t.co/TuvnhmZ8Lf
@Strandjunker One good thing is there is no way trump will be around in 10 years
"@GOP Hello, Missourian here! ‚úã  Actually, Biden hasn‚Äôt failed me at all nor have Democrat policies. You know who ha‚Ä¶ https://t.co/0c5Upb8gQv"
@RedPill82594119 @katiehobbs You still think Trump won and that a Trump supporter not liking her is a bad thing ‚Ä¶‚Ä¶ https://t.co/pPoMQYIid8
Trump needs to sign up for ESL classes. https://t.co/2KjMVgbm5F
@SARoss00 @JDeliet As a vet I know Trump was a worthless Commander in Chief. Glad I never had to follow one of his orders‚Ä¶..
@MysterySolvent The worship of Trump.
@SenTedCruz @ScottAdamsSays stand up to trump and defend your wife &amp; father
Trump broke Alec Baldwin https://t.co/QckKjadomb
STFU! How did you gain your millions again?  Nancy Pelosi says she will 'never forgive' Trump for his role in the J‚Ä¶ https://t.co/gh2hXJWDrc
This idea is rampant among embittered #TrumpLies fans-they accept ending democracy to keep white America ‚ÄúDonald Tr‚Ä¶ https://t.co/cIIMgxdCG9
"@andItoldyaso No I am a big fan of the American Constitution, you know that thing that trump tried to burn January 6th?"
Guess Who Trump‚Äôs ‚ÄòTax Cuts for the Rich‚Äô Benefited the¬†Most https://t.co/qL3ECESc56
"Face it, tRump was NEVER smart enough to screw up Democracy this way. PUTIN, on the other hand, has spent his lifet‚Ä¶ https://t.co/Itu6fEMmEG"
"@AllTextingNoT @TexasChance To be fair, he banned Epstein from his club after Epstein hit on a teenager at the club‚Ä¶ https://t.co/YHlJOA6Hpf"
"@POTUS Executive orders. ü§£ What did you do to Trump's ""executive orders"" when you got into office? You nullified th‚Ä¶ https://t.co/RroQex3oNn"
"Someone put me on a Trump email list as a joke, I guess, so now I‚Äôm getting trumpmail. I was just gonna opt out, bu‚Ä¶ https://t.co/Yajq2qc0xq"
"If you‚Äôre a lawyer, a doctor or a scientist that believe Trump is still president and vaccines don‚Äôt work, you‚Äôre a fkin idiot."
I hope you are wrong in this case. Everyone in Trump's circle is responsible for allowing his incompetence to conti‚Ä¶ https://t.co/z2EVlVu6ql
@Thorne75658284 @katiehobbs Look at the tweet from the Trump supporter!  Now that we know the Q anon white national‚Ä¶ https://t.co/FjCNLViYKe
"@ziggy_USA Was he trying to get dirt on a rival, like Trump was? Where‚Äôs the Putin, Trump transcript from Helsinki‚Ä¶ https://t.co/9ReQeGCtpW"
Pence should not waste time running we are voting for President Trump.
"Trump calls for Biden to ""leave office"" over rising COVID-19 deaths https://t.co/TOyUMxpQ6f Yeah right ! Donald Tru‚Ä¶ https://t.co/JZy4kaKOj5"
Former Trump White House chief of staff Mark Meadows is suing Speaker Nancy Pelosi and the House committee investig‚Ä¶ https://t.co/q4sleczRUX
I can't wait for Trump social media to drop
"President Trump's gun control by Exec Order ‚Äî bump stock ban ‚Äî is heading to #SCOTUS  PRECEDENT Trump, gun control‚Ä¶ https://t.co/vnj7m1L443"
Trump's win in 2016 emboldened racists.  And the severe racism we see today is a DIRECT RESULT of that election.  I‚Ä¶ https://t.co/hxncXgI9tD
@John76933171 @NYDailyNews Sure.   https://t.co/nnweOapJbr
FEC Sued For Failing To Investigate Illegal Trump/Russia Coordination https://t.co/NkU5pyhZLP via @politicususa
@alliesavvy @ger_Kreuz @maddow @USArmy Trump of course. He couldn't allow a narrative that countered one of his many lies.
Women tearing down women for their skin color? WTF?  VP Harris meets with black feminist activist who said 'f*** th‚Ä¶ https://t.co/yP54V7lxzQ
How come this guys past doesn‚Äôt  circle back an bit him in arse. If President Trump were to say something like this‚Ä¶ https://t.co/qOu6VutcoP
Don'? Trump dismisses climate change the numbers.
Gaetz says has talked to Trump about making him House speaker Then impeach all Dems 24/7 https://t.co/QMLS4bzklV
"SHOWDOWN: Trump Chief of Staff Mark Meadows Sues Pelosi, January 6 Committee https://t.co/caDeksDdPm via @gatewaypundit"
@auntie_shay New York and New Jersey voted for Trump?   Weird.
@maddenifico But trump Republicans see racism and White supremacy as just their valid opinion.
"Shut the fuck up!  Not bitter then, Hillary? Clinton breaks down in TEARS as she gives cringeworthy reading of the‚Ä¶ https://t.co/l0UoAVnZDJ"
"@dogdadohio Well how about that! Hey Nancy, why didn't you request thier deployment? I'm sure you had Trump on speed dial."
Rep. Matt Gaetz says he is talking to Donald Trump about making him SPEAKER if Republicans win back the House in ne‚Ä¶ https://t.co/8x9ciz7Q3Y
Trump really convinced the entire Republican Party that the way to win is just utter bafoonery https://t.co/WNc5RmznrR
@Its2Easy_Deonn Y‚Äôall gone have to sit down again on that oneüò≠üò≠üò≠üò≠ trump card gone be who average more tho u know it?
@getyrtrouserson @maggieNYT I disagree.  They made a shitload of money off of thr Trump presidency and will do it again if they can.
"@MsCecileB It has gotten worse, since Trump took the Presidential elections in 2016."
"@masonsixtencox Yeah, but you had #Trump! At least you can get rid of your unproductive leaders.... even if the ele‚Ä¶ https://t.co/EVoyu4uzCZ"
Fuck her!  ‚ÄòIt's been too long - Trump's still in power': Texts reveal wife of nuclear scientist accused of selling‚Ä¶ https://t.co/v0FTRIgBKU
Has Meadows also been castrated by Trump? Or does he live in constant fear of castration? https://t.co/SXbYrkY02v
Audio &amp; transcript of former President Trump on ‚Å¶@hughhewitt‚Å© from this morning. https://t.co/CuQlKUswXu
@douglaslstwit I mean trump doesn't possess leadership skills.
@BruiserK @Ethan__Tremblay @sumlikeitall @WHO13news So covid was all trumps fault. Lol there you go again. You clai‚Ä¶ https://t.co/jZYwCOFUdU
"@Teri_Kanefield My gut feeling is that Trump‚Äôs second-tier schleppers ‚Äî Meadows, Gaetz, Greene, Gosar, maybe Cruz ‚Äî‚Ä¶ https://t.co/YzYJYYvFXr"
"@maddow thank you for showing the rest of the country what a completely self-serving, science denying, Trump acolyt‚Ä¶ https://t.co/MULONx8jP9"
@Impeachtrump75 @townhallcom @TwitchyTeam Here's the full clip with the stammering beforehand and after. And yes he‚Ä¶ https://t.co/t4avQ3IYI4
@44MagnumBlue1 Hopefully Trump's upcoming social media conglomerate will render Twitter and FB into meaningless leftist echo chambers.
Trump's win in 2016 emboldened racists.  And the severe racism we see to day is a DIRECT RESULT of that election.‚Ä¶ https://t.co/w0NOycilnZ
@georgemedlock @Powwow_Kev @JoeConchaTV Why do the guys who against Trump look like gurly men? Asking for a friend
Interesting thread about Meadows‚Äô situation. Sounds like he is boxed in. Poor Mark. üôÑ The Trump kids got burner pho‚Ä¶ https://t.co/IUI6G30019
@BethR_27516 @benpershing @WSJ @aaronzitner Its tiresome how for example every media outlet uses Zapata county in s‚Ä¶ https://t.co/rmsR64IaQo
Someone needs to fess up and admit they made a mistake with vaccine. And this is on 45 and 46. If Trump don't man u‚Ä¶ https://t.co/MSxKs9fGSd
"Fuck trump, but something about Hillary being a sore loser these last few years is so amusing to me. https://t.co/pW7PrHp4MV"
@DanMKervick No. Obama's cia ran the Ukrainian revolt in 2014. Biden's kid was over there for a reason.   The China‚Ä¶ https://t.co/vKhuMcLHdF
"This is the kind of place Trump had in mind when said some countries are ""shitholes"" https://t.co/ufWemCpo1w"
"@TCara65 @jennycohn1 If DoJ is not prosecuting Trump and allies because they are worried about unrest, terrorism has already won."
@AdamCoxTHS Would you have made it to a Tascosa state semifinal if that would have presented itself?  Or would the‚Ä¶ https://t.co/mK9TmqXZwc
"@Sen_JoeManchin  Dude.  Trump will not endorse you. Stupid prick. When you can't sleep, count people you helped die."
@BruiserK @Ethan__Tremblay @sumlikeitall @WHO13news You must not like facts. Then again you think donated medical s‚Ä¶ https://t.co/cUWV5PosLf
"@latstetter Trump barged into the GOP race, the RNC tolerated him and Repugs nominated him. The DNC blocked Bernie‚Ä¶ https://t.co/srG309sMPt"
@TxsleuthUSA @TileTony @Justlove3332 Laura I disagree. We can‚Äôt have people not show up.    Meadows should‚Äôve shown‚Ä¶ https://t.co/ID5bK34owV
@BruiserK @Ethan__Tremblay @sumlikeitall @WHO13news Why is there more deaths under Biden with vaccines than under trump without vaccines?
@car_trump Under Biden?   Thought he was going to fix this mess.
Why not just let #Trump's dopey fans believe he's been secretly inaugurated back into power &amp; that he's giving Bide‚Ä¶ https://t.co/ks9wsFbfTC
@BruiserK @Ethan__Tremblay @sumlikeitall @WHO13news Dishonest. More deaths under Biden with vaccines than under tru‚Ä¶ https://t.co/lwrSvq69O4
Devin Nunes could have been Chair of the House Ways and Means Committee.  This is a position that takes years to ge‚Ä¶ https://t.co/DedgfvJR5u
@MarkHertling @GinnyMcDonald8 tRump is a liar and a disgusting person
Trump's Deep State special counsel could see key indictment derailed after new evidence undermines claims https://t.co/ovtENoi8GR
@BruiserK @Ethan__Tremblay @sumlikeitall @WHO13news You said if it weren‚Äôt for trump we wouldn‚Äôt need ventilators.‚Ä¶ https://t.co/MxVdiduSF3
"And while I'm sure dad won't ever vote for Trump, I'm not convinced he won't go right back to voting R down-ballot‚Ä¶ https://t.co/BGIwPHQeZO"
"The good news is, it only took 15 years of anxiety-inducing dinners during which I drew firm boundaries and stood b‚Ä¶ https://t.co/banUJTzoqZ"
@MaryLTrump @MollyJongFast The only Trump that matters‚Ä¶ #MaryTrump
@VP I‚Äôm very proud to be a ‚Äúdirty Trump voter.‚Äù  Are you as proud to be a filthy whore?  Inquiring minds want to know‚Ä¶
"$DWAC just remember trump was vaccinated twice, plus booster Ô∏è"
Army awards more Purple Hearts for troops hurt in Iranian attack that Trump downplayed  https://t.co/oiwYA6M2IZ
Trump Let's Us Know How Much Of 'A F*cking Idiot' Gen Milley Really Is LOL https://t.co/QV84uyjPNE
@BruiserK @Ethan__Tremblay @sumlikeitall @WHO13news He wasn‚Äôt in charge. You must have forgotten that. If Biden did‚Ä¶ https://t.co/ZZmNSTLOMG
I don‚Äôt ever want to hear anyone on either side castigate Trump for embellishing or telling tall tales.  Our curren‚Ä¶ https://t.co/FpraAWGMTO
"Chris Hedges on Ghislaine Maxwell‚Äôs  trial, Jeffrey Epstein &amp; the corrupted powerful who are conspicuously absent b‚Ä¶ https://t.co/CDfiyg6h7U"
@WalshFreedom He‚Äôs a sneaky one. His staff have been cooperating with the J6 committee. He‚Äôs trying to have it both‚Ä¶ https://t.co/ac5Vc8k3q1
Who else can't wait till Trump launches his new social media platform?
@Cerulean_Man @chipfranklin @RlalbrechtTroy Hey give him time ..Trump really fucked up some stuff‚Ä¶
"Remember, Trump had COVID.  Mark Meadows said in his book that Trump was so ill that he could not even carry a brie‚Ä¶ https://t.co/zET0XO5BOZ"
@BruiserK @Ethan__Tremblay @sumlikeitall @WHO13news You claimed trump sent needed US owned medical supplies to Chin‚Ä¶ https://t.co/1YpvvGKiqn
@laurenboebert Y‚Äôall are tripping if you think trump is gonna run üòÇ only 2024 is 20-24 years in federal prison üòÇüíÄ
@SwiftlyTom @Noahpinion Look at all the Caudillo's and Juntas and strongmen in Latin American politics. Not everyon‚Ä¶ https://t.co/YZYQWPiPPt
"@BoobPunchTina @mkraju Sorry, not interested in right-wing propaganda. Rashida Tlaib is not anti-semitic. Also did‚Ä¶ https://t.co/80PtZ2nCeE"
"@BruiserK @Ethan__Tremblay @sumlikeitall @WHO13news Nope, but trump had a deal with the Taliban to get everything a‚Ä¶ https://t.co/RHIFRJuU1Z"
it's only going to get worse. You think it's bad now wait till the midterm elections. By the time the 2024 election‚Ä¶ https://t.co/P1FRL5g2Y6
@BruiserK @Ethan__Tremblay @sumlikeitall @WHO13news Lol!!! So trump should have allowed zero covid cases in the cou‚Ä¶ https://t.co/wC3DeGMJIx
"@maggieNYT Wow, did this happen. While trump was in office?"
"@seanhannity Hillary and Trump, neither one can let it go."
Is Cuban hanging out with Trump or something
"My new @FourthWatch Podcast - with Tucker Carlson...  On the terrified elites, ‚Äúcensorship protection‚Äù of Fox Natio‚Ä¶ https://t.co/VV1RlQzxi1"
321 followers. I need some like minded trump hating folks. Or if you like conedy I try and be funny. https://t.co/Ji7hv2q147
@TaylorEdwards99 @nnalinas @ChuckCallesto Fox trashed trump?  All media sucks - I‚Äôm not defending any of them
"Trump pushing Perdue into Georgia governor race a ‚Äòdisaster,‚Äô says GOP strategist https://t.co/DwX8NqdL64 via @YahooNews"
@dingus_mcgee @JanK3875 @RadioFreeTom Not just nothing. Are the conservatives Trump put on the Supreme Court likely‚Ä¶ https://t.co/7SGVTFRzMc
@Patcool83 @MarzGurl Do ya'll really think this started with Trump
"Tinker, Tailor, Mobster, Trump - PREVAIL by Greg Olear  https://t.co/DhpJCvuTPB"
@BruiserK @Ethan__Tremblay @sumlikeitall @WHO13news Ventilators. We had to build more and trump expedited that.
@axios A bold Trump move... üòâ
@Brenda8023426 @Sharon29753513 @myflowerpros @anonHaak @JackPosobiec @thebradfordfile Not politically correct.  We‚Ä¶ https://t.co/gpLLAHWu4g
@BruiserK @Ethan__Tremblay @sumlikeitall @WHO13news Send video please. Not just internet meme. Just a picture of trump
Mark Meadows accidentally reveals what Jan. 6 evidence is 'freaking out' Trump allies: MSNBC's Morning Joe https://t.co/fIw8wRJEBM
"@Raelkend I mean, Trump‚Äôs Abraham Accords have objectively been successful as well. I‚Äôm all for peace.  Quick Googl‚Ä¶ https://t.co/QdWrawrZfH"
"President Trump Releases Statement: ‚ÄúMitch McConnell just folded on the Debt Ceiling, a total victory for the Democ‚Ä¶ https://t.co/Od5YKqrC8i"
@BruiserK @Ethan__Tremblay @sumlikeitall @WHO13news You criticizes donated medical supplies going to China before t‚Ä¶ https://t.co/FEIqcTLWkM
Trump was right about everything! https://t.co/fWFKFAmdfu
@BruiserK @Ethan__Tremblay @sumlikeitall @WHO13news Trumps deal with Afghanistan‚Äôs was we get our people and equipm‚Ä¶ https://t.co/dj08Y0SSOg
@FuarFearg @15poundstogo This was the big news of the day on that date. This is really the only thing I could find‚Ä¶ https://t.co/PCk7zoEUeI
@ChrisPeretti1 @TomJChicago I have a question. If you go to https://t.co/eAmCwgM5sA and look at Joe Bidens 1st 30 d‚Ä¶ https://t.co/TiBGeraUjb
@LetsBCivil @InsidiousSue @AlyssaVogt6 @thedarklord0718 @AliciaStump Plus I haven't had a conservative yet who can‚Ä¶ https://t.co/ON7ZYSXrbu
"Learned to sue from Daddy Trump.  Stall, stall, stall.  The more lawsuits the better!  Oh, and sue for what exactly‚Ä¶ https://t.co/4w1wTjBPie"
Does anyone have compelling evidence for intelligent alien life on other planets?  Donald Trump is outta this world‚Ä¶ https://t.co/V2pu77lckE
@ScharSchool @LarryPfeifferDC @mvhaydencenter @thedailybeast Trump had absolutely no interest in being the presiden‚Ä¶ https://t.co/A9F7RPvCAl
Never forget- - &gt; O left 200 judge appointments open for her quid pro quo since they had voter fraud in play and th‚Ä¶ https://t.co/i611lxROYx
"@EJDionne They better do more than ‚Äònotice‚Äô. Republicans and trump are planning an armed insurrection, they won‚Äôt b‚Ä¶ https://t.co/kT2O3wtQbX"
@LindseyGrahamSC You had no problems with Trump separating children from their families at the border.  But a natio‚Ä¶ https://t.co/eusAwVDpPD
"@mikepompeo @BeingJWood Indicting Trump &amp; his fellow Insurrectionists, like @SenTedCruz would do a lot to heal this‚Ä¶ https://t.co/h8IyvPhWwO"
@DebbieLesko That's what the voters elected him to do. Unfuck everything Trump did. It doesn't act as any deterrent‚Ä¶ https://t.co/eviR8Xpf9U
@NikWotherspoon And he‚Äôs not as dumb as Trump.
@Jmeacham14 @1galactus1 @mindybee14 @BerkeleyJr You mean the ones that were left for the Afghan army before they fo‚Ä¶ https://t.co/wuS858VFnj
"I was recently on a panel of Independent voters for @CNN's @AlisynCamerota to discuss Biden, Trump, and the state o‚Ä¶ https://t.co/IbX6G2DBoH"
@StallionMolly Never accept defeat. However it is obvious the courts are stacked against the right and working a sl‚Ä¶ https://t.co/A9gyk90XzM
@mcword1 @jeffrossi @svdate Find me someone that has never Lied If you can't do that then find someone that has tol‚Ä¶ https://t.co/Nh6AYd4vKR
@LetsBCivil @InsidiousSue @AlyssaVogt6 @thedarklord0718 @AliciaStump The unvaccinated are dying in higher rates tha‚Ä¶ https://t.co/Zt4Z2ZiBXs
"@ACTBrigitte So when trump told Xi that the concentration camps were a good idea, that was a bad thing?"
@NikkiMcR Trump had tits before he had covid.
"@Scattered211 Wait, I thought this was a women posing with the new Trump display at Madame Tussauds Wax Museum."
"@Trump_Detester Ah yes, the victory tent party üéâ, where TFG watched it all on the big TVüôÑ"
Supreme Court Sides With Trump Administration In #Asylum Cases https://t.co/qM0nKKnbsm 25 Jun 2020  #QUOTE The vote‚Ä¶ https://t.co/5Dlc7wsg10
@booksanescape @amvetsupport trump &amp; Putin loved each other..!
Mediaite: Stephen Colbert Roasts 'Grossly Incompetent' Devin Nunes for Leaving Congress to Run Trump's Media Compan‚Ä¶ https://t.co/RjAgL5kWUg
? why is trump not in prison?
@TheLasso0fTruth @ObsidianGoose Trump only failed when the election happened. That's when he should've stepped up a‚Ä¶ https://t.co/DYVFTuHlZu
"The Groups Want The FEC To Investigate Trump And Russia The groups want answers to questions like, how much did Rus‚Ä¶ https://t.co/hz3wTNaA7H"
Mediaite: Hillary Clinton Says Angela Merkel Was ‚ÄôLeader of the Free World‚Äô During the Trump Administration.‚Ä¶ https://t.co/FQq1eeJM2V
@WallStreetRy I voted for Trump twice and I'd do it again üëÄ
"Accused spy hoped to flee U.S. because she hated Trump, say lawyers https://t.co/aPkKzZXT9d via @YahooNews"
@AuntyAntiRanti @LadyJayPersists When Trump was in office I realized that hed make the average Republican seem much‚Ä¶ https://t.co/4L14x9pJ4e
"If you voted for Trump, WE AIN‚ÄôT FRIENDS. #EvergreenTweet https://t.co/tEXE3qNhhy https://t.co/wdpzUbO5N3"
@matthewferner That quote is Trump 101. State something overly obvious that is based on a 100% dishonest narrative.
Mediaite: Pelosi Says She'll 'Never Forgive' Trump For 'His Lackeys and His Bullies' He Sent to the Capitol on Jan.‚Ä¶ https://t.co/Ip5APEj52b
@RepBoebert Trump was a failure.
Mediaite: Nate Silver Shreds Study Dana Milbank Cited to Claim Media Treats Biden Worse Than Trump: 'Complete Crap'‚Ä¶ https://t.co/8bNv2RvHjW
Trump social media venture facing major hurdles https://t.co/9PsLHwaI9d https://t.co/nYx6VfHjtk
Explain this-More people will have died from COVID under Biden than Trump https://t.co/wJDPH0bNPy‚Ä¶ According to Joh‚Ä¶ https://t.co/YwA5VCsHOq
When Will We Finally Accept That Trumpism Was Never About Economic Anxiety?  https://t.co/i0mvoOuMh9
"Mediaite: SHOCK POLL: Trump and Biden Would Basically Split the Hispanic Vote in 2024, a Nearly 30 POINT Swing.‚Ä¶ https://t.co/jV86qbjplV"
Mediaite: Hugh Hewitt Ends Interview With Trump Begging Him Not to Endorse Eric Greitens: 'We'll Lose That Seat'.‚Ä¶ https://t.co/CinuYJWV1d
Frivolous and REACKS OF DONALD TRUMP'S BREATH... #GOPCorruptionOverCountry #GOPBetrayedAmerica‚Ä¶ https://t.co/oPacqnkgNz
"@LauraTripp57 @JesusNarrowWay Trump isn‚Äôt driving it, the Fundamentalists Christian groups are.  I think many Relig‚Ä¶ https://t.co/7RGFEeXqV2"
"Mediaite: Trump Ordered Staff to 'Bust Some Heads' at Black Lives Matter Protest Prior to Bible Photo Op, Meadows B‚Ä¶ https://t.co/zjb674i72g"
"Perhaps the legislators were afraid to make waves, hurting their chances for re-election.  Perhaps they hated Trump‚Ä¶ https://t.co/jpvAsYrtqs"
"@_eyes_of_texas_ Historic flooding in Hawaii and a pandemic, Remember when Trump went to watch boxing in 9/11 remembrance and nobody cared üòÇ"
Mediaite: Trump-Backed Georgia Gov Candidate David Perdue Says He Wouldn't Have Certified 2020 Election Results.‚Ä¶ https://t.co/K7KjPexiJO
@redsteeze @robindavison89 It‚Äôs called ‚Äúcommunication‚Äù not ‚Äúreshaping.‚Äù No lies or propaganda except this article‚Äôs‚Ä¶ https://t.co/JQZFry2QW6
"Trump won't be able to Endorse a toad, once he is found GUILTY.  Please give that the most URGENT attention."
"@Bobby27314038 Trump recommended the vaccine, have you taken it?"
tRump doesn't pay his employees. Hope Devin has money saved up. https://t.co/e0qNNwkhaj
Former Trump ambassador to run against Alabama governor https://t.co/Wu04MEnQux
"@JoeBiden You know, I really don‚Äôt understand why @Twitter banned Trump. Because you make just as many posts as he‚Ä¶ https://t.co/dWtbQ153mE"
@aulddawg75 @Flower_Beast_01 @DineshDSouza The world of difference is that if Trump or anyone else is guilty then m‚Ä¶ https://t.co/0yVj640BBd
Evidence shows Michael Sussmann lied when pushing Trump-Russia claims says John Durham. Prosecution then to prison.‚Ä¶ https://t.co/2lBPlzA44i
@wsbgnl @WHCOVIDResponse 400k deaths since he took the oath of office. Will exceed Trump's body county before his f‚Ä¶ https://t.co/sZF9VJSVaR
@VoteFiore Far-right Las Vegas city councilwoman under investigation by the FBI https://t.co/90yQ9EDGQj
@VoteFiore Far-right Las Vegas city councilwoman under investigation by the FBI https://t.co/90yQ9EDGQj
@ChrisMurphyCT Democrats did the same thing to Trump nominees. Karma hurts.
@VoteFiore Far-right Las Vegas city councilwoman under investigation by the FBI https://t.co/90yQ9EDGQj
@VoteFiore Far-right Las Vegas city councilwoman under investigation by the FBI https://t.co/90yQ9EDGQj
@VoteFiore Far-right Las Vegas city councilwoman under investigation by the FBI https://t.co/90yQ9EDGQj
@VoteFiore @LVFirefighters Far-right Las Vegas city councilwoman under investigation by the FBI https://t.co/90yQ9EDGQj
"@DavidJa36400274 @1lucyhannah Ya, right! tRump does not respect the military. He thinks his family is above serving‚Ä¶ https://t.co/WKS820ELMe"
@VoteFiore Far-right Las Vegas city councilwoman under investigation by the FBI https://t.co/90yQ9EDGQj
@VoteFiore Far-right Las Vegas city councilwoman under investigation by the FBI https://t.co/90yQ9EDGQj
"I was only 13 at the time of the 2016 election, but I remember how I felt the morning I found out Donald Trump won.‚Ä¶ https://t.co/xxNIlGCTXf"
@VoteFiore Far-right Las Vegas city councilwoman under investigation by the FBI https://t.co/90yQ9EDGQj
