"from Australia, accurate view of Fauci https://t.co/6rLemHMB6M"
"This comes after Pfizer's chief scientific officer told CNN Wednesday ""fully vaccinated"" against coronavirus and it… https://t.co/tYs6eF6fJz"
"@BrainphrozenC @Great_Briton_I @AbbieViolet69 BULL.   ""Dr Anthony Fauci, the nation's top infectious disease expert… https://t.co/FNgZyZXupH"
"Another desperate bid to keep this $cam running.  ""Meanwhile in the UK, cases are spiking - especially among the VA… https://t.co/zKR8QeQL5T"
@ScottAdamsSays The corruption is Dr. Fauci
@laralogan I would agree with your assessment of Dr. Fauci. Stand firm. https://t.co/rCU8rrHoCS
"@TweetyMctwat Funny, Trump got vindicated on RussiaGate (exposed as a political hit job), proven right about Covid… https://t.co/f4c708r2aU"
@MidgetTamer Funny how Fauci said the strain is mild and we won't ever irradiate Covid but keep getting shots people.
@EstaciaMoon @TalibanGooner93 @MichaelDrew1313 @Super_Kracker @mikelamb21 @PKoubar @BGB2187 @DonaldJTrumpJr… https://t.co/dAEy9GgGTU
"Speaking in an interview with CNN's Kate Bolduan, Dr. Anthony Fauci agreed it's only a matter of time before the de… https://t.co/udmbRXT5Pj"
"Hey, Fauci ... NO WAY! And also, GO AWAY! https://t.co/QqGfzS6fXE"
"“Santa already has great innate immunity,"" Dr. Anthony Fauci said. ""This year he is even more protected because he… https://t.co/txRGG1g5I3"
"“Santa already has great innate immunity,"" Dr. Anthony Fauci said. ""This year he is even more protected because he… https://t.co/Xo0TStS1hG"
"“Santa already has great innate immunity,"" Dr. Anthony Fauci said. ""This year he is even more protected because he… https://t.co/fyDFgRjAcQ"
"“Santa already has great innate immunity,"" Dr. Anthony Fauci said. ""This year he is even more protected because he… https://t.co/LFS1w3QlNf"
Fuck the Bush family. Fuck the Biden family. Fuck the Clinton family. Fuck Fauci. Fuck LeBron James. Fuck Zuckerber… https://t.co/Q1hmBGdElp
Pretty sure the Grinch isn't vaccinated.  https://t.co/z5O2imecHQ
"@andrealynn_rn If Fauci was actually a medical expert, he'd be pushing for universal healthcare, but he never did.… https://t.co/cwMFg0Wj0f"
Didn't fauci just day Delta variant is  no more dangerous than any other Bastien Varient
#BreakingNews The Christmas tree @FoxNews caught on fire late last night in what they are reporting as arson. Many… https://t.co/FyJxF8KPTd
Today: Congress has a deal to avert a shutdown. Some interesting things about Pearl Harbor Day. Dr. Anthony Fauci t… https://t.co/7iqO7Lo8VM
"""Dr Anthony Fauci, the nation's top infectious disease expert, said he is certain the Omicron COVID-19 variant does… https://t.co/E2j38N62bu"
@BeyondContesta1 common thread Fauci.
"@disclosetv Why should we blast what #Fauci says when it supports us?  He has also said ""can't mandate,"" ""masks are… https://t.co/hLf5R01Wvz"
@Greg20532090 @Beautyof2 @SandraShoemak13 @TomJChicago All I will say is go back to pre Democrat created Fauci made… https://t.co/ixLJu3Df8W
@nerfherder73 And who has Fauci helped?
On the first day of xmas my true love gave to me! One million Masks. Two Pfizer Jabs. Three Hand Sanitizers Squirts… https://t.co/eqEPRQDaNS
"@TopicalZealot That's actually not true. WebMD is like Wikipedia; easily manipulated by propagandists like Fauci, w… https://t.co/vehmNVEla5"
@DesignerCereaLK @brnsntrn @NycTekken his statement is accurate according to CDC guidelines. If someone from CEO ca… https://t.co/SRU12s2FG8
"@ForsythRosalee @CNNSotu @amy It was not in response to Dr. Fauci except indirectly. However, to your second point,… https://t.co/etwOuplprz"
"Cruel Authoritarian Leftist Won't Do Christmas Unless Son Takes Drug With No Long Term, 5 To 7 Year Testing - Birth… https://t.co/O9JwbJDXuJ"
Biden Claims Fauci Might As Well Be President https://t.co/5mDLt496bn
Fauci encouraged that omicron doesn't appear to be more severe https://t.co/BpGF2TwnuV
"@Biotech_Clone @KCCINews Then arrest Trump as well, he had Fauci on his task force."
@Beautyof2 @SandraShoemak13 @TomJChicago Eazy decision as most of Americans knew that at the election but it was st… https://t.co/uKd8nb4Pm6
There’s a entire generation of gay men that had to live through the 1980’s watching there love ones wither and die… https://t.co/9Jttn8Pg2O
@Fennario_Wolf @seanhannity I'd rather talk to my own doc about my personal need for vaxed. Let him diagnose my per… https://t.co/TQQWQqPPGf
@Fennario_Wolf @seanhannity then he's wrong bc Fauci has been wrong since the beginning. Fauci loves the spotlight.… https://t.co/joBt6K7LQD
"@Fennario_Wolf @seanhannity If you listen to Fauci, he's not. Your local doc may, but CDC and the rest of the govt isn't."
Anthony Fauci tortures animals and has murdered children in the name of research. This is the man you have allowed… https://t.co/vkFQQiC7h8
"@Fishcak18433002 @covidalangrier @matthewok15 I'd lower Trump's grade since he's not president anymore, I'd swap hi… https://t.co/MT2cXkSvK9"
Dr. Fauci: Early Data On The Severity Of Omicron Variant Is 'Encouraging' https://t.co/LNeWJMbn1n
Dr. Fauci: Early Data On The Severity Of Omicron Variant Is 'Encouraging' https://t.co/JEW7SsBg1V
@alessi_tracy @TomJChicago Why cuz the fact anyone can admit to voting for Biden isn’t something I would brag about… https://t.co/OT3VWGFJos
Fauci says early reports encouraging about omicron variant https://t.co/FlRSEvkP4e
"Dr. Fauci says early reports encouraging about omicron variant, but still urges caution https://t.co/QEPEkc4jQy"
"Dr. Fauci says early reports encouraging about omicron variant, but still urges caution https://t.co/rLMfOKvnAf"
#FoxNews #LizClaman comes down on #FauxNews  #LaraLogan for falsely comparing #Fauci to #DeadNazi #Torturer Dr… https://t.co/pnTCmpzHGv
@mathibod Thats not what they said. They disagree with you. They're implying Fauci isn't selfish because hrs not a Republican
@greenanddwight @ChrisPit72steel Trump locked us down and left Fauci in charge when numerous people told Trump to f… https://t.co/kaBzVWqqAx
"U.S. health officials say that while the omicron variant of the coronavirus is rapidly spreading in the country, ea… https://t.co/SpHnOGuC6l"
@drvictoriafox Fauci hasn’t been perfect  But I will say this  Everyone who has underestimated COVID at every stage… https://t.co/NBdw7amvJb
@allinwithchris We support Dr Fauci. He has done an amazing job during the entire pandemic. Fox is not a news netwo… https://t.co/pFbNovDWYx
U.S. health officials said Sunday that while the omicron variant of the coronavirus is rapidly spreading throughout… https://t.co/hyAGhEe0Tb
@CtravelsC @StigAbell Every Fauci worshipper https://t.co/U24xpBf0iU
@Isobel_Davies @BenGoldsmith @StigAbell They'll only believe you if you find a way to get LordGod Fauci to say it o… https://t.co/747aUgHOvG
Ron Johnson is no match for the cerebral Dr. Fauci. No match at all. https://t.co/VTex3lfAAq
@catturd2 @joerogan asks questions and comes off authentic.  Fauci reminds of the evil doc from James Bond movie!
@kelly_rdc Ignored Fauci and WHO.
U.S. health officials said Sunday that while the omicron variant of the coronavirus is rapidly spreading throughout… https://t.co/wiIfsycvpr
"President Joe Biden’s chief medial adviser, Dr. Anthony Fauci, told CNN’s “State of the Union” that scientists need… https://t.co/AuJE7CanBH"
Omicron variant found in nearly one-third of U.S. states https://t.co/DcmGdGgTpL #SmartNews
Fauci says early reports encouraging about omicron variant https://t.co/7eST2qBzz1
"Will Fauci Be Indicted, Is MSM Acknowledging Natural Immunity? YOUR Questions Answered https://t.co/scLCTfOJBq via @YouTube"
@DonaldJTrumpJr Fauci needs to be remove .
MAGA hatred of Anthony Fauci goes from bad to worse https://t.co/Z5VXHAX5lT
Ron Johnson brutally flattened by Anthony Fauci for claiming he 'overhyped' the Covid-19 crisis https://t.co/Sxjrf8YBgY
@FoxNews Nothing to say about Laura Logan comparing Dr. Fauci to a Nazi?
Dogs tortured by Fauci; babies ripped apart for their parts; what the fuck else are we as taxpayers unaware of? https://t.co/YLaMBcs69r
"The media would have jumped in line and this would not be on the front page.  Instead, Biden continued crisis mood,… https://t.co/u9gWzrgGbx"
"Let’s take #Fauci @BillGates , @georgesoros , @POTUS , @TheDemocrats , @CNN , @MSNBC , @GOP , @WHO , @CIA , @FBI  a… https://t.co/YpUbmqdvXw"
@WalkerBragman That was Fauci's whole idea when he created Covid by funding illegal gain of function research. That… https://t.co/LDPvP1Wp5o
@jeremy_hugh @DonaldJTrumpJr @joerogan How is this saying he doesn't trust science? Fauci is a liar. Since I don't… https://t.co/CgpfrgoHLp
@DonaldJTrumpJr @joerogan Sad truth. The only thing I trust Joe Rogan for is accurate information on DMT experience… https://t.co/7eX29jbCbT
Fauci calls out Fox News for letting host compare him to Nazi doctor: 'Astounded' https://t.co/CNBryTAAUF
"People asking Joe Rogan for covid advice and getting cured overnight instead of relying on Tony Fauci, FDA, CDC, WH… https://t.co/Y1aBU3wgzA"
@DonaldJTrumpJr @joerogan I trust a fart after Taco Bell more than Fauci
@BadFoxGraphics @HowardKurtz @laralogan @FoxNews Dr Fauci is correct. @laralogan doesn’t know what she is talking a… https://t.co/dB7iKHK1Zz
@SenTedCruz Fauci needs to be prosecuted for his crimes
"@thetonymichaels So, they’re following CDC guidelines and wearing masks or are they just trying to avoid facial recognition software?!"
"@RWMaloneMD inventor of mRNA vaccine and Kary Mullis, inventor of the test tech…both profoundly critical of Fauci.… https://t.co/pgw7vOvhZ1"
Pretty sure I could get 20% of the 2024 POTUS vote running a single issue campaign to jail Fauci
Fox News Disappears Lara Logan From the Air Following Fauci Attack https://t.co/cFH5we2Wjr #SmartNews
"#ChinaVirus, Dr.Fauci referred to Covid Virus Friday as “original Wuhan strain”. All of you that called me Racist-“… https://t.co/Uh3dFrFbn7"
@kgopinion Correction: Fauci is gonna try to fuck up people's holiday plans with a virus he helped create and isn't… https://t.co/zduY6hTwml
@ebottcher Also a product of Fauci...
@MicahhParsons11 Players and a bunch of others bitched about a kid having to stay at a school bc they’re under scho… https://t.co/uQT2Z6KwIw
NIH tortured monkeys with acid and toy snake as Fauci faces calls to resign over dog torture tests https://t.co/quLnQdHhiw
Lies government told you part 5:  Rachel (Richard) Levine is a woman   Everything Fauci says  Biden is a good leade… https://t.co/0czrOZc0eV
Fauci Only Enforces COVID Testing For Certain People https://t.co/rue28nNtWS
Rand Paul is Saint Fauci worst nightmare. #BranchCovidianCult https://t.co/WmOxgP9OvS
@sreiser918 What blows my mind is 99% of America is clueless.  Tony Fauci has been a lead author of Harrison's Text… https://t.co/gsi1jF7t0x
@EygesJeffrey Though compared to much of the troll traffic calling Fauci an elf is harmless and a little amusing —… https://t.co/lHlD8rA2nc
"@maggieNYT Hey, no one wants mandates but when your party’s PR machine is calling Anthony Fauci a Nazi you’re not r… https://t.co/gTwt6A5Mrb"
"@BlackBernieBabe Even if Biden does run again, he's not gonna win. He only won because of Covid or #FauciVirus as i… https://t.co/f6Pnzry81s"
@DeItaone On Monday he’ll say we all need boosters and that we’ll have to lock down again until the population hits… https://t.co/2CwanXZeo7
"@BidenCCPASSet @zerohedge Double vaxxed &amp; boosted. If people didn’t force their anti vax, anti-Fauci agenda on ever… https://t.co/d5MBUK4aeI"
@afewcrayons @zerohedge Where is the verifiable proof that this took place &amp; that Fauci was involved/did anything illegal? Please show me.
Fauci is focused on maintaining a Pandemic in whatever form https://t.co/oqcA43F92C
"Omicron identified in Nebraska but surge of cases due to delta. ""protected our hospital capacity without lockdowns,… https://t.co/nop7J9MxPB"
"@gregkellyusa ""Dr. Fauci ranked 9th out of 2.5 million authors in the field of immunology by total citation count b… https://t.co/oBAII8UhW1"
"@ACTBrigitte ""Dr. Fauci ranked 9th out of 2.5 million authors in the field of immunology by total citation count be… https://t.co/UFVEtlda9T"
"@ClayTravis ""Dr. Fauci ranked 9th out of 2.5 million authors in the field of immunology by total citation count bet… https://t.co/xu6AJtV61R"
"@RandPaul ""Dr. Fauci ranked 9th out of 2.5 million authors in the field of immunology by total citation count betwe… https://t.co/jjGfBR1nkL"
"@johncardillo ""Dr. Fauci ranked 9th out of 2.5 million authors in the field of immunology by total citation count b… https://t.co/DkaT7GvBcu"
"@kylenabecker ""Dr. Fauci ranked 9th out of 2.5 million authors in the field of immunology by total citation count b… https://t.co/WwRlSLf7ox"
"@zerohedge I'll trust his word over social media any day of the week.  ""Dr. Fauci ranked 9th out of 2.5 million aut… https://t.co/bP89nbW7Sf"
"@JesseKellyDC ""Dr. Fauci ranked 9th out of 2.5 million authors in the field of immunology by total citation count b… https://t.co/QwguJCukYS"
"@froomkin agenda: A) Pass only legislation that Biden will veto B) Senate committees will investigate voter fraud,… https://t.co/cfu6MSBdl7"
@MSNBC Fauci Is worse.
"""Are you a real doctor, or like Dr Fauci is a doctor?"" - Dr Cox https://t.co/kcMGg98ib2"
"@smenor @MaxBlumenthal No, that actually was not the point. Lockdowns actually made the problem worse. The WHO has… https://t.co/Syymd8v6vW"
"@19148_4533 @Amysaysfuckalot Actually, only the Pfizer has FDA approval, Moderna actually got banned because it cau… https://t.co/gbjjwIzjun"
@Amysaysfuckalot Because there's no beating a Fauci funded lab made virus like this. Even the WHO has said that it'… https://t.co/WtqDxm2lx5
"@AlexandraLevi20 Fauci has no interest in saving lives, he's made a career of taking them."
Fauci calls out Fox for its silence after host compares him to Nazi doctor  https://t.co/sfQe1Way8r
The second case of omicron was detected Thursday by the Minnesota Department of Health. Whether or not there are al… https://t.co/LstYNC3EgN
New video by Timcast Clips: Fauci Says U S Should Prepare For the Worst https://t.co/Y3W0QHpn1y
"“Literally, every hour, every day, we get more and more information. So, we really need to reserve judgment as to w… https://t.co/WkOWW3LYnF"
@allinwithchris What the Fox News person said about Dr Fauci was completely horrendous! He needs to sue her for slander.
@conspiracyb0t Or fauci. everything I see including the world bank and WHO Geneva being in an incestuous relationsh… https://t.co/w4QKjSSHNK
"Trump Jr Slanders Dr. Fauci, Daddy Donny Revises History (AGAIN) &amp; Pleas... https://t.co/M25MEKESca via @YouTube… https://t.co/h69XAsa2q4"
Dr Falsey is not Dr Truey #fauci
"#fauci is president (thats what joe biden said) so those that run the cdc and fda, is running the country, by-passi… https://t.co/Tz5aj6ocNB"
The second case of omicron was detected Thursday by the Minnesota Department of Health. Whether or not there are al… https://t.co/gOQJtYtD5M
@StephO_Gimli @ndv0r @CTTTWill @RandPaul Over half the Drs and scientists and the military and half the countries c… https://t.co/ITJQ8BEd6F
"BREAKING: Chinese Doctors Claim To Have CURE For COVID- ALL STRAINS- 5,200,00 DEATHS Later- FAUCI IS SCREWED!… https://t.co/HosKdyYu5u"
@richardmarx Oh it's  not a hoax and Fauci is responsible and caused all of this with his gain of function research… https://t.co/fdxNLw7aIx
@BBCWorld I say Dr. Fauci is responsible and should be held accountable for getting the funding approved and doing… https://t.co/mJ6e3ihbMW
GOP Senator accuses Dr. Anthony Fauci of “overhyping” HIV on World AIDS Day https://t.co/XyIJi7f3Uw
"@1813Doncarlo @morgfair Thank Fauci, this is his fault!"
Fauci’s Mandates Undermine Our Civil Liberties and Subvert Our Constitution | Truth Over News… https://t.co/cxlktL1i90
How many millions of non-credentialed  people have been more right than “Dr” Fauci on COVID predictions?
Dr. Anthony Fauci on omicron variant: 'The U.S. needs to be prepared' for more cases.  https://t.co/nVqY4DMijo
Dr. Fauci shoots down a reporter's 'really dangerous' idea to let the omicron variant run rampant https://t.co/v0x5elSvh2
"@stevementzer6 @SenClaireCelsi @Meidas_Sammi You mean like Fauci, the CDC, and vaccinations?  Good call."
Fauci and Biden are America’s two most degenerate humans!
@timjhogan Does Fauci have any control over anyone? Uhhh no. Next.
Washington Bureau Chief Jacqueline Policastro talks one-on-one with Dr. Anthony Fauci as omicron variant spreads.  https://t.co/jDuc944nH8
It is not yet known if the new variant is more easily transmissible than previous variants or the severity of infec… https://t.co/OSVCgJve6O
The second case of omicron was detected Thursday by the Minnesota Department of Health. Whether or not there are al… https://t.co/XilM8Pykl7
"@catturd2 Fauci: ""But what about Jan 6th?!"" That's literally all they've got."
"@RepCindyAxne Cindy.  FYI your Fauci boy is a bad actor.  The worst of the worst.  Sic 'em, Cindy!!!"
"""Who's President? Fauci! Anyway...all kidding aside...I sincerely mean it"" - Joe Biden"
@kmuller68 @JoeConchaTV My best friend was one of those people. The meds ate the bone marrow out of his spine and o… https://t.co/wxQBZonaek
"@kmuller68 @JoeConchaTV Fauci only thinks about Fauci. In the late 80s/early 90s only people with lots of money, su… https://t.co/URtpgfWgPg"
"@JoeConchaTV When Fauci is finished, he’s going to have us taking a dozen different shots and the normal flu is gon… https://t.co/LgB1FFx3qZ"
"@Myberns1 Hmmm. Colin Kaepernick, Dr. Fauci, my dad, Stacy Abrams in Georgia, Theta Gruenberg and the lady in Flori… https://t.co/kziShQHuUz"
"@ColoDavo @FutureIsFantom @CNN Obviously he hasn’t read that book, hasn’t listened to Fauci or, in all likelihood is a pro-Trumper."
Fauci advises on holiday plans amid concerns of the omicron variant https://t.co/5QagGcByPh
@DeaceOnline They have “followed” their Fauci God and look where the world is at!! It’s like telling people to follow Satan straight to hell
WASHINGTON (TND) — President Joe Biden all but ruled out the potential for new lockdowns as the omicron COVID-19 va… https://t.co/VuzOYcpXlh
@jimcramer The vacinnes were fully tested then not this quick approval process. Might not have any issues but as th… https://t.co/QraQrU68oT
Why Dangerous Fox News Talking Heads are Comparing Fauci to Notorious Nazi Death Camp Doctor  https://t.co/8b0ajAMSFr via @commondreams
Should you change holiday plans due to the omicron variant? Here's Dr. Fauci's advice https://t.co/ldp36q2i2t
Should you change holiday plans due to the omicron variant? Here's Dr. Fauci's advice https://t.co/OuiGi7Zigg
"@Wendilynn66 @oliverdarcy For ANYONE to compare Dr Fauci to Josef Mengele, is absolutely evil!!!"
"“…Conservatives, meanwhile, argue that too often Fauci veers into politics or is too enamored with his own celebrity.”(2)&lt;Politico&gt;"
“Some Democrats privately concede that Fauci at times has not helped himself with some of the conservative audience… https://t.co/wZFBY0v47F
Barack Obama Surprises Kids at D.C. Vaccine Clinic with Dr. Fauci: 'Nobody Really Loves Getting a Shot' https://t.co/FoArlpGeeQ #SmartNews
Fauci is going to go down as one of the worst people in history.    This is incredible to listen to his phony bulls… https://t.co/0T5B9G9klg
Jimmy Kimmel Offers Impassioned Defense of Dr. Anthony Fauci Amid Further Criticism From Conservative Figures… https://t.co/MFZ2E22FcX
Dr. Anthony Fauci told reporters that the person was a traveler in California who returned from South Africa on Nov… https://t.co/DUjs9aJr48
"So, on World AIDS Day, Sen. Ron Johnson Says Fauci 'Overhyped' AIDS Just Like COVID-19 https://t.co/6ogpQ3gPly"
Fox’s Lara Logan Blocks the Auschwitz Museum on Twitter After Going on Bizarro Rant Accusing Fauci of Funding Exper… https://t.co/O9qxzXmk9A
@ThorDeplorable So sayeth the Church of Fauci
@alist3rr @SteveDeaceShow I’m fine with that.  Take Christmas photos with your self-destructive wedge issue.  I jus… https://t.co/sDhAlLl5Id
@nikoCSFB Fauci is killing us again with Covid and all its variants. That part hasn't changed at all.
Watch: Fauci All But Admits Joe is About To Do More Then Just Lockdown The USA https://t.co/hJNtM7NzeE via @Fearbloodnews
"VIDEO: South African Doctor Destroys Fauci Variant Narrative, 'The Hype That's Been Created Doesn't Correlate With.… https://t.co/4MOQ6lE2pw"
"@ToddBrommelkamp well first of all, with the 50th new variant already in CA and Fauci scaring everyone already, how… https://t.co/Jxm1UeDoks"
Dr. Anthony Fauci told reporters the person was a traveler who returned from South Africa on Nov. 22 and tested pos… https://t.co/SALCSW3Upj
@RepBrianMast WHY isn’t there any other reporter in that room asking the obvious FOLLOW up question to FAUCI…..”and… https://t.co/EbQ6WAjxrI
@aishatyler When is Fauci going to get an afternoon show on main stream.  Oh wait he is a man of honor that spent 5… https://t.co/BuRlImYg36
Remember that time we elected Fauci King?
@WhiteHouse I bet they hid Fauci for this one.
@Angry_Staffer Fauci publicly challenged their new god. He will always be in their crosshairs. This has nothing to do with health or safety.
"@SteveDeaceShow “The person was fully vaccinated and is experiencing ""mild symptoms, which are improving at this po… https://t.co/KwnWPoSli0"
"@JoeBlow95950320 Fauci was on the task force.  Trump put him on there.  If you plan to lock Fauci up, then does he… https://t.co/7UpiLqZ6Kc"
EXCLUSIVE: Forgotten Monument to Dead Orphans from Fauci's Torturous and Deadly AIDS Testing Is Located in New York… https://t.co/YXZmPwwwXS
@MarshaBlackburn Fauci needs to be tried for his involvement in the Wuhan development of the COVID virus. And the N… https://t.co/2soFX0AxGY
@ThonyToine @Daryl_Manuel @ClayTravis Fauci is on TV now! Hide the women and children. He’s so scary and powerful! What a joke.
"The @CDCgov has identified first case of the #Omicron variant in the US in San Francisco, California.   Dr. Fauci w… https://t.co/8quFgKe5fc"
"EXCLUSIVE! Dr. David Martin Just Ended COVID, Fauci, DOJ, Politicians in ONE INTERVIEW. https://t.co/lzikeAwXSC"
"This week the Pella Public Library has 69 new books and 22 new movies.  New items include Atlas of the Heart, The R… https://t.co/Y0EqqemO5y"
"New video by Timcast: Fully Vaxxed Lebron James Suspended For Testing Positive For COVID, Fauci Warns The Worst Is… https://t.co/M51SGXGQen"
Fauci says COVID diverted resources from fighting AIDS https://t.co/JVUqrjvTql via @YahooNews
@ThorDeplorable Endorsed by the Church of Fauci.
Has Fauci ever made a decision that didn't benefit him financially? https://t.co/RNt36DClSj
New video by Timcast Clips: Ted Cruz and Rand Paul Fire Back at Fauci https://t.co/Zeysw3Sfnk
"This would not fit the agenda of Doctor Fauci and Prez Biden and the vaccine makers, so nobody will be talking abou… https://t.co/oDnua0N9Oq"
"Actual journo turned FOX News conspiracist, Lara Logan, smacked after comparing Fauci to a Nazi doc https://t.co/BnX67729Od"
Families at a pop-up COVID-19 clinic in southeast Washington got a surprise as former President Barack Obama and Dr… https://t.co/Lwbl6utcic
If Dr Anthony Fauci is “science” then I’m a cucumber #FauciForPrison
"@Mchael21592783M Yes. However, ivermectin is hardly used at all in Japan. But masks are used RELIGIOULY BY EVERYONE… https://t.co/7HGwB8pRCD"
@ConsiderThis1 @blueheavenly @WOgaard @oliverdarcy I understand the natural human response to a tragedy [such as lo… https://t.co/wWib99ZbIS
Things that can lick my balls  NWO  puppet Joe Biden Klaus Schwab Dr Fauci Post 2019 Trump Force masks Force vaccin… https://t.co/ZdMSy6LYZB
"@Laurie_Garrett Fauci says the NIH has never funded gain-of-function research; the NIH says it has. If Fauci lied,… https://t.co/5M7hI1Wfsv"
"So, for all of these trolls who demand Fauci be arrested…they do realize that Trump had Fauci on his task force.  A… https://t.co/p8eO7eZAgz"
Auschwitz Museum Condemns Fox Nation Host Lara Logan For Fauci Comments https://t.co/Lfkh5LRxEJ #SmartNews
How did Fauci ascend to the highest paid government job?   Seems to be a clear example of failing up. https://t.co/o1zqJxoMyw
Fauci also said he was going to continue to do his job which is saving lives.  Does anybody scratch their head abou… https://t.co/py05YUOSC9
@BretWeinstein @ksemamajama The Church of Fauci strongly disagrees.
@swissch33z You forgot to mention that the lockdowns actually made it worse (but Trump put that in each governor's… https://t.co/eDnVjKs0SB
"According to Rover, the use of “Fauci” for man’s best friend jumped 270% this year, while “COVID” as a pet name ros… https://t.co/szPKQDXJ5G"
Fox News blasted for 'depraved indifference' after using Mengele and Mussolini to attack Fauci https://t.co/GxTFtMD5XU
"Apocalyptic battle against totalitarian control.  James Corbett interviews RFK Jr about his new book, ""The Real Ant… https://t.co/UTyGbTC6kU"
@oliverdarcy Except Fauci has been repeatedly exposed for creating Covid which has killed millions around the world… https://t.co/fyFwtFWK5j
"Wait, you mean we aren't already?...Fauci says 'we're going to have to start living with COVID' https://t.co/MwFqZANk6g"
"Quack Dr. Fauci Takes a Dump on Constitutional Rights, Claims Societal Safety Trumps Your Individual Rights (VIDEO) https://t.co/0pojCiWLAU"
Still waiting for Fauci to be charged for lying to Congress. What are we waiting on?
It's a made up lie. Self medicate. Sometimes doctors are smart. Not Fauci.
'Symptom of moral and intellectual decline': Fox News host slammed for comparing Fauci to Nazi 'angel of death' doc… https://t.co/kgMOHIzweH
"Despite arguing in the past that he is “not a political person,” Dr. Anthony Fauci evoked the January 6 attack on t… https://t.co/EBGEH1V07V"
"@TonyMontanabio @cmedwards55 @brithume OMG, Anthony for the love of everything pure, please watch anything other th… https://t.co/vPPRiiwAqu"
