"'He Wants To Deny The Reality Of What He Said, What He Did!': @RonJohnsonWI  Rips Fauci On Senate Floor‚Ä¶ https://t.co/cXC1YeNz4t"
Americans should tolerate Dictator Fauci https://t.co/zW8pdaYmQB
"@therealPopeyS @thehill I'm not talking about 2020. Again, for the 2nd time, I am not making year-to-year compariso‚Ä¶ https://t.co/MYliVIf4MF"
How is Fauci not being incinerated in the Court of Public Opinion? https://t.co/5czzbk4ZXn
"@cloneradio Everything Fauci says is based on the unproven assumption that these ""vaccines"" do what they claim they‚Ä¶ https://t.co/TxTelirU5H"
"@RWMaloneMD Seriously, someone please 'splain to me: If Fauci's vaccine works and thus protects the vaccinated pers‚Ä¶ https://t.co/wZMzfqRjZA"
"Today's health authoritarians and the religious Covidian branch of Fauci continue to do a stellar job of putting the ""fiction"" in science."
@RandPaul Dr Fauci also stated while more studies are completed
@jillphelps41 @JimMart94591668 She compared Dr Fauci to Dr Mengele‚Ä¶üò≥
"@cjfred55 @GregAbbott_TX If you're vaccinated,  according to Pope Fauci, you don't have to worry about getting COVI‚Ä¶ https://t.co/61RG8eWgGH"
@aimstocks2021 @chrisb99_uk @CelticNotorious @ShareZone5 Fauci is hot as (censored). I'd definitely be his lover. ‚ô•Ô∏è
I expect a day when Albert Bourla along with Tony Fauci and others will be tried for crimes against humanity. May h‚Ä¶ https://t.co/agK9atNloS
"@wheeleyd05 The mentions of 'Fauci' were telling, in terms of where they were getting their information from: i.e.‚Ä¶ https://t.co/4jj64LeO5l"
Just found out the Pfizer drug Chantix was recalled after 16 years because they found out it causes cancer. Another‚Ä¶ https://t.co/zcmHgGvTtW
Was that a young Bill Nye and Fauci rapping??#PutThatInYourPipe
@Riyaad95285071 @zepedro355 @DarlaShine We have the ivermectin that works. Don't anyone say it's horse paste becaus‚Ä¶ https://t.co/scF52dIEom
@annbauerwriter @statomattic @erichhartmann Attack Fauci.  Constantly. @DrJBhattacharya @MartinKulldorff
@jimmy_dore @miserablelib Fauci announced the book is unscientific.
Fauci‚Äôs ignoring of natural immunity will go down as one of the worst public health decisions in a generation. https://t.co/7m3KyfutpJ
"I Trusted Fauci for Decades, After This I No Longer Can (Pt. 1) | Dr. Dr... https://t.co/9DlBIzVAdd via @YouTube Dr‚Ä¶ https://t.co/TfKuhInLNk"
@VincentCannatel @kylegriffin1 Yes. He‚Äôs jealous of Dr. Fauci.
Rand Paul Wants Fauci Imprisoned For Crime He Didn't Commit https://t.co/VE0XvEy9rQ via @YouTube
"@kylegriffin1 As always, Dr. Fauci is the voice of reason.  Ron Johnson: Just shut up man!!"
@fiona_skywalker @afneil It's a red flag as soon as a British person mentions and criticises 'Dr Fauci'. This is a‚Ä¶ https://t.co/BSxBLLcqZM
"@Elizabe12168199 And I rewrote about 30 Christmas songs intending to make ""A Fauci X Mus"" CD...üòÇü§£"
Fauci says early reports encouraging about omicron variant https://t.co/COhm92Ez6v
@brihall71 @captainswallow The amount of British #Antivaxxers who used to cite 'errors' Fauci had made in his react‚Ä¶ https://t.co/Dmf6SqtT2e
@AGENT_GATTACA This was known... Long ago  Fauci knew  He pushed it ANYWAY
Looks like @RonJohnson is stoking paranoia with his lies.  https://t.co/2G6S8C8xwk
Ron Johnson brutally flattened by Anthony Fauci for claiming he 'overhyped' the Covid-19 crisis https://t.co/eEIlnmy6WL
"@Motivation724 Rogan for sure‚Ä¶ You can place this pandemic at the feet of Fauci, ICC should arrest him and prosecut‚Ä¶ https://t.co/KqZiIR48Ud"
Sure as hell Not Fauci! https://t.co/RmYpbo4Trd
@SuperCooperLife @no_matter_hoo @theNewmanNation You know Fauci killed dogs üêï and monkeys üôà! Why are we allowing Fa‚Ä¶ https://t.co/RDh3oXjnby
@madpoet19 @hellgatehell That feels like a misguided bit of word vomit to support segregation and fear mongering to‚Ä¶ https://t.co/N2pBJopUad
Because Dr. Fauci represents the truth and we all know of republicans aversion to that.   MAGA hatred of Anthony Fa‚Ä¶ https://t.co/SJE2gVAseF
"Fauci Blasts Ron Johnson for Accusing Him of Covid Fear-Mongering: ‚ÄòHow Do You Overhype‚Äô 780,000 Dead Americans? https://t.co/iSN37n31hs"
"@DonaldJTrumpJr Rather rich to post such a statement, considering your dad declared himself as the ""father of the v‚Ä¶ https://t.co/d56yM8QuTG"
@TaylorPopielarz @brianstelter @ReliableSources @ChrisCuomo Yep! Now please get the whole team to be objective and‚Ä¶ https://t.co/F9hzsySgJr
"@dmhveritas @Reed_Coverdale Same, but I‚Äôm pretty sure I know what he said. Something about how libertarians would oppose jailing Fauci"
@Dreamweasel Why would Dr Fauci go to the border? His job is to coordinate response to Infectious disease or someth‚Ä¶ https://t.co/G7iQQG76bi
"@CardellaStephan @hellgatehell Actually, I DO NOT enjoy having a culture war waged on me because I won't take a jab‚Ä¶ https://t.co/z9Rw9StV6y"
"@therecount News flas @GregAbbott_TX Fauci is an infectious disease doctor, and doesn‚Äôt work at immigration or bord‚Ä¶ https://t.co/pje6pXgNOD"
"Lara Logan Digs In: Goes After Auschwitz Museum, Blasts Out Fauci Conspiracies https://t.co/Njzq4n2yx0 via @Yahoo"
JUST IN: Jim Jordan Hammers Fauci Over 'Science' Comments: 'This Is What... https://t.co/fnydiCbZal via @YouTube
It was wrong for me to call Fauci a domestic terrorist. I apologize. He's actually an international terrorist. It won't happen again.
@WalshFreedom Yo $4B that's not really surprising anyone who's not consumed by God hating rage would draw the same‚Ä¶ https://t.co/V1FouQ0kY0
"@Robb_Wexler @AndySwan Define Deaths... Deaths from Covid-19  hospitals/pharmaceutical financial kick backs, gain o‚Ä¶ https://t.co/Z4Qlydq0Nn"
@MarkYoungTruth Dang‚Ä¶ Did Fauci also kick Rand Paul‚Äôs ass in his front yard?
Fox News Disappears Lara Logan From the Air Following Fauci Attack https://t.co/E0vvhTB21b
Dr. Anthony Fauci communicates public health science and policy. Wayne Hoffman had spent nearly two years undermini‚Ä¶ https://t.co/AehHiXKALW
Fauci is a domestic terrorist.
@silenced112 @Leftylockdowns1 Just got another published piece of hate mail in the local paper about my anti-mask/a‚Ä¶ https://t.co/NBc1vorJ1N
"Have you seen the ""Alien"" movies, where the killer beast keeps changing its form and abilities because it's the per‚Ä¶ https://t.co/2xzkkzwt8N"
Dr. Fauci Fires Back Over Deranged Fox News Attacks https://t.co/VfUI04fMwt via @YouTube
@NBCNews Shame on Fauci!...Proven Therapies of HQL and Ivermectin would have saved him. The Covid-19 Vaccines are i‚Ä¶ https://t.co/tFKIXiCFsf
@SpaciusImpetu @ChrisLoesch The country's totally Fauci'ed up!! https://t.co/OFaJ7TAbv4
@AltitudeChaz Mandates are THE worst idea. Vaccinated spread the virus as much as unvaccinated (Fauci even agrees)‚Ä¶‚Ä¶ https://t.co/hrvX53OFKH
"Anthony Fauci Hits Back At Lara Logan‚Äôs Mengele Comparison  Fox/Pravda is a televised version ""the enquirer"" &amp; nobo‚Ä¶ https://t.co/goazqT7TAE"
Fauci just pronounced ‚Äòad hominem‚Äô as ‚ÄúAd homeenums‚Äù
@KeithMalinak  Great calls on More(on) Trivia today.  Mona Lisa! Lol üòÇ. And that robot was creepy.  I bet the vacci‚Ä¶ https://t.co/0ODJ564qdK
"@HuffPost Yes;...He Loves this Plandemic, Its going better than he HRC planned in 2017, after Trump 45 made history‚Ä¶ https://t.co/GXVz46OeYC"
Fauci ‚ÄòAstounded‚Äô Fox News Hasn‚Äôt Punished Lara Logan for Nazi Comparison https://t.co/8sHMn4lutp
Ted Cruz Is the Disease https://t.co/PzXcGOfwJo
Donald Trump Jr.‚Äôs Unhinged Attack On Fauci Is Pure Projection In Kimmel Play-By-Play https://t.co/TY94vBYXMN
Anthony Fauci Hits Back At Lara Logan‚Äôs Mengele Comparison https://t.co/X6Ys3ldAvL
Glad Biden finally admitted what we‚Äôve been saying for a long time!   #FireFauci   https://t.co/FdHL0S5Rhi
Rand Paul says Fauci should be jailed for five years for lying to Congress ‚Äì¬†something fact checkers insist he did‚Ä¶ https://t.co/2QeUHqwhRQ
Jimmy Kimmel Goes To Town On Right-Wing ‚ÄòScrewballs‚Äô Attacking Anthony Fauci https://t.co/AQ81lbkVh8
@senseidai Most Americans respect and admire Dr Fauci and Joe Biden. I can‚Äôt say the same about a single Republican.
"@WBLittlejohn You‚Äôre speaking of Biden and Fauci, right?"
I agree. Dr. Fauci is a great person doing great work: https://t.co/dzQx1Xclnn
"Normal folks coming to visit or whatever are REQUIRED to test, but Fauci actually said, border crossers not being t‚Ä¶ https://t.co/NQcbdapeNe"
@laurenboebert Or we could let natural immunity work for us instead of hopessly playing God with experimental injec‚Ä¶ https://t.co/UBOpmxd8Co
Hasn‚Äôt every thinking person by now rejected the kind of evil &amp; lethal‚ÄúScience‚Äù that Fauci was so enamored by?  He‚Äô‚Ä¶ https://t.co/nyY5xUVPon
Fauci Says Administration Doesn‚Äôt Have ‚ÄòCapability‚Äô to Test All Illegal Immigrants Crossing #Border for #COVID -19  https://t.co/hApcA754co
"@RonFilipkowski @pbean25 Fauci is the Director of the NIAID, not the NIH.  What the fuck is Rand Paul talking about‚Ä¶ https://t.co/i0p2veu6m0"
@KristySwansonXO Fauci be like https://t.co/r1S2urjLy6
"""Just as I said and I'll say it again, if you have a vaccinated situation, enjoy the holidays with your family in a‚Ä¶ https://t.co/0EXFizsc0B"
@pedrodon Oh they‚Äôre pushing the boosters hard now. That‚Äôs going to save everyone from Omicron‚Ä¶.Fauci‚Äôs going to get his payday.
"@soledadobrien Fox News: So what should Americans be doing, Dr. Fauci? Fauci: Mask up, get vaccinated, get the boos‚Ä¶ https://t.co/4flk50Do82"
@spectatorindex Fauci: we need all deer to start masking or there will be consequences.
Kimmel rips the varnish off the Fauci haters and trolls. https://t.co/QvavkUrqvz
‚Å¶@laralogan‚Å© is a bottom-feeding scumbag who still hasn‚Äôt learned how truth works. üñïüèª  Lara Logan Digs In: Goes Aft‚Ä¶ https://t.co/wBvi9O8ck8
"‚ÄúWe knew that it was just a matter of time before the first case,‚Äù Fauci said. ‚ÄúWe know what we need to do to prote‚Ä¶ https://t.co/AZBXC8vSPt"
"@eustace_r @MeghanMcCain Stop the liberals, the WHO and the CDC, Fauci, Bill Gates, Obama who have planned and exec‚Ä¶ https://t.co/25BoOkfix8"
Anyone who didn‚Äôt know the weasel Fauci was a lying sake of Sh1T better know‚Ä¶ HE IS! Truth Leaked: We Knew It All A‚Ä¶ https://t.co/8EbhMiO0IP
Unhinged Fox Host Compares Anthony Fauci To Nazis https://t.co/OTw37htk1r via @YouTube
"NO, I DONT HAVE ‚ÄúTHE REAL ANTHONY FAUCI‚Ä¶‚Äù BOOK IN STOCK AND I WONT ORDER IT EVEN WHEN I CAN GET IT."
"@JWTChelsea @Koobie1970 @tassthegreek I haven't believed Doctor Fauci personally since 2012, but thats just my personal bias."
@GirlFuturist Dr Fauci doesn‚Äôt think we need testing prior to flying. He thinks vaccination will end the pandemic.‚Ä¶ https://t.co/yc9VMH7lSQ
"@AudreyDD89 @BretWeinstein Do you have sources for those claims about Fauci and Biden? On Monday, Biden said he wou‚Ä¶ https://t.co/yYA7E31pdh"
Fauci: 1st US case of COVID-19 omicron variant identified https://t.co/zAy22K6vXd
@jeffzeleny @kaitlancollins That‚Äôs Fauci.   Autocorrect‚Ä¶haha
"Kimmel on GOP ‚Äòscumbags‚Äô smearing Fauci: ‚ÄòTo scare Grandma, they need fresh villains‚Äô https://t.co/HUe2yeJWOy"
Fauci says the travel ban bought time to understand the nature of omicron.
"On requirements for self quarantining for travelers returning from southern Africa, Fauci says the recommendation i‚Ä¶ https://t.co/eGv1dRnTxX"
"Fauci says this person did what they hope people will do, by getting tested as soon as they were symptomatic."
Fauci says we will get more information in the next couple of weeks. Fauci says this traveler did not have booster‚Ä¶ https://t.co/xgEJTvL6yQ
FAUCI: First case of omicron variant detected by San Francisco Dept. of Health. Fauci says it was in a traveler who‚Ä¶ https://t.co/yOwOxkgxqL
@tedcruz @RandPaul Fauci truly is a monster and must face the maximum penalty allowable under the law for all his c‚Ä¶ https://t.co/glwj56tdug
@RepRosendale Its not a political role to make medical and public health decisions to fight to stop and end a deadl‚Ä¶ https://t.co/aRmNT9YCTy
"@DineshDSouza ""Look at Jan 6""? Really?  Not even a decent defection, but very revealing just the same, ""Mr. Politia‚Ä¶ https://t.co/LLqjI6BFCX"
@DeaceProducer BSH Covidstan/Fauci/the left/anyone against our beliefs and rights are just the typical schoolyard b‚Ä¶ https://t.co/gKgocBEK8j
This week the Baker County Library District has 49 new books.  New items include The Real Anthony Fauci.‚Ä¶ https://t.co/iXACyvFfFD
@IainMulady @LPK01225149 @jnelsoninjax @justrobshadows Probably because we have spent over 300 hours reading any &amp;‚Ä¶ https://t.co/bu59qpTV7U
"I expect Fauci will put on his Santa suit, come down the chimney's of the un-vaxxed and jab you while you're sleepi‚Ä¶ https://t.co/nreAd3ogbh"
Fox Host Compares Fauci To EVIL Nazi Doctor https://t.co/8X2m9XCt3O via @YouTube
Jimmy Kimmel Has Had Enough of Scumbags Attacking Dr. Fauci for Trying t... https://t.co/g7PbeAXzOj via @YouTube
Anyone else have to save a picture of Dr Fauci to their phone because their preschooler asks to see it every night‚Ä¶ https://t.co/NAgU2uZBtm
Jimmy Kimmel Has Had Enough of Scumbags Attacking Dr. Fauci for Trying t... https://t.co/C0liDrWI3P via @YouTube
"@ZubyMusic But what we really see, in their deference to Fauci, is the complete abdication of authority by elected‚Ä¶ https://t.co/jBRve1LIBf"
@keithamccluskey @JohnDublin10 @Kenneth72712993 @try2golf @CrispyCX @TWTThisIsNow @amcelha3 @BubbasRanch @4Clearsky‚Ä¶ https://t.co/44LunZ2hhg
"If Fauci keeps bragging about what a great Scientist he is,  he‚Äôll have to admit  his culpability in unleashing Cov‚Ä¶ https://t.co/uQvLeNlzT7"
"On Facebook, Buls called for Dr. Anthony Fauci‚Äôs execution, likened mask requirements to child abuse and had a prof‚Ä¶ https://t.co/4AocdokWGB"
@JWTChelsea @tassthegreek the same CDC that said the WHO weren't lying before several whistleblowers proved they we‚Ä¶ https://t.co/VK9dvALeTy
Now sue the administrators for lying and knowingly ignoring the science of natural immunity. They need to pay for b‚Ä¶ https://t.co/8ApdEnb2m9
This racist can‚Äôt spell her own name. üñïüèª  Auschwitz Memorial Condemns Lara Logan Comparing Fauci to Joseph Mengele:‚Ä¶ https://t.co/8UVcHt0S0x
"@danielkotzin It's your choice in the end, but you're politicizing this way too much. It's fine to objectively look‚Ä¶ https://t.co/sHzvCkD293"
Fox News' Lara Logan Compares Anthony Fauci To Nazi Doctor Josef Mengele #NewsBreak  https://t.co/fO9yZtR0wq
To have this beautiful angel in my feed literally right below Lara Logan comparing Dr. Fauci to Mengele is truly so‚Ä¶ https://t.co/ReOQOooYEu
@be_rated @RepSwalwell Sorry for Condition Blame Fauci? Blame China! The Un-Vaxxed are pure of mind and want Natural Immunity!
