"@EricMMatheny Prime reason early treatment w/HCQ was discredited, by Fauci/Gates was fear FDA would not issue EUA f‚Ä¶ https://t.co/7lFVZE0LOu"
It's endlessly upsetting that #DisabilityTwitter has done better public science communication about the COVID-19 co‚Ä¶ https://t.co/V1o99nPKfs
"Fauci, any updates on highly effective treatments for Covid?   Ones that could fully negate need for monthly vaccin‚Ä¶ https://t.co/WXbSARfPUr"
"Fauci needs to be confronted at this point, given his most recent interviews.  ""If he‚Äôs ever interviewed by a serio‚Ä¶ https://t.co/hQIpUCmgWv"
I‚Äôm diving into the layers of lies but it‚Äôs crazy that #Fauci himself said 2 important things-#vaccinated ppl can s‚Ä¶ https://t.co/HgQsPgoSxD
@JakeEvansGA Dr Fauci should not be dictating anything! Provide the ‚Äúfacts‚Äù &amp; let people decide!
@JohnMur69 @kim_mcdonough @Lnz371 @HarleyQ11341281 @seanhannity You removed a lot of context in your thought jumble‚Ä¶ https://t.co/2EVJzrRJxI
#Truth. This is a very accurate assessment by the reporter.   Fox News host Lara Logan compares Fauci to Nazi docto‚Ä¶ https://t.co/EYo00zOKPF
What does ‚ÄúDon‚Äôt Fauci my Christmas‚Äù even MEAN? It‚Äôs meaningless! I could understand ‚Äúdon‚Äôt take my guns‚Äù (stupid b‚Ä¶ https://t.co/HxpBaBTUcm
How is Fauci still giving advice
"Pfizer says 3rd shot effective against Omicron, Fauci says he can breathe easier, Cash cow is still alive."
@JohnMur69 @kim_mcdonough @Lnz371 @HarleyQ11341281 @seanhannity If you are blaming Fauci for our Covid failures you‚Ä¶ https://t.co/jshRErAsxU
Fauci advised people require their family members to show evidence of vaccination before gathering for holidays.  Y‚Ä¶ https://t.co/kjXfFwaNTb
It‚Äôs like Dr. Fauci hasn‚Äôt been seeing courts strike down vaccine mandates across the country. Is he just trying to‚Ä¶ https://t.co/1YI3iCvHBc
"Early Reports on Omicron Variant Are Encouraging, Fauci Says https://t.co/tF9udRrAK7 by @Medscape https://t.co/DleK8102nW"
"ARE YOU PAYING ATTENTION???  IT WILL NEVER END UNTIL WE STOP COMPLYING!!!   Dr. Fauci Says It's ""a Matter of When,‚Ä¶ https://t.co/pXLkFZ40rX"
Fauci says he can supercede individuals rights. I say unfuckenconstitutional! https://t.co/d49evEYte6
"@DonOfMMA @donfuckingvalue @Jofishdesign @DouglasKaneShaq @yatesinvesting He did his research, Dr Fauci Worked in Every Lab"
"Okay, but, Fauci is saying that Omnicron is not as potent as Delta.  https://t.co/kqEQ1X3e16  https://t.co/Wn6uiHYvK2"
"üôèüá∫üá∏Republicans sweep midterms !  Now , will they : Put in term limits? Put in voter I D ? Reduce Federal spending?‚Ä¶ https://t.co/eaOlMGqAjr"
Fauci can go punch his clown
"@PstafarianPrice Countdown to Fauci's CNN interview where the new definition of fully vaccinated is now ""having pen‚Ä¶ https://t.co/BbwT7AkgSY"
@mrj880 And what about misandry? Animal rights? Their hero Fauci hasn't met a beagle he doesn't love to cruelly exp‚Ä¶ https://t.co/1emAEH43pH
I agree with your statement about no accountability for spending it‚Äôs not happening in U.S. businesses big and smal‚Ä¶ https://t.co/HYHWk9miKn
@KwikWarren Trump got mad at Fauci and so his followers hate Fauci with a vengeance. No reasonong
@Vickisanger6 @lsferguson They have some kind of secret medication or medical treatment.  Pelosi- well into her 80‚Äô‚Ä¶ https://t.co/E84f6g07kV
How many HIV patients needlessly died during the Aids crisis because of massive suppression of AZT? Fauci did the s‚Ä¶ https://t.co/7GsMePfELc
Daily Reminder:  Dr Fauci tortured and killed puppies
"@derivanator @EricTopol Yup. Just another seasonal virus, but, then what will Fauci and topol do w their time?"
@True77ilTrue @beer_dog_rinse @tweettruth2me Not according to Fauci and the media. The vaccine was developed to sto‚Ä¶ https://t.co/6cwEFWBD6Z
@SenRonJohnson Senator Johnson as much as you would like it we aren't living in 1983 we are living in 2021 so opini‚Ä¶ https://t.co/hj6oooBSfP
U.S. boosters surge to all-time high on Omicron fears https://t.co/NdH6AOTufO
"@BreitbartNews @MarkMeadows So, you‚Äôre saying that Dr. Fauci was anti-Clorox injections? Shocking."
So ... Fauci pissed off ACT UP by delaying testing on AIDS drugs that wouldn't deliver the huge profits  https://t.co/LEvxmBNzoM
U.S. boosters surge to all-time high on Omicron fears https://t.co/OsjRggaVU8
We don't need Fauci - the discoverer of whatever it is says it's nothing to worry about. The shocking part is that‚Ä¶ https://t.co/xbewpwQ1Xj
@TG22110 What myself faux Fauci!
If it ends up being less severe than Delta and crowds it out because its more transmissible that would be a far bet‚Ä¶ https://t.co/KLxik9Z79l
"After comparing Anthony Fauci to Nazi doctor, Lara Logan disappears off Fox airwaves https://t.co/PD9sUlNJKN"
"Fox News compares Dr. Fauci to Nazi doctor Josef ""Angel of Death"" Mengele, by @aravosis https://t.co/wdzDYiI1Ud"
@LaraLogan  #AntiSemite #NaziLover  employee of @FoxNews https://t.co/jKMrF8mePw
@RealTimcy I mean sure. But Fauci literally lied and said masks don‚Äôt work. Media went around saying lockdowns work‚Ä¶ https://t.co/8KYpDaToRz
"@universalhub It's a Brave New World, isn't it?  Our media, pols, and medical hegemony (I mean you, Fauci)  have cr‚Ä¶ https://t.co/gSSbES871P"
"""There's no reason for people to be walking around with a mask on..."" - Dr. Fauci  https://t.co/rwVvm74fgk https://t.co/EP7I6ZAuQI"
‚ÄúTelling the truth about COVID-19.‚ÄùWait!!! What!!?? @CNN is admitting that the government is hiding the truth about‚Ä¶ https://t.co/E0r0rKcNRo
Fauci did 'immeasurable harm' with premature warnings on omicron: Pavlich  https://t.co/JccKc0zafo
"The vitriol against Fauci is baffling, and the fact that it has devolved into spreading lies about him is sickening‚Ä¶ https://t.co/0EuJkzd9dS"
I stand with Dr. Anthony Fauci. üôã‚Äç‚ôÇÔ∏è
Dr. Fauci: Early Data On The Severity Of Omicron Variant Is 'Encouraging' https://t.co/vqfBOMuNCf
@TIME Anyone who said Dr.Fauci should not be voting for this.  #FauciForPrison #Time #Fauci #FauciLied
"@SenRonJohnson Dangerous and ignorant nonsense to blame Fauci for the negligent homicide of Trump. We have 782,000‚Ä¶ https://t.co/obQVy8wBWE"
"What Did She Get Wrong? | After comparing Anthony Fauci to Nazi doctor, Lara Logan disappears off Fox airwaves https://t.co/PD9sUlNJKN"
@akheriaty Incurious. Perfect description. Amazing to me how even public health officials and ‚Äúexperts‚Äù beneath Fau‚Ä¶ https://t.co/HwKg6act7R
Fauci the little Hitler full of himself lied under oath to congress about giving info on gain of function research‚Ä¶ https://t.co/gGX43UI0nh
"@RepJimBanks @VernBuchanan @RepLarryBucshon Ummm... Dr. Fauci IS an ""actual health care worker."" In fact, he's the‚Ä¶ https://t.co/4dHoorZ6FG"
Rand Paul Wants Fauci Imprisoned For Crime He Didn't Commit https://t.co/AEl8ouo4VA via @YouTube
@zerohedge Fauci seems to be reacting about 12 hours later to what is already shared by dozens of scientists learni‚Ä¶ https://t.co/GEULYhtzUl
"Bill de Blasio just shut up.  Your Covid unscientific hysteria, ""everyone is going to die unless they do what I tel‚Ä¶ https://t.co/1EFM3RYtRU"
#HampdenDistrict please stay safe &amp; follow CDC guidelines! https://t.co/Vg2c6kN42u
@donaldvoss7 https://t.co/rIKpQvLgbr  Fauci's Song that Never Ends!  This song will play right through the 2024 Presidential Election.
Omicron variant found in nearly one-third of U.S. states https://t.co/n8e3HK44ZW
@ceejay_epping @dgurdasani1 Predictions of Severity should not even be in the conversation at this point   That is‚Ä¶ https://t.co/7wxaCIjqSf
@ykswodlom @BFR9 @GerryCallahan Fauci needs to go! This pandemic is done!
@Celtics_PRam Even that rat Fauci said yesterday that this new variant ‚Äúisn‚Äôt cause for concern‚Äù but they still wan‚Ä¶ https://t.co/kxaXN7rVmC
"@SenRonJohnson I'll prove you're wrong easily: As soon as the medical profession discovered that the ""cheap, availa‚Ä¶ https://t.co/7bJ0MZ8YKE"
"@DonaldJTrumpJr The Trumps are in no position to judge Dr. Fauci, given their reckless and dangerous behavior endan‚Ä¶ https://t.co/Rnz7Zy0xFl"
#Fauci: How to decide if holiday parties are Covid-safe with #omicron https://t.co/SSvEnfDHw8
@AvengerResister Heil Fauci played a large role in the US being #1 in Covid deaths.  He's owned/operated by BIGPHAR‚Ä¶ https://t.co/7JoPbL1kL1
@RobertS83007261 @SenRonJohnson Except actual reality.  This is straight from Fauci‚Äôs playbook he used dealing with AIDS.
Dr. Fauci: Early Data On The Severity Of Omicron Variant Is 'Encouraging' https://t.co/u1EmSbdrGx
Dr. Fauci: Early Data On The Severity Of Omicron Variant Is 'Encouraging' https://t.co/pxb3gDLcI7
Fauci and CDC don‚Äôt care if babies suffer from lack of facial expressions. https://t.co/Tsc4jIbh4l
Dr. Fauci: Early Data On The Severity Of Omicron Variant Is 'Encouraging' The variant has over 50 mutations and is‚Ä¶ https://t.co/vTwIutZMgY
@Brendajurgens3 He was lucky Reeves said that yesterday‚Ä¶ It took attention away from Abbott saying Dr. Fauci doesn‚Äô‚Ä¶ https://t.co/I7n1WSm1UE
@chipfranklin 1) From the moment he started spewing tosh about #Obama  2) From the moment he started spewing tosh a‚Ä¶ https://t.co/D7IzTz3NuM
@peterdubin8 @ChuckCallesto Heil Fauci is an instrument of pure greed and evil.
@TheRickyDavila Heil Fauci wouldn't know what a patient looks like He's pure evil.  Read and learn: https://t.co/sSYRvYKwQr
I‚Äôm this bollix sounded better in Sasse‚Äôs head before he wrote this drivel. https://t.co/DE2f0yT1Q1
@mickys @realTuckFrumper What democracy?  We have lived in an oligarchy from day 1 - only now instead of just the v‚Ä¶ https://t.co/neBLCvvrZ7
@robitaill8 @realTuckFrumper Fauci won't sue anyone because he'd lose in a court of law.  Read and learn: https://t.co/soaTt1Yo89
@JTMLX @realTuckFrumper @picbykap Read and learn all about evil Heil Fauci: https://t.co/igCmV88ocH
@Nikki6750 Who says it has anything to do with party politics. The conversation around Fauci extend beyond party politics.
@kylegriffin1 Heil Herr Dr. Fauci.  Brings Mengele to mind.  He is pure evil.  REad RFKjr's book The Real Anthony Fauci for reality.
@realTuckFrumper Heil Herr Dr. Fauci...  Fauci is pure evil.  Read RFKjr excellent book The Real Anthony Fauci for reality.
@dingobabyboy @BeezySteder @SMan118 @SamHarrisOrg @NAChristakis @JoeBiden Are you referring to your first comment?‚Ä¶ https://t.co/m2WOuVxQ8M
@DonaldJTrumpJr @joerogan When is Fauci gonna be on dancing with the stars???
Daily Reminder:  Dr Fauci tortured and killed puppies
But puppy torturer Fauci says they're all safe https://t.co/oi2SHlw3cx https://t.co/gvCHZPxPyw
"@HvanderHeij1 As a nurse, I agree.  But that's not Fauci's stance."
Fauci collects the data but still doesn't believe it
"@faith_large @DonaldJTrumpJr Trump downplayed Covid, didn‚Äôt follow CDC guidelines, told the states to handle it on‚Ä¶ https://t.co/2wE25hYzxX"
Fauci says early reports encouraging about omicron variant - via @WPRI12 https://t.co/hvv3gp0XEk
Sen. Ron Johnson Drops a Truth Bomb - Says Many Americans Died From Covid Because Fauci 'Sabotaged Early Treatment‚Ä¶ https://t.co/m2C02fneUI
Wow! FOX News Sidelines Lara Logan After Dr. Fauci Complains About Her Nazi Doctor Comparison https://t.co/4qnNxbZ2BZ via @gatewaypundit
"@HDtrixie @AndyLeeParker1 Right, because if we all get the shot that only somewhat reduces transmission (per Fauci,‚Ä¶ https://t.co/V19KHpgIIm"
Wow! FOX News Sidelines Lara Logan After Dr. Fauci Complains About Her Nazi Doctor Comparison https://t.co/mS7cgX3OD6 via @gatewaypundit
@charlesmurray That was Fauci - Part I.
Fauci says early reports encouraging about omicron variant (from @AP) https://t.co/TmaoDcsVLe
None of them tell the truth Biden Fauci big pharma all lies I read extensively on info by world doctors and science‚Ä¶ https://t.co/nJEtZPH0VV
Fauci lied under oath to congress several times even though congress had the proof he did I don‚Äôt know why congress‚Ä¶ https://t.co/XQwPjyTEaf
"@BostonGlobe Did Dr Fauci acknowledge the African scientists who sequenced the Omicron variant, yes or no !!!"
Fauci is a little shit he‚Äôs the darling of the talk show circuit he‚Äôs corrupt too he lied to congress about gain of‚Ä¶ https://t.co/dn67JAa9pF
U can block me but have U ever researched Tony Fauci? The man doesn‚Äôt care abt anyone‚Äôs health-His career is pretty‚Ä¶ https://t.co/sMpWQJK4Qf
@7News Even Fraud Fauci says this variant is mild
"No, @RepMTG  not Fauci but YOU need to be removed and jailed for you outright vicious lies and dangerous  speech th‚Ä¶ https://t.co/SRgem1ZPBU"
Dr. Fauci finally WRECKS Republican Senator live on air https://t.co/eoHH45EH96 via @YouTube
@thehill Did Dr A Fauci acknowledge the African Scientists who sequenced the Omicron variant in real time !!!
@POTUS Then in a month it will be the omicron variant vaccine.  How about a f%#king treatment instead.  I think‚Ä¶ https://t.co/oLa7ehDVoi
"A real editor would whack Tapper for this, too. He provides an Iron Dome defense for Fauci, blowing the assertion o‚Ä¶ https://t.co/TiHRjVxRmA"
@B52Malmet Fauci going to the border for what possible reason?
DO NOT TRUST DR.FAUCI
Christmas is about the birth of our Lord our savior Jesus Christ not presents not parties we Republicans are pro-li‚Ä¶ https://t.co/S4Rduxpy01
Fauci says early reports encouraging about omicron variant https://t.co/JffjSnHbHx
@PalmerReport I was shocked to hear a guest on MSNBC @TheRevAl show suggest that Dr. Fauci should not be the spokes‚Ä¶ https://t.co/ozdYuyBxfh
"U.S. health officials said Sunday that the omicron variant of COVID-19 may not be as dangerous as delta, a highly t‚Ä¶ https://t.co/srCT4xv4We"
Anti masks Beijing Biden said very convincingly at the debates that he will go by the science about covid he broke‚Ä¶ https://t.co/JpxswYww7M
"@Ameible1 @DezEbuwa @ggreenwald The lab was close to the market, researching viruses with bats, because the region‚Ä¶ https://t.co/W2piMCGby3"
Fauci says early reports encouraging about Omicron variant https://t.co/P3x1YpEQdP via @BostonGlobe
U.S. health officials said Sunday that while the omicron variant of the coronavirus is rapidly spreading throughout‚Ä¶ https://t.co/e8hRcoAZSF
I never thought Fauci would be optimistic about anything. https://t.co/ywtVm4NfbU
I‚Äôm waiting for Dr. Anthony Fauci to say that Covid is over. #CrystalTimeMachine
"New Free Substack by @AliceShattuck who is hanging up her St Pauli Girl uniform, thanks to Anthony Fauci:  I starte‚Ä¶ https://t.co/4BrDbSXllB"
@biancoresearch Fauci should be jailed.
"@atrupar After all, we all know that Dr Fauci IS science.   He has told us that himself.  And to question SCIENCE i‚Ä¶ https://t.co/Mg2kDFEqiC"
@SurfSkiWeather You should forward this to Dr. Fauci.üòÅ
"We??!  WTF?  ‚ÄúWe all feel very badly about the hardship that might have put upon not only South Africa, but the oth‚Ä¶ https://t.co/lSEwXRuTaa"
@workOnLearning @dingobabyboy @SMan118 @SamHarrisOrg @NAChristakis @JoeBiden But Fauci and Biden are pro vaccine. Y‚Ä¶ https://t.co/nuiBmQSJu3
"I don‚Äôt know‚Ä¶ ~majority of country vaccinated. ~most still wearing masks Covid cases on the rise, again. Maybe, Fau‚Ä¶ https://t.co/KNGqMltMi2"
"@boston25 They lied, people died, Fauci should be in prison"
@NancyCoats57 Fauci looks liked he as aged 5 years in one
@atrupar @eegarim I‚Äôm glad that Fauci is pushing back against those who want to slander him!
Ron Johnson is at it again. Now he is accusing Dr. Fauci of overhyping the Aids and COVID epidemics. Is there just‚Ä¶ https://t.co/GYnTBWtE9Y
"@atrupar It`s not Dr. Fauci`s job to go to the border. What do you do Abbott when you go to the border, shoot at th‚Ä¶ https://t.co/KBUt4VPQOX"
Daily Reminder:  Dr Fauci tortured and killed puppies
They are funded by China. So is Fauci. https://t.co/01Jqf4dYtN
Fauci's face is perfect to superimpose on a punching bag. We'd make millions.
"""No one person represents science.""  Is Anthony Fauci the Same Thing as ‚ÄòScience‚Äô? https://t.co/DQ0NRuhwKP via @brownstoneinst"
"""Noble lies are a trap.""  Do we want public health officials to report facts and uncertainties transparently? Or do‚Ä¶ https://t.co/eKIIu0d3Uv"
"In a way, it is fortuitous that Fauci has been bestowed this award as perhaps more will see how they are only laugh‚Ä¶ https://t.co/xoxQBWPOfa"
Babies 6 mos up to 2 years &amp; kids ages 2 to 5 are currently in vaccine clinical trials &amp; Fauci said data will proba‚Ä¶ https://t.co/t69Sc1AKkR
Fauci explained in detail at 5:50 why he agrees w/ Pfizer CEO that Pfizer's oral pill Paxlovid could be effective f‚Ä¶ https://t.co/quZxM5Bqbg
Bloomberg interview with Fauci on omicron: https://t.co/PppMJyPsTS
"Bloomberg/David Westin's Q to Fauci at 2:06: The number of cases [in S Africa] is going up, the # of hospitalizatio‚Ä¶ https://t.co/AGgL5nnmRP"
Omg I love that man ü§£ #Trump2024 #TrumpWorld #FJB #LetsGoBrandon #MAGA #Fauci #FauciLied #DoNotComply üá∫üá∏üá∫üá∏üá∫üá∏üá∫üá∏ https://t.co/eodbMPRObO
"@DonaldJTrumpJr @joerogan Have you seen Robert F. Kennedy interview With Tucker Carlson or Read his Book ""The Real‚Ä¶ https://t.co/xgbM2pZYlp"
"Very simple, Fauci  has to tell biden to stop allowing people to cross the border  There regulating everyone else's‚Ä¶ https://t.co/Ia0betIUXc"
@WalshFreedom Who Anyhony Fauci?! üòí
Celebrity sighting in #ArlingtonMA. Also Fauci was there. https://t.co/qnN7eLLK9J
"My dog just chewed up my #TheRealAnthonyFauci book. So...does she hate Fauci as much as I do, or is she a flaming liberal ü§îü§îü§î"
@TonyHussein4 @amorenomore Dr Fauci has committed his life‚Äôs work to the cause for at least 40 plus years and shoul‚Ä¶ https://t.co/COu900thrD
Fauci /    Hitler Proclaims Anyone Who Attacks Him Is Attacking Science https://t.co/HJPnb7gzBh via @TheBabylonBee
"@Lons Man, I bet Anyhony Fauci is relieved right now that Trump cared enough to clear his good name."
I trust Joe Rogan more than I trust Fauci.
@TalesofJonathan @JackLombardi People like Fauci rely on people like you to actually believe that.
Truth  !!!Don‚Äôt buy Fauci &amp; administration‚Äôs  spin  all in for the $$$$$$$$$ and  cahoots  with each other that is‚Ä¶ https://t.co/Qu0QvKQZ9x
@azcpabate They are and they are getting us sick but Fauci &amp; CDC director call it ‚Äúepidemic of unvaccinated.‚Äù
üëèüèªüëèüèª. Dr Fauci has done more to help humanity than all of his critics combined. https://t.co/5nRCu9Dg1x
"‚ÄúI brought top scientists/epidemiologists from Harvard, Stanford, Tufts, &amp; UCLA to the White House to share their o‚Ä¶ https://t.co/txXojKkHAJ"
@RadioFreeTom It is obvious that you don‚Äôt know the CDC guidelines. Once seated at a restaurant you can remove your‚Ä¶ https://t.co/soKoWekzHd
@RyanRenee9 @Joe13081504 @ebottcher Dr Fauci created aids in a lab.
@MichaelWatsonDC @CircleBackPat - No explicit denial of lockdown (rhetorical tactic is exacerbating and intimidatin‚Ä¶ https://t.co/OSkmaJZg7h
Daily Reminder: Fauci tortured and killed puppies
"@Makuvex8 @JoJoFromJerz The science behind the Covid vaccine is well documented, and all of it is open to the pubic‚Ä¶ https://t.co/eC80845G9Y"
@SenTedCruz See #1 cause of death in Texas. Sounds like Ted should be listening to Dr. Fauci. https://t.co/QnU5JgaD76
"@morgfair @JimmyKimmelLive @jimmykimmel Morgan,Thank you for the kind words about Dr Fauci"
@DropperGrass17 Fauci probably snuck it in and released it.
@17Patroit76 @DropperGrass17 Big Guy? -  OK I thought they were referring to that Gnome Fauci (aka Dr. Mengele).
@Klaylurkin Is that the guy who sang ‚ÄúDr: Fauci‚Äù to the tune of mr sandman?
Some guy asked Fauci what should triple vaxxed people do to protect themselves‚Ä¶.  Are you kidding? People don‚Äôt buy this shit do they?
Doctor Fauci Should Retire With Pelosi and Schumer!!!! @SenSchumer @TeamPelosi Call Cuomo for Some More Internal Me‚Ä¶ https://t.co/XiadT1UQPg
Fauci is useless. https://t.co/4Y3Td1qhn4
@thehill I'm not a fan of Fauci myself but even I can admit this is a little ridiculous.
Fauci as Darth Vader of the Covid Wars - Opinion¬† - https://t.co/hcgCURNZxo  If you haven't read thebook this gives‚Ä¶ https://t.co/VrEtwcsQPn
Fauci Says COVID Could Be Controlled Not Eliminated With Vaccines Amid Omicron Spread https://t.co/2ySqVvZDSt
RonJon &amp; Randy...the two who want Dr.Fauci tossed in the slammer... https://t.co/MKdL6zmli7
"She got what she wanted, attention..!! The deplorables will send her accolades and üí∞ https://t.co/Qbc6i2C1e6"
"@TonyTodd54 Hello, Mr. Todd, if you like this, feel free to re-tweet.  Thank you!  ""Portrait of Dr. Fauci"".  ¬© 6-17‚Ä¶ https://t.co/qIXXJiM7Zr"
"@trumpdictionary Hello, Trumpdictionary, if you like this, feel free to re-tweet.  Thank you!  ""Portrait of Dr. Fau‚Ä¶ https://t.co/LZHC4mQKWZ"
"@FascistsMad Hello, Mad, if you like this, feel free to re-tweet.  Thank you!  ""Portrait of Dr. Fauci"".  ¬© 6-17-21,‚Ä¶ https://t.co/qUHtXEIV1v"
"""Portrait of Dr. Fauci"".  ¬© 6-17-21, by D.L. Polonsky. Colored pencil on Bristol board. Feel free to re-tweet. https://t.co/dpaMf1zAxA"
"Retrospectively, if the intervention *worked*, that is, if the bad outcome didn't happen, people thought it was an‚Ä¶ https://t.co/EdcsOp2x3a"
"At the start of the pandemic, Dr. Anthony Fauci said, ""If it looks like you‚Äôre overreacting, you‚Äôre probably doing‚Ä¶ https://t.co/dlDCAC6sAo"
like Chris if you want to get incisive maybe talk about how liberals' refusal to see Fauci's behavior as damnable l‚Ä¶ https://t.co/yj503n17Y1
The National Institute of Allergy and Infectious Diseases has spent 36 years infecting and killing monkeys to devel‚Ä¶ https://t.co/FcSicnrhCh
Biden: ‚ÄúWe've gotta beat it back before we shut it down. This is gonna take time..We have to shut it down worldwide‚Ä¶ https://t.co/75eqbiTyfA
The Doctor Patient Forum/DPP proudly supports Rep @GreggAmore1 for Secretary of State  Rep Amore was the first to s‚Ä¶ https://t.co/YkXgvkzrbM
@sparkly91717 @TomEvan81013762 MGH is also blindly following Fauci and CDC.
"@FoxNews @TeamCavuto @RandPaul @tedcruz @BretBaier @FoxBusiness @willcain US averaging about 30,000 deaths per mont‚Ä¶ https://t.co/8pav2kl3Qp"
"@FoxNews @TeamCavuto @BretBaier @RandPaul @FoxBusiness Wait, Rand Paul and Ted Cruz was talking about Fauci lying u‚Ä¶ https://t.co/Pi5T3gYDog"
@FoxNews @TeamCavuto @NIH *What Fauci says about breakthrough infections being more mild applies to the Delta varia‚Ä¶ https://t.co/JZwoI9qYuD
@RSBNetwork Right after the orange man does his time for lying about the virus ..  Fauci did a great job!  Can you do better?  I think not!
If you question FAUCI your attacking science....even if your a scientist.  IF you black and you don't vote biden YO‚Ä¶ https://t.co/BmnY7fSQX6
Twitter Slaps 'Unsafe' Label On American Heart Association mRNA Vaccine Warning https://t.co/PHRhVIHXFS via‚Ä¶ https://t.co/YfM2Sbd6K2
@Jim_Jordan They want us to blame the unvaccinated if we get positive. If I become positive I will blame Fauci and‚Ä¶ https://t.co/aQe5vz8qQo
"Despicable. Logan said: ""What you see on Dr Fauci - this is what people say to me: that he doesn't represent scienc‚Ä¶ https://t.co/7hFhKkISMx"
@conservative929 I‚Äôm not here to debate the origin of Covid.   And I would argue anyone with billions of dollars in‚Ä¶ https://t.co/Ybm8SNjuUZ
and we get fauci üôÑ https://t.co/euvtVUMlDJ
@Dr_mauraf Oh wow‚Äî so they know more than fauci ‚Äî there were pharmacists that threw away the vaccine at the start of this whole thing so‚Ä¶
"@__frye @sneaknsneak i just checked, seems to be the original youtube count (showing 118K on the fauci documentary)"
Received my last Fauci ouchie for a while and already DREADING tomorrow.
Fauci calls out Fox for its silence after host compares him to Nazi doctor‚Ä¶..  Why won‚Äôt Dr Fauci go on Fox?  https://t.co/reChy7QhWh
Omicron is just another synthetic virus that probably originated at Fort Detrick. The media and miss Fauci are blam‚Ä¶ https://t.co/CCMdW1T0QK
Fauci lied People died üòé
Daily Reminder: Fauci tortured and killed puppies
@JT4USA @laralogan Why don‚Äôt you discuss the context?  Regan Admin was doing nothing about HIV /AIDS. Kinda of like‚Ä¶ https://t.co/0OTY2PC3sM
Fauci Hits Back At Lara Logan‚Äôs Josef Mengele Comparison - HuffPost https://t.co/DFuX1r5rGq
"@allinwithchris Enough is enough with Fox, Newsmax et al, disparaging Dr.Fauci, President Biden &amp; all trying to kee‚Ä¶ https://t.co/90QlHnT274"
@NicoleScherzy @nbc Yeah Mr fauci he thinks he science I'm parked Wampanoag Indian part of my nationality King Phil‚Ä¶ https://t.co/vtOEtQc7WL
Hey mister fauci your science who do you think you are Einstein look at I've been bitten by every mosquito in that‚Ä¶ https://t.co/etH6Hmspp0
@laralogan What the hell happened to you? I at one time had so much admiration and respect for you but after your d‚Ä¶ https://t.co/eDVuwqBruN
#WarpSpeed is a joke. It has nothing 2 do w/creating vaccines in less than a yr! The patents prove that this has be‚Ä¶ https://t.co/R8yiUTqf8d
@Hope4Once @TheSowerMan @KingJames Fauci has a 50 year history of manufacturing pandemics to sell pharmaceuticals.‚Ä¶ https://t.co/cPSLccE9jq
@bradc14 @GhostGirlInCO We should always get a 2nd opinion when a doctor suggests a treatment we aren't 100% sure a‚Ä¶ https://t.co/jvR8GRgZSx
@JimmyKimmelLive Just look at the people who attack fauci... that tells you everything you need to know.
Gone with the Wind as they say. Western Judeo-Christian culture is rapidly fading and our liberty is being sacrific‚Ä¶ https://t.co/RSEzf23YKf
Biden Jokes That Fauci Is the President [Video] https://t.co/kgI353hIy6  Maybe it‚Äôs not a joke
"@thehill - VAERS went from approx. 18,500/30,000? deaths in 9-10 months, more than DOUBLE deaths than all vaccines‚Ä¶ https://t.co/oxcgTE6Z7i"
"@MassDPH @MassLtGov @CDCemergency @DrTedros - VAERS went from approx. 18,500/30,000? deaths in 9-10 months, more th‚Ä¶ https://t.co/RJNGiMq2h1"
There Are Now 365 Studies that Prove the Efficacy of Ivermectin and HCQ in Treating COVID-19 -- Will Anyone Confron‚Ä¶ https://t.co/tNPUKrkbsl
@laurenboebert Bozo would do a better job than Fauci!
"Cuomo Discarded, Smart but Bad, Baker bye bye, And you're Little Roe too, and Harris isn't going anywhere under the‚Ä¶ https://t.co/UnNFPiz9VP"
Defund Fauci &amp; R/O on G@tes Remove both of them.
@SenTedCruz Fauci and CCP collaborated creating COVID-19 pandemic. He should be in jail.
"If Fauci and Biden try to put us back in to lockdowns we all need to put the F back in to FREEDOM , stick that fing‚Ä¶ https://t.co/cB2UOWZPAA"
@jojodan11592387 You should he is about to rip Fauci a new  you know what
"@GOPLeader - Remove G@tes  &amp; Fauci from our healthcare system.  The first one is not qualified, no medica degree, o‚Ä¶ https://t.co/joKGlxQjCP"
Report: Fauci Refusing Interview Invites from Fox News https://t.co/SnVAGxkUZB via @BreitbartNews
@CDCDirector Calling for the removal of G@te$ from our health care system. Also calling for Dr. Fauci to be termina‚Ä¶ https://t.co/QcK69hoUA3
@CDCDirector - It's time to remove G@tes out of our healthcare system.  I have reviewed everything he's done incl D‚Ä¶ https://t.co/B2AOJPxtWi
I guess I can‚Äôt use Fauci.ETHüòÇ
@randpaul you are beyond pathetic.. You want Fauci jailed for supposedly lying.. You and your sick Republican frien‚Ä¶ https://t.co/7K3IB64KHF
@felidaeny @zerohedge I guess sooner or later we will see some Omicron cases on unvaccinated people. I think they w‚Ä¶ https://t.co/9aX751Hk0Q
The real Dr. Fauci
Tell me you don‚Äôt know where Mozambique is without saying so. This was embarrassing from Fauci https://t.co/0I7qFRcGKO
Why‚Äôs Fauci So Scared to Come on This Show? https://t.co/cee38C8VqS
"@Jim_Jordan Please define ""Real America"". Is it the America where Republicans, Conservatives, and truth denying con‚Ä¶ https://t.co/5XXrodwTUr"
@woodzybcfc @KarenLanie @LeeLee0463 @Elesmialegria @taz81 Ah yeah...science...you watch way too much TV and videos.‚Ä¶ https://t.co/jddYaLwtaR
@RJNewsflash If the pandemic is such a threat why leave the border open? Who is lying Fauci vs. Biden.
"@JavierGoya7 According to Biden &amp; Fauci, she may need a booster."
"Senator Cruz Torches Fauci, Vax Mandates and the NBA https://t.co/S5Tp6xj4V7"
The @POTUS  Wears diapers Has plagiarist past Has dementia  40 years of non success  Pathological liar No clue abou‚Ä¶ https://t.co/lra2ZQ4Vkw
"@tedcruz No dear, that would be you. Dr. Fauci believes in science‚Ä¶you only believe in yourself."
"Yeah, but I don‚Äôt think COVID is done with the USA yet Mr. Jordan, thank goodness we have President Biden and Dr. F‚Ä¶ https://t.co/92QxPiOkAo"
@sailboatbob12 @JoJofromreno @P_Trimb @tedcruz Except Fauci isn't a virologist.
@sapphirestorme Except Fauci isn't a virologist.
"@inthefade my FIL asked me to buy ""The Real Dr. Fauci"" by Patrick Kennedy - that's a hard no"
Holocaust survivor responds to Fox host comparing Fauci to a Nazi https://t.co/SWNnJhAFbv
@RonFilipkowski @MalcolmNance @SenSchumer @LeaderMcConnell   This is the kind of stuff--outright lies-- that leads‚Ä¶ https://t.co/DL53VYp7hG
They're KILLING people and or Making Them Very Sick.  @AceBearstrom  ------------ Dr. Fauci Explains How Unvaccinat‚Ä¶ https://t.co/xZBTkJwBV4
@juliettekayyem Throw in a Lord Fauci tattoo while you're at it!
"@neontaster Also that Fauci's been consistently inconsistent on multiple ""solutions"" all while persisting hellbent‚Ä¶ https://t.co/QSnw5kIT34"
"@bobcesca_go If Border Patrol and related agencies are following CDC guidelines, every person apprehended by them m‚Ä¶ https://t.co/RfDYw73pBU"
Daily Reminder: Dr Fauci tortured and killed puppies
@JRNave @TheBossMom78 @foxandfriends Dr Fauci again.. understands that VAERS is a self reporting system .. that doe‚Ä¶ https://t.co/frqcB7I9K0
"""It's a different issue"" - Fauci dismisses 'border crossers' being tested for COVID - https://t.co/DbmrQiuLZ6 via‚Ä¶ https://t.co/YdLc83YR5b"
@JRNave @TheBossMom78 @foxandfriends Dr Fauci knows what VAERS is.. and isn‚Äôt‚Ä¶ and it‚Äôs not something that proves causality.
@GuyHimalayan @JakoWolf @CharisseThomps8 @bdomenech @Fauci I agree with you there. I‚Äôm over it.
Fauci: Omicron 'Very Different From Other Variants' https://t.co/bsagkSXTu2 by @Medscape https://t.co/RGdHSIm6L4
@FBM2005 @CharisseThomps8 @GuyHimalayan @JakoWolf @bdomenech @Fauci A lot of those hospital workers have probably a‚Ä¶ https://t.co/Smbpi5j0ls
@CharisseThomps8 @GuyHimalayan @JakoWolf @bdomenech @Fauci I‚Äôm vaccinated too but it‚Äôs strange how many people who‚Ä¶ https://t.co/nAHj8njQ8O
@mytwopencewort1 @bdomenech @Fauci The fact that it included those who have had Covid. This wasn‚Äôt an argumentative‚Ä¶ https://t.co/iWNq7oJdLr
@rachaelmbade @AlexThomp Are you honestly ignorant of the 20 months of COVID warnings already provided and Dr. Fauc‚Ä¶ https://t.co/Ie6DbOde7k
Fauci as Darth Vader of the Covid Wars - Opinion¬† - https://t.co/hcgCURNZxo
@GuyHimalayan @bdomenech @Fauci My point was that they are at least ‚Äúfollowing the science‚Äù. In NYC you can‚Äôt even‚Ä¶ https://t.co/wPjpVAmQt5
@bdomenech It‚Äôs strict but at least it‚Äôs following the science way more than we are since it includes vaccinated AN‚Ä¶ https://t.co/I3snzUvhSZ
@JoeConchaTV Fauci is a Science project that went wrong
#BeBrave #ThisTooShallPass The virus will stay but so did the flu. #EatHealthy #Exercise #DrinkWater #Selfcare Don‚Äô‚Ä¶ https://t.co/uybEMP2DY2
EXCLUSIVE: Forgotten Monument to Dead Orphans from Fauci's Torturous and Deadly AIDS Testing Is Located in New York‚Ä¶ https://t.co/p9QCf3NTEU
@SenatorHassan Sen Ron Johnson said Dr Fauci over-hyped the Aids epidemic. How do you work with these fools?
First omicron COVID case in US was person returning from South Africa before travel restrictions https://t.co/O5IncBg4BH
@CDCDirector  Nobody is stepping up to the plate.  Tell that Dr. F to come out &amp; explain what he doesn't understand‚Ä¶ https://t.co/KlsrSlEUxF
Dr Fauci warns COVID vaccine booster may be needed EVERY YEAR https://t.co/fjIJsEHLl2 via @MailOnline
"@CNN @andersoncooper @drsanjaygupta I'll trust Dr. Fauci, but shocked you asked big pharma CEO on boosters being ne‚Ä¶ https://t.co/d3o9CtGHYN"
#Fauci is the biggest fraud in the history of America. Tell me I‚Äôm wrong.
"@TodayWithJulius First of all, it's not a v@xx.  It's not his, he's not a virologjst or a CHEMIST, or MD. Go back t‚Ä¶ https://t.co/HJbf9aXH0C"
"@RodneyArringto7 @CNN Why do you MAGAts attack Dr. Fauci, a little man who has spent his entire apolitical life hel‚Ä¶ https://t.co/9rbwo289qw"
EXCLUSIVE: Forgotten Monument to Dead Orphans from Fauci's Torturous and Deadly AIDS Testing Is Located in New York‚Ä¶ https://t.co/l76Ve7I1jR
Dont believe what dr fauci is telling you start using your brains and open your eyes https://t.co/tVj7eV39Ql
There is a famous public health official named ‚ÄúFellatio Fauci‚Äù let that sink im
Fauci rubs me the wrong way
Fauci Reveals First U.S. Omicron Case Is Double Vaxxed https://t.co/WVB5drXfVl
5 years from now Dr. Fauci will have a daytime talk show called ‚ÄúFauci‚Äù.  He‚Äôll interview celebrities about nonsens‚Ä¶ https://t.co/7xquUOXnGy
@USCIS please update your officers about latest #CDC guidelines for civil surgeons for #gonorrhea test on Form I-69‚Ä¶ https://t.co/jt6wVlCl5d
"@ACTBrigitte Fauci's record dating back to the 80's is incredibly bad, with Vaccine's that have damaged many life's‚Ä¶ https://t.co/v1ZlglUfpH"
"God how ignorant can you be, doesn‚Äôt it dawn on them they‚Äôre their audience. Not for nothing these are the people w‚Ä¶ https://t.co/f2QuXrzjwl"
"And another clown speaks, 37 million have died and 38 million are living with aids, overhyped you say? https://t.co/4MiJ66dCbV"
"yes, but we're supposed to believe Anthony Fauci as an unassailable authority, even on a variant that he's had abso‚Ä¶ https://t.co/ioX5W40pkj"
#Fauci fell right into #PeterDoocy
Fast forward a few years‚Ä¶ Huge red wave victory at midterm election‚Ä¶ Fauci up on charges  @CDCgov @CDCDirector caug‚Ä¶ https://t.co/aesT6Ude4h
@SteveHiltonx Anthony Fauci is the medical bureaucrat that intentionally facilitated the opening of Pandora‚Äôs Box h‚Ä¶ https://t.co/XmEHCQqWKw
If the #Omnicron was so serious They would CLOSE #TheBorder slam the ‚Äúdoor‚Äù shut BUT they have not ü§î #covid #BidenHarris #Fauci LIARS
@ripster47 Maybe you can have one more date with Fauci ‚Äúfor the good times‚Äù.
#ICYMI: Dr. Anthony Fauci discussed the first case of the COVID-19 Omicron variant detected in the United States.‚Ä¶ https://t.co/JOBfh8l4ZG
@laralogan Lara Logan's a liar. And right now people in positions like hers are either saving lives or they're lyin‚Ä¶ https://t.co/fKnq712fYS
@laralogan Lara Logan's a liar. And right now people in positions like hers are either saving lives or they're lyin‚Ä¶ https://t.co/BO4kQcgxdd
@laralogan Lara Logan's a liar. And right now people in positions like hers are either saving lives or they're lyin‚Ä¶ https://t.co/dKS1ntcAIW
@LHorowitz4 @laralogan Lara Logan's a liar. And right now people in positions like hers are either saving lives or‚Ä¶ https://t.co/bhJ6kSMUDL
@laralogan Lara Logan's a liar. And right now people in positions like hers are either saving lives or they're lyin‚Ä¶ https://t.co/7vkOxDrlML
How the Corporate Media Launched a Disinformation Campaign to Protect Fauci https://t.co/ajwP2jcpx4
Fauci never brought evidence to justify his policy positions. https://t.co/tB9HVbeMfY
"Question- if you had a dr that kept flipping back and forth on your health, wouldn‚Äôt you want to see another dr?! W‚Ä¶ https://t.co/Blxlh7Mt9I"
"@ggreenwald So Glenn the ""civil libertarian,"" who supposedly hates Fauci because of his authoritarian positions on‚Ä¶ https://t.co/sy3B7dYt3L"
"Fauci said the term ""gain of function"" is meaningless without context. He also said, ""I represent science,"" when ""s‚Ä¶ https://t.co/0Cjj4RYwX1"
@ksorbs Didn't this happen in the 80s with AIDS? Like people died being abandoned bc they were afraid of each other‚Ä¶ https://t.co/o1NTceCr4R
@kenny69808181 I do believe Dr Fauci addressed Santa‚Äôs protection plan last Christmas. I am sure it is tweaked this year!
@JanetPageHill A friend who works in biotech said Fauci should be in jail for what he did during the AIDS crisis. H‚Ä¶ https://t.co/whyUOvCZmY
Celebrate #NationalHandwashingAwarenessWeek from the 1st to the 7th by following #CDC guidelines and spending 20 se‚Ä¶ https://t.co/RzbK5mOPYf
"If seen or heard, Fauci really is worthless. https://t.co/aaRuABLIV9"
@CableNewsWatch Logan said she hears from people who compare Fauci to Mengele. A little over the top.
@RitaPanahi Lord Fauci didn‚Äôt want his trips to Europe interfered with so he just blamed the Africans typical Cis White Male Colonialist.üòú
@Empathy1248 @LeJaeger @PennyHaberfield @MLS_Dave I just dont think the vax has done much at all. I dont trust the‚Ä¶ https://t.co/vYBn3JI1SV
CLOWN WORLD: Fauci Calls for Testing of All People Coming into the Country -- Except Illegal Border Crossers‚Ä¶ https://t.co/BE6K3YDyq3
"@danielkotzin Didn't have the booster. So, Fauci is right as always. Lol"
EXCLUSIVE: Forgotten Monument to Dead Orphans from Fauci's Torturous and Deadly AIDS Testing Is Located in New York‚Ä¶ https://t.co/dZNRfoTEwe
BREAKING NEWS: Fauci: 1st US case of COVID-19 omicron variant identified  https://t.co/NFgLgyOTbK
@ShannonBream Fauci is now actively harming the Biden Administration with his presence he‚Äôs one of the most deteste‚Ä¶ https://t.co/K2lCdbAzrS
"First U.S. case of omicron strain of coronavirus has been confirmed, Fauci says  https://t.co/FmRLVzSvsH"
"@Acyn In fairness, it's a reasonable question for an uninformed person to ask of an expert.  The answer of course i‚Ä¶ https://t.co/hRanf58RMD"
Fox is covering Dr Fauci but look who they have coming up after https://t.co/FvBPurui70
"A Fox News commentator has likened Anthony Fauci to Nazi Doctor. Okay, but Fauci has proven once again, he doesn‚Äôt‚Ä¶ https://t.co/8caApXLEvw"
We have not forgotten. https://t.co/cYTlIzmuuQ https://t.co/k8aBAaUxvm
Why is Fauci on tv again ?!?!
Dr. Fauci makes absolutely no sense when he speaks.
Watch: Dr. Anthony Fauci comments on first case of omicron variant in US https://t.co/lqrr5cOFp7 via @FacebookWatch
Fauci needs to just shut up and drift away . He always feeds fear.
#WATCH #LIVE: Dr. Anthony Fauci joins White House COVID-19 briefing as US detects first case of Omicron variant in‚Ä¶ https://t.co/03byqfr9EW
but the Twitter only wants to show the Fauci narrative https://t.co/Ft1H1Gj3fN
@tedcruz represents Ted Cruz. No one else matters to Ted.  https://t.co/xKtP6Q20gz
@catturd2 Sotomayor should take a look at Fauci's pain monkeys.
"""I am the one who knocks."" - Anthony Fauci"
"Fauci says COVID diverted scientific, financial resources from fight against AIDS https://t.co/0qRG32W8F4"
Holocaust survivor responds to Fox host comparing Fauci to a Nazi https://t.co/HkunW4ASgv
"I've seen a lot of speculation, so I'd like to officially confirm: YES, Omicron is indeed a Liberal conspiracy. I p‚Ä¶ https://t.co/tj6IJPdZaf"
"why isn't the press covering this? Oh that's right....can't question St Fauci.....oh man.,,, https://t.co/cwhzsaHdhy"
The local news said people in past year have named their puppies ‚ÄúFauci‚Äù and ‚ÄúCovid‚Äù. These people should not own pets.
Obama and Dr. Fauci Surprise Children to Promote Coronavirus Vaccine https://t.co/Niiqy1AGK5 via @BreitbartNews
Daily Reminder:  Dr Fauci tortured and killed puppies
I watched the 3 night mini series on the Anthrax scare after 9/11.  Wonder if anyone else saw similarities between‚Ä¶ https://t.co/m20gBNijll
"""I am the Lord thy God, thou shalt not have any Gods before me""  #Fauci is not a God though he likes to play one on‚Ä¶ https://t.co/WV9lqucENe"
‚ÄúYou‚Äôre either saving lives or you‚Äôre lying‚Äù you can‚Äôt do both. And this unhinged liar has always been on one path.‚Ä¶ https://t.co/fbAtugqF4a
"@tedcruz Hey Cancun Cruzer, has anybody ever heard of Dr. Fauci coming on here and tweeting disinformation about yo‚Ä¶ https://t.co/our8EBRGfn"
"The Real Anthony Fauci Bill Gates, Big Pharma, and the Global War on Democracy and Public Health Part of Children‚Äôs‚Ä¶ https://t.co/O03cNWL3qA"
@LorenzoTheCat I love Dr Fauci! ‚ù§Ô∏è
@JoyAnnReid  ! Take Fauci to a smash and grab to give your Brothers covid shot!!
@Marshall4566 @kamikazikat @HockeyJohn2 @DanCrenshawTX You may have a point abt needing someone else - but for me i‚Ä¶ https://t.co/fvi0fEUo66
"Fauci &amp; Joe looked into their crystal ball, it said;  Lock down/shutter country for 3 years. No one leaves home aga‚Ä¶ https://t.co/aA3HqE1QYS"
"@WBZNightside Vaccine passports will never work, because the vaccines do not work.  When will the Scientific commun‚Ä¶ https://t.co/q83uYTAFlT"
@OXNews What will it take for the Murdoch KKKlan to suspend @laralogan?  I hear Chris Cuomo is available for work.‚Ä¶ https://t.co/kxQGG7CChr
@FaceTheNation Dr Fauci: ... that's what I worry about more than people throwing slings and arrows at me because my‚Ä¶ https://t.co/hZEiUrkCcz
@FaceTheNation Brennan: Do you think there need to be tougher regulations for labs that deal with highly contagious‚Ä¶ https://t.co/8ivxFeF1PI
"@FaceTheNation Dr Fauci said ""It was very likely in a host... in typical fashion, I think trying to make sure that‚Ä¶ https://t.co/O9MiJubUHc"
"@FaceTheNation Transcript here.  Brennan asks about SARS-CoV-2 ""I've heard so many virologists point to that that i‚Ä¶ https://t.co/vuOTvLQFgY"
"I think it is very important to watch the @FaceTheNation interview of Dr Fauci, especially starting from the 37 min‚Ä¶ https://t.co/tPl3Vdrvrd"
Hey Gov Christie. Was Lara Logan just joking when she compared Dr Fauci to Mengele?
Which is it? It is or it isn‚Äôt? #Omicron #OmicronVariant #Fauci https://t.co/u99RO8Fd19
@MassGeneralNews @BrighamWomens You are strong because of your nurses. Respect them and honor their freedom and tha‚Ä¶ https://t.co/vGjbr95osV
Faucis' list of abuses to Dogs &amp; Pups (#Beaglegate) and now Monkeys surface. #Monkeyisland And STILL many trust him‚Ä¶ https://t.co/Z45UkswSu9
Obama and Dr. Fauci Surprise Children to Promote Coronavirus Vaccine https://t.co/mLf3WuvBxZ via @BreitbartNews
What's the difference between Fauci and Rhittenhouse?  All Rhittenhouse shots were effective.......
Dr. Fauci finally UNLEASHES on Ted Cruz on air https://t.co/KrpN7ZSzEY via @YouTube
She‚Äôs a real piece work! https://t.co/4j8dTbonZv
@SebGorka Dr. Fauci has a real ‚ÄúTo go against the Church is to go against God‚Äù vibe.
The CDC defines ‚Äúheavy drinking‚Äù for a man as 15 or more drinks a week  Someone get Fauci on the phone I wanna take‚Ä¶ https://t.co/FspuWM8eeJ
@jeredb09 @WSJ Words actually. Words are the most powerful tools in our arsenal. A soldier can kill one man with st‚Ä¶ https://t.co/bJDsuVZdjt
"ARE YOU PAYING ATTENTION???   SHOCKING: RFK Jr. Claims Fauci Killed, Tortured, Poor Minority Orphans in 1980s‚Ä¶ https://t.co/0UKQ6EabHN"
Anti-Defamation League and Auschwitz Museum condemn Fox host for comparing Fauci to Nazi doctor who performed medic‚Ä¶ https://t.co/1fetNUEQkz
"Fauci Offers No Science on Covid Shots, Masking https://t.co/49Dhm6ZOD8"
Fauci has the aura of a evil mad scientist as well as the record. He could do horror movies and the character would‚Ä¶ https://t.co/cxqPjCVAlj
"There does seem to be a shared mindset between Fauci and Mengele. The inhumanity of some of his experiments, and th‚Ä¶ https://t.co/ZaW6X2ipQ7"
@RebeccaLChris Fauci would hate that. Interesting observation from a Massachusetts physician.
"He's a doctor, bureaucrat, and maybe a Pope. Fauci's ego is out of control. https://t.co/zo0CVuK0GU"
Anti-Defamation League and Auschwitz Museum condemn Fox host for comparing Fauci to Nazi doctor who performed medic‚Ä¶ https://t.co/h69WI2Sb2E
@BernieSpofforth There never was. Trump had the once in a lifetime opportunity to show leadership and lead the worl‚Ä¶ https://t.co/ba1u5hQttt
"Under Dr. Fauci‚Äôs leadership, the allergic, autoimmune, and chronic illnesses which Congress specifically charged N‚Ä¶ https://t.co/euxMq5qA3N"
"@redsteeze Fauci just needs time to figure out how to work mentioning January 6th into another TV hit. After all, h‚Ä¶ https://t.co/S1JUa71ftw"
She's gone full crazy  The Washington Post: Lara Logan draws backlash for comparing Fauci to Nazi doctor Josef Meng‚Ä¶ https://t.co/AULnwHipNT
"@jeffmason1   Jeez   What Fauci said   Plus do your homework   ‚Äî PFE, JNJ, Moderna have  Issued press releases that‚Ä¶ https://t.co/cQG9oTDnmH"
@FCC  needs to take them on and punish and or remove their license to broadcast. @AceBearstrom  --  'Moral Decline'‚Ä¶ https://t.co/dODfLsyJSt
@tedcruz ‚ÄúI Am the sketchy Chinese gain of function research‚Äù is more accurate. He facilitated the opening of Pando‚Ä¶ https://t.co/JxbOV748yr
"@jsolomonReports My wife Jean and I disagree with Doctor Fauci, support funding - coves 19, reassert. With all Huma‚Ä¶ https://t.co/voCOffYQz5"
"@terror_studies Honestly, I‚Äôve had it with this shit. Josef Mengele performed horrifically invasive procedures. And‚Ä¶ https://t.co/17DShteaT0"
"@marylande Dr. Fauci did not lie! The üçäü§° lied to us all. He made it political! And because of HIM 700,000+ American‚Ä¶ https://t.co/Pfrqb8olSz"
@GenMhayden I never realize that Fauci was responsible for all bad things that happen in the world.
"@tedcruz Hmmmm I wonder why?!? It's funny though, Dr Fauci has never worked for the CDC. NIH is still very well res‚Ä¶ https://t.co/welvkx1Ilv"
"@CNN Hmm.  A Town Hall...with FACTS...with Fauci?  This is like hosting a ""How to play baseball fairly"" with the Houston Astros."
"He's a doctor, bureaucrat, and maybe a Pope. Fauci's ego is out of control. https://t.co/byMi4KyQOL"
"Comparing apples to oranges is BAD, suggesting an apple IS an orange is WORSE. Comparing Dr. Anthony Fauci to Nazi‚Ä¶ https://t.co/gkFwyLuXmC"
Ya Think ü§£üëá Newsweek opinion editor: Fauci represents 'extremely arrogant and highly politicized elite' https://t.co/v3KCWNXwuK
"Fox Nation Host Decides Hanukkah is the Right Time to Compare Dr. Fauci to a Nazi. Careful, she might make Fauci po‚Ä¶ https://t.co/8tkr8nznHW"
