"""Anthony Fauci: ‚ÄúFree will. I get that, I respect that, BUT these are unusual times.‚Äù https://t.co/Sdj3GWjyA1"""
@omgness4real Fauci = They say there's a Sucker born every minute.  That's all I need to know.ü§≠
"@theblaze Ah yes, the communal collective of unaware, woke, ""Fauci Socialism""..."
@DavidBCollum As the great Kary Mullis said ‚ÄúFauci doesn‚Äôt know anything about anything‚Äù.
Why is Fauci dating the dude from ghostbusters 2. https://t.co/RADZlzisfu https://t.co/x8l2IOycf3
I would prefer to see Fauci 6 feet deep in the ground... https://t.co/obpPdbmiBo
&amp;quot;He Routinely Causes Fear and Hysteria&amp;quot; - Rand Paul Slams Fauci Again https://t.co/ekt78OABGe
@nannytwingle A good start would be ‚Ä¶‚Ä¶‚Ä¶‚Ä¶‚Ä¶‚Ä¶   ‚ÄúFauci indicted for treason and crimes against humanity‚Äù
NO THAT WOULD BE CESARS PALACE CDC GUIDELINES.....DONT DO THAT https://t.co/vXPNwHKR8J
@johnpavlovitz Question why listen to Dr Fauci cause he does seem to follow the science which has been used in ever‚Ä¶ https://t.co/YBGRByrsi9
Pfizer Fauci Trudeau Tam FDA CDC WHO WEF Gates https://t.co/9CFYDpLxLx
@Breaking911 Courts disagree with you #Fauci
"""I don't understand the disconnect right now"" - Aniston  #fauci &amp; @CDC proimised that #vaccinations would prevent t‚Ä¶ https://t.co/XnF5jWLP4S"
@jackwil33143446 @CortesSteve @SharriMarkson @RealAmVoice @RealPNavarro @RWMaloneMD age. Dr. Fauci's apparent need‚Ä¶ https://t.co/3UbiLedXF5
"@jackwil33143446 @CortesSteve @SharriMarkson @RealAmVoice @RealPNavarro @RWMaloneMD familiar with the terms ""regula‚Ä¶ https://t.co/sSutXgfmhX"
"@jackwil33143446 @CortesSteve @SharriMarkson @RealAmVoice @RealPNavarro @RWMaloneMD carefully cited, is mind-blowin‚Ä¶ https://t.co/R5AI3t9F1P"
@jackwil33143446 @CortesSteve @SharriMarkson @RealAmVoice @RealPNavarro @RWMaloneMD: ‚ÄúI thought I understood what w‚Ä¶ https://t.co/FWUbL9vaia
Judicial Watch - Judicial Watch: New Fauci Agency COVID Records Reveal Information about NIH Research into the Coro‚Ä¶ https://t.co/7fy9sFywzF
@JackPosobiec And that baby went on to be Dr Anthony Fauci
I‚Äôm SO done with Fauci and his bullsh-t! https://t.co/15XgcbBPBr
@jackwil33143446 @CortesSteve @SharriMarkson @RealAmVoice @RealPNavarro @RealAmVoice: Dr. Fauci's National Institut‚Ä¶ https://t.co/LkHKZg5YEt
@ABC7NY why don‚Äôt you report that St Fauci says #Omicron appears to be weaker than Delta.  It shows that #COVID19 is weakening.
Good luck with that Fauci.... https://t.co/IDzOfSbm9A
"@Cernovich Fauci, Big Pharma and the Biden Administration never want you fully vaccinated.   Just keep moving the v‚Ä¶ https://t.co/O4cYcpw7Sj"
"@jackwil33143446 @CortesSteve @SharriMarkson kept his silence, he didn‚Äôt ever tell the president about this.‚Äù‚Ä¶ https://t.co/3fyvkS2P0T"
@jackwil33143446 @CortesSteve @SharriMarkson: I did an analysis of all the scientific  papers from the Wuhan Instit‚Ä¶ https://t.co/6xppdZjv4j
How to end the pandemic: Step 1- Stop watching the TV news / Step 2- stop reading mainstream media/  Step 3- Mute a‚Ä¶ https://t.co/cZjE6SnG4N
"‚ÄúYeah so this Dr. Fauci was on TV and said the Covid-19 vaccines are totally safe babe. So get this, after the game‚Ä¶ https://t.co/AMq1YGFA3m"
@BrianLenzkes @gatewaypundit This will be over when enough people wake up and realize Fauci and his puppeteers have‚Ä¶ https://t.co/NXwVLdSHxM
Rand Paul: Dr. Fauci is the 'opposite' of what you want in a leader https://t.co/TXRiET2gHn via @YouTube
"@KwikWarren It's Politics 101. You attack your opponent at the strongest link. Prior to their attacks, Fauci was re‚Ä¶ https://t.co/7RAxxNe7aD"
@BenAltitude wrong Fauci. not much supersedes individual choices
What‚Äôs a girl Dr. Fauci? https://t.co/CVxncNulNo
"And he gets paid to destroy the country.    Fauci: It Is ‚ÄòWhen, Not If‚Äò Definition of Fully Vaccinated Will Mean Th‚Ä¶ https://t.co/ImMXBZR5MV"
"Fauci Says Talks Ongoing on Changing Fully-Vaccinated Definition  Not sure this is entirely about public health anymore, POWER is addicting."
U.S. boosters surge to all-time high on c https://t.co/T2uI3fscHO
@unusual_whales Can I just go straight for my 5th so I‚Äôm penta protected like daddy Fauci wants for me? Make sure i‚Ä¶ https://t.co/JfFezk9tDl
@RandPaul is a puny moron...ü§°üí©üñï https://t.co/MPhfzsEsFE
Only person they know that is involved in the area of disease control is Fauci xD I'm having so much fun. https://t.co/rzZVx9CbOF
This week the Berkeley Heights Free Public Library has 23 new books and four new movies.  New items include The Rea‚Ä¶ https://t.co/cWF9mcpoym
@checkmatestate Never especially not Fauci proven liar
@SenRonJohnson ‚ÄúImplications‚Äù Ron. I just don‚Äôt think he said what you think he said. This is no ‚Äúgotcha‚Äù. Science‚Ä¶ https://t.co/Fv2BZ6Ghqq
@angietheplumber I just bought a red one - Damn that Fauci - keeps changing his mind
Hmm why does #Fauci still want to send üí∞ to China for research? #FollowTheMoney #FauciLiedMillionsDied
"@KwikWarren It‚Äôs not complex:  * Trump say Covid hoax  * Fauci warn Covid deadly * Cultists revere Trump, hate Fauci"
@andrealynn_rn They don't give a rats ass about our health.  **FUN FACT- Fauci and Gates own 61% of all pharmaceuti‚Ä¶ https://t.co/GzwJCF481j
"üòÇü§£üòÇü§£üòÇü§£üòÇ My only stress is worry about how to get rid of Biden, Harris, Pelosi and Fauci!! https://t.co/li7aMRqtvf"
"Pot meet kettle and laugh til you cry:  Biden, Fauci assume the worst with omicron instead of making rational, scie‚Ä¶ https://t.co/VJ7tZp8fzC"
@1KAG007 @GilbertMithhu We've lost civil discourse. The point of conversation is to learn. Challenging an idea does‚Ä¶ https://t.co/BoRAudp8Dz
I heard a Fauci variant is emerging
From Healio's @Ken_DowneyJr #covid19 #omicronvariant https://t.co/FgprsT4IzM
"This is all about government control of the people - One can criticize Trump, but he was correct abt Fauci - https://t.co/VbHwHQ6KiZ"
@cclisa1 @gatewaypundit Fauci should be charged with crimes against humanity for what he‚Äôs done! Sorry the analogy‚Ä¶ https://t.co/6kyuHChwJf
@Smedindy @guy_phish @TomiLahren Fauci science I‚Äôd bet!
@nytimes So much anxiety/depression could be alleviated if schools &amp; businesses would just follow CDC guidelines.‚Ä¶ https://t.co/3rhLbKvgL5
@Jerseyrepub1 @GovMurphy Fauci worshippers https://t.co/sAvfIKfED3
@ReallyAmerican1 I think the firing and not charging Anthony Fauci is a travesty of Justice!
@AnaCabrera Wonder when they will set one Dr. Fauci?
@Ynot217 @nuffsaidfjb @StephenMoore Why do you trust the federal government for your health care advice?   Have you‚Ä¶ https://t.co/2trcmjgSS9
U.S. boosters surge to all-time high on Omicron fears https://t.co/1EWwjEoHRA
Yet right out of the box the Democrats &amp; Fauci used the news of the Omicorn scariant to ramp up government controls‚Ä¶ https://t.co/GLJYOWsDuW
Fauci: Fast-spreading omicron 'almost certainly' less severe than delta ‚Äî vaccine data expected within days https://t.co/RC0TC0qhLa
@20SaveAmerica24 Are we talking about a Crimes Against Humanity trial against Fauci or @CDCgov ??
Mortality rates for infectious disease were so low for so long in the 80s that Reagan was gonna shutdown the CDC an‚Ä¶ https://t.co/PmYLUN2BCi
"Fuck you #Fauci. Omicron is pretty much a bad cold. I think I might have had it actually. If so, it's pretty much l‚Ä¶ https://t.co/X4c9cthcl8"
@BoSnerdley Biden and Fauci say ‚ÄúIf you are Black you better get Back!!!‚Äù https://t.co/1DLsf00oUr
@AlexandraLevi20 I'd trust Rogan over Fauci any day!
@unusual_whales Fauci spewing shit from his mouth? Whodathunkit? üôÑ
@che_eliseo @Kevin_W81 Fauci should resign or people just ignore
Fauci is just a publicity whore https://t.co/409tcszFFM
@Austin56228973 @alexandrosM @DavidGWallace89 @BretWeinstein @SamHarrisOrg Fauci is the embodiment of corporatized‚Ä¶ https://t.co/IG7uVUxca6
@JackiePrasek @Leann_Bee @chimoso7 @GreenTrades81 @business Trump should have fired fauci that ones on him
The Covid virus is the biggest fraud of our life time. With only  the vaccine close behind as the second biggest fr‚Ä¶ https://t.co/b3HGVRf83L
Fauci did 'immeasurable harm' with premature warnings on omicron: Pavlich  https://t.co/we2D4k0xkR
"If Biden/Fauci really cared about Covid-19 vaccinations and its variants they would stop, stop illegals from coming‚Ä¶ https://t.co/KTUej0O1Vy"
@nerfherder73 She has a hard on for Fauci‚Ä¶she should seek more friends to hang out with
"@WTPatty @enknaeN2YioDND7 @HelloKarma2021 I don‚Äôt listen to the TV doctors, there are thousands of other doctors an‚Ä¶ https://t.co/7bS0Vg1mD7"
"@tobylanda U are very passionate about this, but you are a little too focused. I was agreeing with you, and adding‚Ä¶ https://t.co/NXld7jQTMc"
"@DonaldJTrumpJr @jinmoy1 @joerogan Has Fauci ever contracted the disease? We know Trump, Rogan, Paul, etc. have. My‚Ä¶ https://t.co/EXHkSf2bS0"
A Frenchman did the science Fauci didn't: Omicron is no delta https://t.co/3h60FLxhGk
Fauci did 'immeasurable harm' with premature warnings on omicron: Pavlich  https://t.co/XTfvPAmn8u
Well at least air travel from South Africa has been shut down!  üôÑüôÑ  ü§°ü§°  üåéüåé  Will someone please tell #Fauci that a‚Ä¶ https://t.co/rI5Znoxz8D
Fox News Suspends Lara Logan After Dr. Fauci Complains She Criticized Him https://t.co/ts6cXCgSht #Fauci #foxnews #laralogan
@TheycallmejustA Fauci is a SINO Scientist in name only
"@HotlineJosh Wow, Fauci follows‚Ä¶ wait for it‚Ä¶ science?    Wow!"
Fauci Fires Back At GOP Sen. Ron Johnson's 'Preposterous' Claim He Overhyped AIDS  https://t.co/e3AJi419SO
"Today, I upgraded the Fauci Ouchie Bill Gates Approved 5G Microchip in my arm. (I'm secretly hoping for some faster‚Ä¶ https://t.co/wayryKuPyY"
@NathanMackBrown He also said that Dr. Fauci has overhyped AIDS. I worked in NYC at the AIDS Unit. That Johnson fel‚Ä¶ https://t.co/gd7Iv6EPUo
"Out of an abundance of caution for health and safety, @EarthWindFire‚Äôs shows at NJPAC on December 7-8 are being pos‚Ä¶ https://t.co/MINLjlHQw4"
"fauci, Democrats, and CNN can not seem to say this, I will:  Omicron found in 38 countries and is causing MILD ILLN‚Ä¶ https://t.co/9h2Cj6AW34"
@probablyEskanor I trust him more than Fauci
A song dedicated to Dr Fauci ‚Äúthe grinch‚Äù https://t.co/G7qyzQ2UQg
@Mediaite The only way Fauci can remain in the spotlight is for him to keep dragging the hype of covid and its variants.
@RickBost @AlexandraLevi20 It‚Äôs better than listening to fauci !
@SmytheBobbi @aliheck90 @DonaldJTrumpJr But now Omicron bypasses the vaccine even more than Delta üòÇ we‚Äôll have a ne‚Ä¶ https://t.co/rW6kGYkcNa
https://t.co/Taa74h50Nb #gainoffunction #lableak  Who listens to this fucking monster?
@CrispyCX @BubbasRanch @4Clearsky @Gordon_DHG @GlennCarr6 @try2golf @jimdtweet @Kenneth72712993 @thelivingstone5‚Ä¶ https://t.co/jkI3TMD6TM
Wow! FOX News Sidelines Lara Logan After Dr. Fauci Complains About Her Nazi Doctor Comparison‚Ä¶ https://t.co/c77lE51A2N
@washingtonpost ‚ÄúCritical Race Theory‚Äù‚Ä¶..another Fox boogeyman‚Ä¶interchangeable with‚Ä¶Dr.Fauci....border crisis‚Ä¶socialism‚Ä¶squad‚Ä¶etc.
Even though I‚Äôm reporting on an official governmental website study reported by the same institution that Dr. Fauci‚Ä¶ https://t.co/UMyE04dwgu
"@FoxNews‚Ä¶you got rid of @laralogan for referring to Fauci as a Nazi. Well, as the saying goes, ‚ÄúIf the shoe fits‚Ä¶‚Äù DONE with you!!!"
This is from the NIH Fauci has headed since 1984. The article was written in 2005. Tell me again why every avenue o‚Ä¶ https://t.co/EtklhEndcO
@Vortmax29 @AskAnotherQues @PaulaCo51119295 @Foley16Foley @RachelMaryColl @rlittwin @NickSr79 @RebekkaFaith‚Ä¶ https://t.co/yHFmKzzaP3
The National Institute of Allergy and Infectious Diseases has spent 36 years infecting and killing monkeys to devel‚Ä¶ https://t.co/um6UJAkHqx
@smithsphone @mmpadellan I'm ok with a billboard of Dr Fauci
Dr. Fauci Isn‚Äôt Taking It Anymore As He Unloads On Sen. Ron Johnson https://t.co/p8uPI21CLG via @politicususa
NJ TODAY: NYC to impose vaccine mandate on private sector employers | Fauci says early reports about omicron varian‚Ä¶ https://t.co/kN96bBrVkw
@RepBuddyCarter Dr. Fauci has more integrity in his pinky finger than you Earl. Keep trying to discredit him and find out. #GA01 sees you.
"@RepBuddyCarter Earl, dear, We‚Äôd stack Dr. Fauci‚Äôs decades of knowledge and service up against your bachelor of sci‚Ä¶ https://t.co/MskRAfuaNR"
Book reviews The Real Anthony Fauci by Robert F Kennedy Jr. https://t.co/KeiTrJaXZw
Fauci urges people to get COVID vaccines and boosters to curtail variants https://t.co/OeKOgU3Vq3
"@ChuckCallesto Our entire Covid plan is orchestrated by Fauci, who paid for the development of Covid. It is inheren‚Ä¶ https://t.co/cMiYKq2oTp"
Fox Business Host Condemns Lara Logan‚Äôs Comparison of Fauci to Nazi Doctor https://t.co/NwHn1YJBt5
Keep it away from Fauci https://t.co/CRr2CTdZ0K
"‚ÄúThus far, it does not look like there‚Äôs a great degree of severity to it,‚Äù Fauci said. ‚ÄúBut we have really got to‚Ä¶ https://t.co/MHubNc7mwF"
"@greta Sounds reasonable, but with each mutation, the virus gets weaker and less dangerous! That is according to th‚Ä¶ https://t.co/IurbLMMo8r"
Will Fauci be arrested this week? ü§î
Fast forward 50 years. What should be the name of the first book that looks back at the policy response implemented‚Ä¶ https://t.co/bT08CObsUT
Sen. Ron Johnson Drops a Truth Bomb - Says Many Americans Died From Covid Because Fauci 'Sabotaged Early Treatment‚Ä¶ https://t.co/jYu8qXAbfz
Dr.  Fauci. Opased. Taking. The. Drug. That.  Helped. Cure. Donald. Trump. That. Lie. Caused The. Deaths. Of. 888 T‚Ä¶ https://t.co/aUqRjA1MGU
Fauci‚Äôs Mandates Undermine Our Civil Liberties and Subvert Our Constitution - Truth Over News‚Ä¶ https://t.co/zrPWQ6neg6
Coronavirus: Fauci calls Republican ‚Äòoverhyping‚Äô claim ‚Äòpreposterous‚Äô https://t.co/7MJ7qKNlIA
@kylegriffin1 Fauci is your God‚Äî people have figured out why liberals and democrats hang on is every word- it‚Äôs political
@iamaspie @PhilsandJenn COVID vax is not a vaccine or a preventative.  It does not administer the virus to build im‚Ä¶ https://t.co/9ODnYbXSzY
@counselloremily @PhilsandJenn Who is unprofessional?  Fauci?  Why are there already more adverse events reported f‚Ä¶ https://t.co/sEtIsCbd21
"As Dr Fauci said, ‚ÄòThat‚Äôs a different story‚Äô https://t.co/Lmqkt7RptC"
@RonJohnsonWI is a MAGA stooge! Anthony Fauci Rips GOP Sen. Ron Johnson's 'Preposterous' Accusation He's 'Overhyped‚Ä¶ https://t.co/5IOyp3Hwfr
"""Fauci again admits what we‚Äôve know for years: the original COVID strain was the Wuhan Virus.  When will Joe Biden‚Ä¶ https://t.co/4tVroylmqS"
"@atensnut Rand Paul has the power to file charges against Fauci, but he‚Äôs more interested in continuing to produce‚Ä¶ https://t.co/jMuYvNpxSn"
"@UROCKlive1 Marjorie is going to be big mad when she finds out she's the one getting in trouble, not Dr. Fauci.. Lol https://t.co/pXgVhX4HxC"
@joerogan has saved more lives than the Vax. Suck it Fauci.
@PaulaHo84704874 @DonaldJTrumpJr So congratulations on being ‚Äújust fine‚Äù besides your shitty attitude towards peopl‚Ä¶ https://t.co/A8dKALoZxi
@adela_buzescu It‚Äôs ridiculous they know the shot does not stop transmission it‚Äôs even stated in the papers from th‚Ä¶ https://t.co/6woB15vlIA
@thetonymichaels What happened to anti mask? So they admit fauci is right about face masks? #hypocrites #Cowards
Fauci: Early reports show ‚Äòencouraging‚Äô information about omicron COVID variant https://t.co/TMsBWOrBv8
"He says ‚Ä¶‚Ä¶She says                Head of CDC is ""hopeful""  Fauci says don‚Äôt worry   But‚Ä¶Moderna is working on an o‚Ä¶ https://t.co/sWcIXp9ZKe"
Ask the next person who says wearing a mask protects people from the Virus for the scientific evidence of their pos‚Ä¶ https://t.co/lARtE8kLwy
There is a foul stench coming Fauci. #FireFauci https://t.co/WkoRdwGVjx
"@Anna_63 @DonaldJTrumpJr @joerogan lol, to be clear I believe in science and doctors over a podcaster/comic, but Fa‚Ä¶ https://t.co/VaHGTs3IPD"
@Vortmax29 @RebekkaFaith @seashells9196 @adela_buzescu @Axlbundy825 @FreeTheBobNJ @ColArchon @RachelMaryColl‚Ä¶ https://t.co/hMHOCcGgYz
MAGA hatred of Anthony Fauci goes from bad to worse https://t.co/X81tQ3MdeQ
"So now let‚Äôs all hold our breath waiting for #Fauci to ‚Äúfeel bad‚Äù for cheating kids out of a proper education, for‚Ä¶ https://t.co/ugSPUVzE54"
This is as close as #Fauci has ever come to admitting any of his #COVID19 policies were mistakes based on a knee je‚Ä¶ https://t.co/IK5Mzd88xA
"@JamieSlonis It‚Äôs all about safety and science. The very healthy, very fit 20somethings are a huge risk to the popu‚Ä¶ https://t.co/RH0gDkKJjp"
@catturd2 I trust a resurrected Jimmy Hoffa more than Fauci
"Since the jab appears not to be working, is Fauci and Big Pharma gonna give our tax dollars back ? Asking for real‚Ä¶ https://t.co/cHVNVbaZIG"
"Fauci Ouchie #3 is in the bag!  Get that vaccine, kids.  #CovidVaccine #BoosterShots https://t.co/YkRMhkCqhh"
"""As uncertainties linger about the new variant, officials say U.S. Omicron cases are likely to rise."" via NYT‚Ä¶ https://t.co/0UNkM6T6Cz"
"@tjpearson2002 @PhilsandJenn Common sense! I personally know 3 recently double VAXXED stroke  victims, they fortuna‚Ä¶ https://t.co/JwkyBCa9IX"
"Ron Johnson is a sick, evil creature. He needs primarying &amp; VOTED OUT https://t.co/sWQkX6Qocv"
It's also time to move on from Anthony Fauci.  Well past time...  https://t.co/YHqLDhqxYx
@therecount Yea fauci is over hyping covid while vaccines available
"@or_tobie @DonaldJTrumpJr @joerogan I always wore my mask, but I got Covid! Fauci admitted once that masks didn‚Äôt w‚Ä¶ https://t.co/8ESPDevCMN"
@jeremy_hugh @DonaldJTrumpJr @joerogan The. Virus was altered by science! Fauci is partly for that too! He knew the‚Ä¶ https://t.co/5KwXBTzq6p
@DonaldJTrumpJr @joerogan My husband and I trust a resurrected Jimmy Hoffa more than we would trust Dr. Fauci
Omicron variant found in almost one-third of U.S. states https://t.co/Aw6Iq4pbHp
@DawgOutWest @RadiNabulsi I trust Anthony Fauci more than @SECOfficiating
@vineyarddawg I trust Anthony Fauci more than @SECOfficiating
@UGASPIKESQUAD I trust Anthony Fauci more than @SECOfficiating
@RadiNabulsi I trust Anthony Fauci more than @SECOfficiating
@RadiNabulsi I trust Anthony Fauci more than I trust @SECOfficiating
What‚Äôs Fauci supposed to do at the border? https://t.co/br5zFo9uqx
@adrianchat @atrupar What‚Äôs Fauci supposed to do at the border?
@BakosAttila6 If Fauci don't know god save us cause no one does except the China men
@SenTedCruz Dr. Fauci should sue you for defamation of character.
As we approach yet another Dec 7th one of the worst days in this nations history. It‚Äôs worth noting that what the C‚Ä¶ https://t.co/7xyzvk3cnl
@Jetson77 @POTUS Lest you not forget your lord Fauci recommended the masks back then.
@Vortmax29 @FreeTheBobNJ @RachelMaryColl @PaulaCo51119295 @NJUNITED @112Michelle112 @NJ_WhatExit @ColArchon‚Ä¶ https://t.co/69ebZfBJnC
"@RpsAgainstTrump Fauci, border, illegals, freedoms...just some of the many trigger words used to keep the pot stirred...ü§¨ü§¨ü§¨"
How do you drive Dr Fauci crazy?  Shove him in a round room and tell him to sit in the corner ( with his mask on of course)
@omgness4real And Fauci's victims number in the 1000's over the last 30 years.üò¨
@ElectionWiz The boy makes it up as he goes along. #Fauci #fraud
@iowahawkblog Finebaum is to college football as Fauci is to C19.
Fauci has the most punchable face üëäüèº #FauciLied #Fauci #FireFauci
38 countries have Omicron variant. So far zero reported deaths.  Yet Fauci is still on television spreading fear.‚Ä¶ https://t.co/F7w3sFuums
TheScience‚Ñ¢ doesn‚Äôt like criticism   ‚ÄúBut while #Fauci may be at fault for getting a bit too high on his own supply‚Ä¶ https://t.co/XyTUdIgYTR
"RFK Jr.: Fauci should be 'criminally prosecuted,' investigated alongside Bill Gates - LifeSite https://t.co/GxQSicTQTd"
"@TheAlleghenian @tweettruth2me Some pseudo-science there at the end, but we‚Äôre used to that with Fauci and others."
"@TheLouPerez No, he dislikes Cruz because he tried to bring down our democracy and has caused the pandemic to get w‚Ä¶ https://t.co/TqDfOhSJOZ"
"Thank you, @JimmyKimmelLive! ‚ù§Ô∏è Dr. Fauci https://t.co/4VB4Mil7fH"
"Thank you, Jimmy Kimmel. ‚ù§Ô∏è Dr. Fauci! https://t.co/LdnYVFef8d"
The National Institute of Allergy and Infectious Diseases has spent 36 years infecting and killing monkeys to devel‚Ä¶ https://t.co/qneJQe5qV0
Luv Jimmy Kimmel for his 4 minute + monologue Defense of my hero  Dr. Anthony Fauci !!  Please  #LeaveFauciAlone https://t.co/JDLUQFlnWO
@Bidenhuffsgas @GreatSnarkLake @Beaggressive09 @SCWatt @TomiLahren Yet Fauci never said that. Not once he has said‚Ä¶ https://t.co/wr8ReDcQDA
@DonaldJTrumpJr @joerogan No one knew who the hell fauci was before any of this üòÇ. He‚Äôs high on attention.
@realdfk @DonaldJTrumpJr It did disappear Fauci and Biden haven‚Äôt let go
Dr.fauci. is. A. Bare. Face. Liar. He. Is. Responciblefor. Many. People. Belived. Him and. Many. People  did. As. H‚Ä¶ https://t.co/N2vZshTGZ6
Dr. Anthony Fauci is the highest-paid federal employee in the United States. We have therefore decided that he is m‚Ä¶ https://t.co/b1bzxkuYx2
Dr. Fauci: Or How I learned to stop worrying and love the Omicron Variant https://t.co/WabO3u5m5T
Fauci says to roll back travel ban immediately! Who does he work for?ü§¨
Fuck the mask. Even he knows Fauci is a liar https://t.co/pTc0EIeZaD
"@Efren28295601 @JimmyKimmelLive Yes You Can, You Just Use Fundamentals With Basic Math. An For The Record Geomatric‚Ä¶ https://t.co/Wn7czq7QF5"
"Watch ""Trump Jr Slanders Dr. Fauci, Daddy Donny Revises History (AGAIN) &amp; Please Don‚Äôt Tweet #HotDogTeddy"" on YouTu‚Ä¶ https://t.co/aMxwb4kQVt"
‚ÄúAnyhony‚Äù  I totally get the urge to distrust Dr. Fauci but Joe Rogan would be the first to tell you that he just a‚Ä¶ https://t.co/WIhVDddyZy
Oh... My.... God! Dr Fauci is another Mengele with his experiments on children. Why are people not denouncing him f‚Ä¶ https://t.co/EGOZpoZqvZ
@AlwaysVoteRed17 Do not believe Fauci is focused on getting us out of the pandemic.  His only focus is vaccine and‚Ä¶ https://t.co/gf6Xih8nOC
Fauci Admits He Has No Idea What to Do About Thousands of Migrants Entering US With COVID https://t.co/uMsVn0DVRI
@WeThePeople021 Fauci Fallacy &amp; the Wuhan flu https://t.co/dzuBeSp3MV
@treesforTrump Fauci Fallacy &amp; the Wuhan flu https://t.co/dzuBeSp3MV
I don‚Äôt recall Anthony Fauci ever being on a ballot.
@justin_hart @lawyer4laws @ebottcher This from #Fauci during the HIV / AIDS crisis was reprehensible.
@MikeKellyPA @GOPLeader Can‚Äôt shut down a virus when it was allowed the ravage thus country unchecked by your party‚Ä¶ https://t.co/vuo56l1R5L
Perhaps it‚Äôs because Dr. Fauci was America‚Äôs original homophobe and lead people to believe that HIV was highly tran‚Ä¶ https://t.co/ZOrI2FYRYg
"""Fauci admits what we already know: the original COVID strain was the Wuhan Virus.  When will Biden finally hold Xi‚Ä¶ https://t.co/mrf6bHjPci"
"""Fauci: ""I don't have an easy answer"" for preventing COVID spread by illegal immigrants crossing our southern borde‚Ä¶ https://t.co/ECrbWWeojN"
"I have no love for Anthony Fauci- to put it mildly- and I'm not a fan of Erik Wemple, either.  But clearly, Lara Lo‚Ä¶ https://t.co/ewVvw4yKLA"
The curtain has been pulled on the #fauci of OZ.  Thanks @RandPaul (toto) https://t.co/gNFtZMuf4i https://t.co/gobaW0kEVN
@monkeyglasses22 Did Fauci say you could ask that question?
"@AlwaysVoteRed17 Fauci is only interested in helping Fauci. He benefits from the pandemic, why would he want it to‚Ä¶ https://t.co/SqA3FNiq9n"
Wuhan lab.. gain of function funded by fauci (with our tax dollars ).. FJB https://t.co/pjVSY4DcQI
Former CBS Intl Reporter Laura Logan chilled Dr Anthony Fauci has Probably been Psycho Tized by her Trauma Rape in‚Ä¶ https://t.co/PM5NgLaoiZ
"@CobbSchools our numbers are already trending the wrong way, our case count has *surpassed* ALL of last year, we‚Äôre‚Ä¶ https://t.co/8UPb00KWe2"
"FAUCI: ""All I‚Äôm doing is talking science. So when you‚Äôre coming at me with bullets and slings...what is it that you‚Ä¶ https://t.co/bZJMLjSIZD"
@MarshaBlackburn  @RandPaul   It time that the Biden Administration get a fresh look at COVID - 19 starting with fi‚Ä¶ https://t.co/oi9tXDVRTc
@wilescape @MrJustinvance Child injuries like myocarditis which causes permanent scar tissue  https://t.co/Gl6qkZ7NPn
Remember: Fauci helped create the virus. Everything else is just extra toppings..
"Rand Paul: ""Throw Fauci In Prison For Five Years"" | ZeroHedge https://t.co/S4s3YrupYU"
"@ReportsDaNews Yeah. Besides Fauci, they had another thing in common. Millions of people died."
@YALiberty @atensnut @RandPaul So why doesn‚Äôt he start proceedings to charge Fauci? He CAN do that. Or is this all a ruse to raise funds?
"@thedailybeast Sadly, Dr. Fauci has mistaken Fox for a responsible news organization."
Fauci Blasts Fox News After Host Compares Him to Nazi Doctor https://t.co/jOaafgnwhN
This guy should have Fauci's job. Would have saved hundreds of thousands of lives &amp; TRILLIONS in lost economy. What‚Ä¶ https://t.co/5pfTbltj4o
@JordanSchachtel I‚Äôm fine with it as long as they actually send Fauci and Gates to my door to ‚Äútake me away‚Äù.  ü§∑‚Äç‚ôÇÔ∏è
@thehill It is called freedom of speech and a freedom to express an opinion. One thing Fauci can't control is the p‚Ä¶ https://t.co/keqyushUFH
"Dr. Fauci Lashes Out at Fox News, Says He‚Äôs ‚ÄòAstounded‚Äô They Haven‚Äôt Disciplined Lara Logan Over Mengele Remarks https://t.co/MonBfrFpFB"
What's your number one reason people do not trust #Fauci any longer? https://t.co/kqvWmhmzA5
@RMConservative @laralogan Joseph Mengele has never had a closer comparison in the modern western world. Fauci is t‚Ä¶ https://t.co/w9bfnx7YIp
"Getting vaccinated saves lives. Thanks to @POTUS Biden's leadership, there are now 80,000 locations you can your sh‚Ä¶ https://t.co/anBPOqZmue"
Oh gosh a #fauci sexual. https://t.co/TrjrRIHnDy
@RadioFreeTom The real danger with him isn‚Äôt the actual policies. It‚Äôs the effects they have on those not in on the‚Ä¶ https://t.co/aANFGQWMcQ
@JamesSurowiecki @Yukoner3 I am not only one making this point as an anonymous account.   Any public policy expert‚Ä¶ https://t.co/kOTvKSHQfU
@SchellensAlois @JimmyKimmelLive I Don't Need A Medical Degree To See That Fauci Is Incompetent To Run The Pandemic‚Ä¶ https://t.co/PotXks7iai
@Yukoner3 @JamesSurowiecki Exactly.  So why would Fauci et al. say what they said?  Your supporting my point.
"@Yukoner3 @JamesSurowiecki Fauci literally said, ‚ÄòThis will get us to heard immunity and then we will be good.‚Äô Lmao"
"@Trevornoah is attacked for challenging the mob  Remember, #fauci promised that #vaccines would protect vaxed from‚Ä¶ https://t.co/xdskWwsULH"
"@_RungeKutta @SpeakerCoughlin @GovMurphy @NJDeptofHealth I want to know what‚Äôs in the shot that the administration,‚Ä¶ https://t.co/tlHbWcpoer"
@peacemomma67 So yr conveniently forgetting that he LIED about herd immunity? Hmmm ok... https://t.co/l3EKse8vS7
@DonaldJTrumpJr Fauci needs to be taken to Texas and then walked across the border into Mexico &amp; left there. Not al‚Ä¶ https://t.co/FRlg4qB2gS
@WOgaard @oliverdarcy The  key word is sponsor. Boycotting this sponsor until a retraction‚Äòs made is the only thing‚Ä¶ https://t.co/m1jb4K0SPr
@tedcruz @JimmyKimmelLive I don't think Jimmy's upset about the basketball game.  I do think he's pissed at your at‚Ä¶ https://t.co/T4eYY3pHWs
@SchellensAlois @JimmyKimmelLive No But Fauci Isn't Knowledgeable About It At All...
@mr_james_c @AeonCoin @balajis That‚Äôs also incorrect. Fauci had had an exemplary life and his work on the AIDS cris‚Ä¶ https://t.co/kVBaGYrJHP
"@MarkChangizi Just one: Anthony Fauci.  And if you criticize him for doing it wrong, you've criticized the bulb's e‚Ä¶ https://t.co/2ESL2LJlfu"
"@DimorroY @mw_leslie @nypost There is a good chance that Anthony Fauci might be the return, look at all the good he‚Ä¶ https://t.co/87BRXwTpI5"
"This was absolutely spot on.  Thank you so much, Jimmy Kimmel.  The nitwits accusing Dr.Fauci of all these horrible‚Ä¶ https://t.co/nAUQhkpqFc"
"Has Chris looked into what #Fauci did to aids victims, orphans, and now a whole island of monkeys he gets to experi‚Ä¶ https://t.co/pyV7sQniPL"
Fauci &amp; Omicron: One Fraud &amp; One 'Variant' After Another  https://t.co/N6sOZ8WnyT  NEW! Click PATRIOT BLOGS in top‚Ä¶ https://t.co/YqSH6EhbI3
Because Fauci is a political hack. https://t.co/0qFNDDsvZA
"@BBCBreaking But if you walk into the USA you don‚Äôt need to get any testing or vaccination ‚Ä¶ you need a plane , tra‚Ä¶ https://t.co/3ZQ0Zmod9W"
@newsmax @SenTedCruz But if you walk into the USA you don‚Äôt need to get any testing or vaccination ‚Ä¶ you need a pla‚Ä¶ https://t.co/VGWK2d1NHt
"@ABC But if you walk into the USA you don‚Äôt need to get any testing or vaccination ‚Ä¶ you need a plane , train or au‚Ä¶ https://t.co/I1xJBTJumf"
@ABC @GStephanopoulos But if you walk into the USA you don‚Äôt need to get any testing or vaccination ‚Ä¶ you need a pl‚Ä¶ https://t.co/fhjN30cHc9
@newsmax @MarshaBlackburn But if you walk into the USA you don‚Äôt need to get any testing or vaccination ‚Ä¶ you need‚Ä¶ https://t.co/CBHTw854XL
@FaceTheNation @margbrennan But if you walk into the USA you don‚Äôt need to get any testing or vaccination ‚Ä¶ you nee‚Ä¶ https://t.co/TDo9ihxY2k
"@ThisWeekABC But if you walk into the USA you don‚Äôt need to get any testing or vaccination ‚Ä¶ you need a plane , tra‚Ä¶ https://t.co/qlvH0NURfH"
"@CNN But if you walk into the USA you don‚Äôt need to get any testing or vaccination ‚Ä¶ you need a plane , train or au‚Ä¶ https://t.co/DjcBK09cie"
"@newsmax But if you walk into the USA you don‚Äôt need to get any testing or vaccination ‚Ä¶ you need a plane , train o‚Ä¶ https://t.co/RSRKCRHBmw"
"@ABC But if you walk into the USA you don‚Äôt need to get any testing or vaccination ‚Ä¶ you need a plane , train or au‚Ä¶ https://t.co/RTYFtwQq6i"
"@CNN But if you walk into the USA you don‚Äôt need to get any testing or vaccination ‚Ä¶ you need a plane , train or au‚Ä¶ https://t.co/PNx422jrY8"
@NBCNightlyNews @kare11 But if you walk into the USA you don‚Äôt need to get any testing or vaccination ‚Ä¶ you need a‚Ä¶ https://t.co/YRFf4APHdE
@NBCNightlyNews @KellyO But if you walk into the USA you don‚Äôt need to get any testing or vaccination ‚Ä¶ you need a‚Ä¶ https://t.co/0XN5jR71H5
"@ABCPolitics But if you walk into the USA you don‚Äôt need to get any testing or vaccination ‚Ä¶ you need a plane , tra‚Ä¶ https://t.co/w2iNko0bNp"
"@ABCPolitics But if you walk into the USA you don‚Äôt need to get any testing or vaccination ‚Ä¶ you need a plane , tra‚Ä¶ https://t.co/JpwggalsJG"
@FoxNews is the enemy of America!! https://t.co/rlY9VVs6JU
"@ABCPolitics But if you walk into the USA you don‚Äôt need to get any testing or vaccination ‚Ä¶ you need a plane , tra‚Ä¶ https://t.co/ZS5W2sAZhT"
"@cnnbrk But if you walk into the USA you don‚Äôt need to get any testing or vaccination ‚Ä¶ you need a plane , train or‚Ä¶ https://t.co/kl88WzgKSs"
"But if you walk into the USA you don‚Äôt need to get any testing or vaccination ‚Ä¶ you need a plane , train or automob‚Ä¶ https://t.co/Ex1rWz8EGR"
"@CNNPolitics But if you walk into the USA you don‚Äôt need to get any testing or vaccination ‚Ä¶ you need a plane , tra‚Ä¶ https://t.co/k4iSmuArZq"
"@ABCPolitics But if you walk into the USA you don‚Äôt need to get any testing or vaccination ‚Ä¶ you need a plane , tra‚Ä¶ https://t.co/sVWPST8lik"
Wonder how Mr. Science Tony Fauci feels about #WorldAIDSDay https://t.co/iFt4YmzHpc
@SchellensAlois @JimmyKimmelLive Fauci Has Gone Back On So Many Advice He Stated Was Gospel And Then Flipped The Ot‚Ä¶ https://t.co/CeAPtHLLvb
@RonFilipkowski Rand Paul is the MTG and Lauren Boebert of the senate. I hope Fauci sues this jack-arse for slander‚Ä¶ https://t.co/7hzbcYIfL0
‚ÄúBut Fauci is a scientist‚Äù said the mindless
@FrostZyzz @TheDailyShow @Trevornoah Trevor Noah must have just murdered two entire  continents just by questioning‚Ä¶ https://t.co/hwLUtPeOlT
@KNametz @BoBoStrut @RandPaul @kylenabecker Lol. Are u fking serious. Fauci himself stared years ago that vaccines‚Ä¶ https://t.co/2mwz5LrR9f
@smithtoadtrades JPow sets the prices....he'll push us to ATHs within 5-6 trading days just to embarrass Biden and‚Ä¶ https://t.co/hvuGPClbaI
"@GeorgeSorosFan The problem with this app is that ""fighting"" is basically flailing your arms around and accomplishi‚Ä¶ https://t.co/NhFVbag33K"
@tedcruz Dr. Fauci hasn‚Äôt fled to Cancun during this crisis. #FledCruz #CancunCruz
"@GOPshipoffools Try again. Trump admin created the vax, vaxxed 1 million a day. He is vaxxed &amp; recommends the vax.‚Ä¶ https://t.co/Ola5PNh6qI"
Fill in the blank here: I trust ___________ about as much as I trust Dr. Fauci. #FauciLies #DontLiveInFear
"@GOPshipoffools Biden is not the ""unifier"", he's the divider. He said its not the federal governments job to force‚Ä¶ https://t.co/jla3mw4aUN"
"@DanRather Why? So the next shot is 4 for fully vaccinated, then 5 we need them every 6 months? Come on it is prett‚Ä¶ https://t.co/g32BgIqzN7"
Fauci has not said one damn thing that you had to do. He's suggesting you follow his advice. Fox is telling you wha‚Ä¶ https://t.co/UgfNNvQOBN
Biden is 79.  Fauci is 81.  A combined 160 years of incompetence.
@Breaking911 Person in Joe‚Äôs ear: dare you to say Fauci is President.   Joe: Bet! https://t.co/seutVg9gUQ
"@AConcernedPare2 @theatomicmom And yet, they are being far more scientific than Fauci.   Science= hypothesis tested‚Ä¶ https://t.co/ljscyWQPBB"
I think Dr Fauci had a shoe shine stand in Newark.  About 30 years ago. He put a nice shine on my penny loafers
I am science.  Dr Fauci.
Fauci gets worse https://t.co/hVKVFFVpA6
@jdking39 @Vortmax29 @Foley16Foley @Axlbundy825 @RachelMaryColl @DBux1005 @PaulaCo51119295 @Jo60087667 @fauxmodoe‚Ä¶ https://t.co/xcNGfwx0R0
"@Jim_Jordan Really like you, BUT stop talking &amp; do something!! Fauci also needs to be jailed!!! Move on this please‚Ä¶ https://t.co/4ltMLohpTv"
Fauci blasted by PETA for using monkeys in 'horrendous HIV experiments'  https://t.co/hzR7gcysn1
@FoxNews Fauci believes he's president
"@teriyakifried @Doc58856939 @POTUS Oh yes, that must be it. Usually liberals become doctors when it comes to all th‚Ä¶ https://t.co/mgSf6KW46c"
The best thing Joe could do is make Fauci forever gone. He is a menace to truth and science. https://t.co/Xr4Xyc7YiN
Trump couldn't even muster enough humility to admit that he should've fired Fauci.
@bennyjohnson No no. FAUCI is president now
@JoJofromreno @tedcruz Fauci isn‚Äôt my boss
"@ZacBissonnette Last thing Fauci wants is 100% vaccination, or even 80%."
@DailyCaller Fauci gets bigger paycheck and has been embedded in the government as an unelected bureaucrat for over‚Ä¶ https://t.co/D7AQH4aSpM
Was he really joking though?   First Fauci was science. Now he‚Äôs the President. Unelected bureaucrats shouldn‚Äôt hav‚Ä¶ https://t.co/gNvhL6k6oS
@takeCARAyaself_ Save it for Fauci üò≠üò≠üò≠üò≠üò≠
"@disclosetv I‚Äôm sure They get along great!! Biden-‚ÄúHey Fauci, remember when we landed on My Ararat?‚Äù Fauci- HAHA!!‚Ä¶ https://t.co/YNxEQukhoq"
The science says that COVID is not a natural virus!! So why has Fauci not told us????
@CrowdsourcedPol @BxBulletTV If it was public health Fauci would come up with therapeutics instead of pushing a vac‚Ä¶ https://t.co/Vcduj4291t
"@FrankAmari2 @GOPChairwoman Under his watch. 6. I'm not okay with anyone losing their life. The WHO, CDC, Fauci, an‚Ä¶ https://t.co/tgzC86HoaH"
@FrankAmari2 @GOPChairwoman Several countries. 3. Because of him staying on the asses of pharm companies to push th‚Ä¶ https://t.co/CA78dHCBwY
"I know where I‚Äôd like to stuff it, and it‚Äôs definitely not my stocking. More like up Fauci‚Äôs posterior. https://t.co/HJfO6sz5Wh"
@ajlamesa That‚Äôs a very scary thought. Fauci has his way everybody would be in quarantine camps. He‚Äôs the worst Dr.‚Ä¶ https://t.co/MmG5W42NZh
THIS üëáüëáüëá piece of pocket lint can üíã my ass!  Anthony Fauci advises CNN town hall to wear a mask indoors even if ful‚Ä¶ https://t.co/qtoo9NGiK2
And That Info Is Delivered By The Controlled Media‚Ä¶  Exclusive ‚Äî Sen. Rand Paul: ‚ÄòVaccine Hesitancy‚Äô Is ‚ÄòMostly a R‚Ä¶ https://t.co/xEVJtmsk1C
Anthony Fauci advises CNN town hall to wear a mask indoors even if fully vaccinated and boosted‚Ä¶ https://t.co/wV9KEvP3SZ
"@mwebster1971 @WhiteHouse üíØ not firing.  Generally speaking (not just Fauci), Term limit... He can do something som‚Ä¶ https://t.co/cqNABsgpej"
PEGGED !!!!!!!Fauci. .https://t.co/dT1mfagKSy
"Obviously, this guy knows nothing about the camps that started being built in late July for the ‚Äòdeadly‚Äô virus and‚Ä¶ https://t.co/HKSmROfr86"
"‚ÄúVaccination, ventilation and masks ‚Äî although not 100% effective ‚Äî are vital for containing the virus.‚Äù‚Ä¶ https://t.co/Vvr3fpD5G1"
"@Jim_Jordan Couple of things there, Gym: That's Dr. Fauci and President Biden to you. ALL of America is ""Real Ameri‚Ä¶ https://t.co/6G9v5DYhX4"
@112Michelle112 @Vortmax29 @michell60016558 @Axlbundy825 @DBux1005 @Foley16Foley @FreeTheBobNJ @fauxmodoe‚Ä¶ https://t.co/YN8Jmmk1Rb
@Foley16Foley @DBux1005 @FreeTheBobNJ @Vortmax29 @fauxmodoe @Pride21American @RachelMaryColl @Axlbundy825‚Ä¶ https://t.co/sh1OrZwMMF
@Imagine4Better @JimmyKimmelLive Well I Certainly Know To Wear A MASK When The Outbreak First Happened. I Also Didn‚Ä¶ https://t.co/E1QnlTV42a
Dr. Anthony ‚ÄúTheScience‚Ñ¢ ‚Äú #Fauci   ‚ÄúIt's not just his cavalcade of mistakes over the past two years but also his r‚Ä¶ https://t.co/LCEAkrRbnA
@adela_buzescu @ColArchon @RebekkaFaith @SporerNation @ScotchChick @112Michelle112 @PaulaCo51119295 @Vortmax29‚Ä¶ https://t.co/iJ4D9YdKRp
"@thehill There isn‚Äôt one person in today‚Äôs GOP with 1% of Fauci‚Äôs intellect, accomplishments and moral fortitude."
@tomselliott Fauci doesnt make a disease disappear that is not science
@TheAgaveOtter @JamesSurowiecki That‚Äôs too vague though. I guess I‚Äôm wondering who specifically you think could‚Äôve‚Ä¶ https://t.co/P2khaqmCg6
@TheAgaveOtter @JamesSurowiecki Who should have been doing that instead of Fauci?
@StevenBenz1982 @jimcramer ‚ÄúShow your papers!‚Äù ‚ÄúDaddy Fauci tell me everything!‚Äù‚Äî‚Äî-name calling; the argument of th‚Ä¶ https://t.co/kIWt4mJduc
@DailyCaller Can‚Äôt believe we are still listening to Fauci.
We live in a very corrupt society. You need to know what the truth is and what EVIL LOOKS LIKE. Fauci and Biden are‚Ä¶ https://t.co/cjBJcTPf34
Fauci Says Administration Doesn‚Äôt Have ‚ÄòCapability‚Äô to Test All Illegal Immigrants Crossing Border for COVID-19‚Ä¶ https://t.co/G761t4ZRbq
"@denlusk13 The Voting Machine's Not The Topic, The Topic is The COVID Pandemic and How Democracy &amp; Dr. Anthony Fauc‚Ä¶ https://t.co/M5jNueOQ2c"
@dbongino Just heard P Ducci ask Dr Fauci yesterday about illegals on our S border getting tested because All plane‚Ä¶ https://t.co/wbWEj2OHAJ
Check out Eli of Red Pill Broadcast's video! #TikTok https://t.co/pklXYZpxKj Anthony Fauci sounding more and more l‚Ä¶ https://t.co/6oRhMxBO5c
"""I AM THE SIENCE""  ""I AM AN UNELECTED GOD"" -#Fauci https://t.co/QD3jDc2fMF"
Cousin Eddies imitation of Anthony Fauci dumping his shit on us again. https://t.co/g5ZBRyjDnY
The problem is not all because of Covid. The problem is not all because of an incompetent President. The problem is‚Ä¶ https://t.co/27WM6vFy4R
@FoxNews You are garbage!!! https://t.co/7GWyjxkyFj
"Fauci (12-1-21) re Covid ""There's no doubt this will end."" WTF?"
Truly a horrible woman!!! üñïüñïüí©üí© https://t.co/7GWyjxkyFj
The headline says the Biden Administration while the article says Fauci wanted the ban. WE DID NOT ELECT FAUCI FOR‚Ä¶ https://t.co/gfRuXEN0aF
"""WATCH: Anthony Fauci says FULLY VACCINATED Americans with the BOOSTER still need to wear masks. https://t.co/IbcSYDHtkU"""
"""WATCH: Minutes after lecturing Americans on wearing masks in ""indoor congregate settings,"" Fauci violates Biden's‚Ä¶ https://t.co/InBw3eKQoo"
"""Fauci says requiring COVID testing for illegal immigrants crossing the border is ""a different issue"" than requirin‚Ä¶ https://t.co/nZ5ZGVQ2E6"
"""REPORTER: ""At what point does the booster become part of the mandate?""  FAUCI: ""I can't answer that right now. For‚Ä¶ https://t.co/ktyOu97ua3"
"Upon hearingI Dr. Fauci said that ""it's a different issue"" when asked about the same testing standards for folks co‚Ä¶ https://t.co/beMNuTi8Xi"
#fauci seems to be more and more isolated by other medical professionals on how #covid should be addressed. Maybe i‚Ä¶ https://t.co/VcwG2YnJng
"@SRey0417 @TomiLahren Omg you don't sound like a nurse, you sound you like work for fox news. I'm almost positive y‚Ä¶ https://t.co/bbvmbHR1cg"
And now this?!?  They have been calling on Fauci‚Äôs resignation since Reagan was President?!? Wow. Just. Wow. https://t.co/aCjLupm1im
PETA calling out Fauci! https://t.co/EaLX7NINRa
@laralogan you a sick twisted #RWNJ.  Your attacks on Dr. Fauci and then the Auschwitz Museum demostrate to the wor‚Ä¶ https://t.co/TY7xFQogdz
"""I AM THE SCIENCE!"" -Tony Fauci, almost literally. https://t.co/UO6suY44xD"
"@redsteeze Someone asked Fauci this question, not sure what his answer was."
There comes a time in all our lives that we get to call Bullshit &amp; Omnicom Variant is BULLSHIT! Just so asshole Fau‚Ä¶ https://t.co/1E9qRmMoAH
"Fauci lied, dogs died. üò¢"
"I compare :  the 1930‚Äôs ‚ÄúReefer Madness‚Äù to the 2020‚Äôs ‚ÄúCovid Madness‚Äù   History, many decades from now will laugh‚Ä¶ https://t.co/kFmqpfeW0y"
Dr. Anthony Fauci says we should do 8 things to deal with the Omicron variant https://t.co/pP4VtPooPk via @YahooNews
Lara Logan draws outrage for comparing Fauci to Nazi doctor Josef Mengele on Fox News - The Washington Post ‚Å¶‚Ä¶ https://t.co/LjGeXEaZBN
What hypocrisy Fauci &amp; @POTUS utter every time they open their mouths. https://t.co/CUj083V43m
"Out of interest, would YOU be willing to go on a network which had said the vile things &amp; encouraged viewers to act‚Ä¶ https://t.co/qWsVIJrZU3"
@WHO @DrTedros You don‚Äôt care about anyones health. If you truly did there wouldn‚Äôt be people like Fauci getting paid to kill people
@andersoncooper nice segway from @DrOz to fauci and @drsanjaygupta all three quacks!!! @CNN ü§°ü•∏
We thought #beaglegate was bad? What about maximum pain experiments on monkeys?   https://t.co/1JnMnkXhdX
"@Annabelle741776 @james1_stephen Dr Fauci, he needs to be fired, Trump would have fired him."
Dr. Fauci is the biggest Idiot Ever! https://t.co/X5ZgUcQ1S0
@Justy_patriot And there goes Fauci spewing the lies today
@markefried @JimmyKimmelLive No I Believe Dr Fauci Is Incompetent To Handle A Pandemic. Also Our Own Intelligence A‚Ä¶ https://t.co/AyuTXfvnHF
@stoolpresidente So should Tony Fauci
"Love @MegaTJP promo ripping the science people at home "" Dr Fauci is science ""....lol https://t.co/mvQT3mM78E"
@browneyegirl400 People are still paying attention to Fauci?
@Acyn Thank you Dr. Fauci for being the voice of reason!!!!!
"@DailyCaller Wait,isn't Fauci the science guy?"
Check out Muddyspoon's video! #TikTok https://t.co/VBckHc9rRc This guy needs to be hired to follow Fauci around and‚Ä¶ https://t.co/IxjFCZ68hi
Fauci says boosting is very important! Why? You may ask! Because the vaccine is ineffective!
"So according to little dictator #Fauci  If you come from any country that's not attached to our southern border, yo‚Ä¶ https://t.co/wF538i5WFa"
"@RepNancyMace please stop bashing Dr Fauci, it makes you look like MTG and Bobart. you are better than that!"
Dr. Anthony Fauci says we should do 8 things to deal with the Omicron variant https://t.co/ZtDJlqZHYe via @Yahoo
@BuryTheClown @blackdirector @mtownbound2 @King_DREAMER @Simpevision @coolj1201 @Lj_Foster The ‚Äúscience‚Äù you speak‚Ä¶ https://t.co/N5GhN5o7Vg
"Great piece from Fast Company on a day in the life of Dr. Anthony Fauci, National Institute of Allergy and Infectio‚Ä¶ https://t.co/dvUAFrPhZK"
@PhilipWegmann Fauci meant to say: ‚ÄúYou‚Äôre talking to someone really dangerous‚Äù
"How about instead of interviewing Fauci, they talk to the actual ONE person that has the Omicron and see what they are taking?!!!"
How the Corporate Media Launched a Disinformation Campaign to Protect Fauci https://t.co/vZrYtgyNfr
So Biden administration isn't working on it they're just praying really hard to fauci and hopimg it just goes away https://t.co/nuESNlhD2y
Breaking News Anthony Fauci WhiteHouse Press Conference live. Happening now in @clubhouse! https://t.co/wKxwk6wokN
"Fauci expresses hope that some Omicron travel restrictions variant get ""sorted out and lifted""  https://t.co/n6Z28IRS82"
"@thehill @PressSec The president's opinion is not a judicial opinion. His personal opinions led to mandates, and he‚Ä¶ https://t.co/XhUbfVCukI"
@NYC_IS_BACK @bennyjohnson Fauci is not high and mighty nor has he been a practicing doctor for 40 years nor is he an elected official
@bennyjohnson why the hell is fauci still up there????????
"The 2021 Dunning‚ÄìKruger effect award winner is Dr. @fauci aka ""I am Science"" https://t.co/SkHsbxmmmv"
They brought Fauci out to the podium... it has been MONTHS since that has happened.   Something wicked this way com‚Ä¶ https://t.co/C8rXXkVsYM
@DrCraigWax1 @Vortmax29 @IngrahamAngle @FoxNews @AAPSonline @IP4PI This is awesome one more reason to not trust Fau‚Ä¶ https://t.co/I49sbO72Xx
@BMonzoRadio great idea. I added Fauci to the list too https://t.co/wiZBDUPHIy
@painadvocateAR Too funny! We are trying to fix it behind the seems at the National Pain Council. New info to be re‚Ä¶ https://t.co/cdRzfh7Bp9
What a pathetic response from Fauci https://t.co/TgP0Fq5HcS
Fauci: 1st US case of COVID-19 omicron variant identified https://t.co/RDPWyLhyVO
"@EWoodhouse7 In #Fauci -speak, that translates to ""it definitely will change, perhaps before I leave this podium"""
"Someone get #fauci off TV, his ego is out of control."
Why doesn‚Äôt Saint Fauci just be honest and say this #COVID shit is not going away and treat it like the flu that‚Äôs‚Ä¶ https://t.co/2F3RnVpQJW
Fauci talks a good talk for helping fund this pandemic Origins #COVID19
Not a single question to Fauci about action against china for waging a bio war against the world. #COVID19
@abcnews @NBCNews @CBSNews You‚Äôre all sounding the alarms over Covid and Omicron and yet NONE of you are pressing F‚Ä¶ https://t.co/VuPBiaCv0V
One friggin case of #Omicron and Saint Fauci is trying to scare the country and the MSM is playing right into his hands!
I wish Biden was as sharp as Fauci.
#Fauci at press conference: Everyone entering this country should be tested BEFORE coming to this country EXCEPT fo‚Ä¶ https://t.co/8crIq6pjYi
Saint Fauci is taking questions.  #FuckFauci
@nativirod @jljcolorado I like what Fauci is saying‚Ä¶
THANK YOU DR FAUCI.
Fauci says COVID diverted resources from fighting AIDS https://t.co/FOYolSosW5
@Johnny_Joey The aids episode is not that old. 7 years Fauci sold them the wrong drug
The Omicron variant is just a cover for the amount of sickness and death from the bioweapon that Fauci and his big‚Ä¶ https://t.co/lt5RurUfEI
"When Fox News incorrectly compares Dr Fauci with Nazi Dr. Josef Mengele, it greatly dilutes the horror and war crim‚Ä¶ https://t.co/4F50zhXcQ6"
@elena090900 @JimmyKimmelLive Yeah Well Fauci Needs To Stand Up And Take A Bow For His Epic Failures In This Entire‚Ä¶ https://t.co/rY7y1pGBZU
@wwertherphd @JimmyKimmelLive Dr Fauci Has Stated And Retracted Information Over And Over. If You Put Your Eggs In‚Ä¶ https://t.co/MlDK6wAbBe
"Is Dr. Fauci ever going to publicy address the growing problem of ""Coronavirus boyfriends?""   We want the truth fau‚Ä¶ https://t.co/fDoKtwvhpd"
"@mtgreenee @SharriMarkson kept his silence, he didn‚Äôt ever tell the president about this.‚Äù @RealAmVoice War Room Pa‚Ä¶ https://t.co/l8ydrxqZ3j"
@mtgreenee @SharriMarkson: I did an analysis of all the scientific  papers from the Wuhan Institute of Virology and‚Ä¶ https://t.co/eUUq0zpnaC
"@laralogan @SharriMarkson kept his silence, he didn‚Äôt ever tell the president about this.‚Äù @RealAmVoice War Room Pa‚Ä¶ https://t.co/g8kMctqIIm"
@laralogan @SharriMarkson: I did an analysis of all the scientific  papers from the Wuhan Institute of Virology and‚Ä¶ https://t.co/zhDDtbfIMs
"Watch ""Jimmy Kimmel Has Had Enough of Scumbags Attacking Dr. Fauci for Trying to Keep Us Alive"" on YouTube  ""TRUMP‚Ä¶ https://t.co/jgycjgd3Nz"
EXCLUSIVE: Forgotten Monument to Dead Orphans from Fauci's Torturous and Deadly AIDS Testing Is Located in New York‚Ä¶ https://t.co/pWcZ55HKkZ
@thehill Does anyone have the power to fire Fauci and be done with him already? Why is he the highest paid governme‚Ä¶ https://t.co/i17Y33IvQH
"@DNC Biden, Pelosi &amp; Dr. Fauci always told us to follow the science regarding COVID. Same goes for at 15 weeks scie‚Ä¶ https://t.co/ihi2AzGePc"
@Hollyforest @menreallythink @ShowMeGoodNews @JimmyKimmelLive Yeah Well I Ended Up In The Hospital On March 1 2020‚Ä¶ https://t.co/tymC8nTykT
EXCLUSIVE: Forgotten Monument to Dead Orphans from Fauci's Torturous and Deadly AIDS Testing Is Located in New York‚Ä¶ https://t.co/siRZnc67Jn
Dear Democrats: We all know what ur doing. The Coranavirus was about the election &amp; paper ballots that you manipula‚Ä¶ https://t.co/EZ0ZqTkHvt
"Fauci. Tell me again, why is he still around? https://t.co/QhWI4EJlLE"
@TimRunsHisMouth Not ture.  Fauci is a Chinese slave....and he made the virus.
@unhealthytruth Outrage from Fauci and the other Nazi doctors.
Dr. Fauci's NIAID Is Doing Maximum PAIN Experiments On MONKEYS On Island https://t.co/xnI61T4KDw via @YouTube
Fauci as Darth Vader of the Covid wars https://t.co/r6R9ENqwfR
@RWMaloneMD right. they have nothing to hide. fauci should wear one. for his whole life
Fauci‚Ä¶ it was a name that sounded so sweet. So seductive.
@FoxNews The enemy üñï https://t.co/XxG1OhtTZP
Fauci: US could face ‚Äòfifth wave‚Äô of Covid as Omicron variant nears https://t.co/et6sNpwioL
@POTUS @SpeakerPelosi @DNC @GOP &amp; Dr. Fauci always told us to follow the science regarding COVID. Same goes for at‚Ä¶ https://t.co/RMYDXj3pW1
@JenKirkman So has Joe Biden (and Dr. Fauci here and there). ü§¶üèª‚Äç‚ôÄÔ∏è but now you know!
Fauci resurfaces with the Omicron variant. That weasel Fauci has been in the lab for the last month cooking. Prove‚Ä¶ https://t.co/2MSqbFLBaf
Rand Paul responds to Anthony Fauci's 'I represent science' declaration https://t.co/FnnWdBO2kf via @YouTube
@elena090900 @JimmyKimmelLive 3) Dr Fauci Was The Original Specialist And Yet He Did Nothing To Protect Americans ?‚Ä¶ https://t.co/c1eNcINJzD
@BillKristol 2/2 the man got to heaven he asked God why he had not come to save him. God asked him who did you thin‚Ä¶ https://t.co/zB2NCrPFVx
Thank you Dr. Fauci. https://t.co/5evprTIlcO
...and FWIW I *HATE* Anthony Fauci. But I am so sick of partisan hack journalists that claim to be objective report‚Ä¶ https://t.co/50IhBX4T7Q
@JimmyKimmelLive @JimmyKimmelLive  If Dr Fauci was so good then Why Do New Variance of COVID-19 Keep getting into o‚Ä¶ https://t.co/nfZQqJ8BeD
@johnrich What makes Tony Fauci believe that he 'is' Science?
Joe buyden can't quit shit his pants much less stop fauci https://t.co/7cUn3SV3FA
Political cartoon of the day: The science of Fauci  https://t.co/HgVfC7fofD
So Sad but So True‚Ä¶ Fauci is an appointed quack. https://t.co/AVr3IKXlxI
Tucker Carlson Blasts Fauci: 'An Even Shorter Version of Benito Mussolini' https://t.co/GqV4xknVUZ
What mutates faster?  The Covis Virus?  Democrat Lies?  Fauci Talking Points?
"@OccupyDemocrats @SharriMarkson kept his silence, he didn‚Äôt ever tell the president about this.‚Äù @RealAmVoice War R‚Ä¶ https://t.co/iDZc6cvYN3"
@OccupyDemocrats @SharriMarkson: I did an analysis of all the scientific  papers from the Wuhan Institute of Virolo‚Ä¶ https://t.co/lcaA8vmxwW
"@laralogan How could u be so irresponsible, ignorant, dumb and murderously wrong re Fauci!! I used to highly respec‚Ä¶ https://t.co/7HyI58O1AU"
@livelygames @pete_fuller_ga @GovKemp Fauci is real science. The man knows more than many of the ‚Äúexperts‚Äù pushing‚Ä¶ https://t.co/Xn7W8tbZjO
Fauci has become unreliable we need a real science test someone the American people can trust Fauci and Biden are i‚Ä¶ https://t.co/JX46gwwRH5
Inexcusable  https://t.co/LDsWKBp36B
'Moral Decline': Fox News Blasted for 'Depraved Indifference' After Using Mengele and Mussolini to Attack Fauci https://t.co/jeDXzjQIgi
@DahlquistEileen @TomDoubting @NHSouthernGirl @InfoGuru16 @NickDone8 @CChampion_Z06 @Tonycbk0 @EricR42 @SeptRose70‚Ä¶ https://t.co/slIKpDx37o
THE ONLY 'SCIENCE ' THAT FAUCI IS FOR IS POWER AND GREED
@RoseWoodweird @UjNoChLnE @kayleighmcenany @SharriMarkson: I did an analysis of all the scientific  papers from the‚Ä¶ https://t.co/2G26dIebLT
lol if your a parent and give your kid that shit your a loser especially if obama and fauci say to do it definitely‚Ä¶ https://t.co/lgZNo5Jvt3
This.  Is.  Leadership.     God Bless Dr. Fauci.   God Bless President Obama. https://t.co/raB1QTZC5H
@lealeanna @ryyyr_ @ReutersUS And I'll hand it right back to you it's the capital F. And U. Let's get something str‚Ä¶ https://t.co/KnNWwAmCNB
@jimcramer Cramer and Fauci both love the damn camera
"@NateJay101 If you can't Question Science,  then it is not Science!  Scientism is their new religion and Fauci is their messenger lol insane"
@LaughAtLefties Fauci is a scientist?  He fooled me.
Breaking:!!  Anthony Fauci is not an expert
@HippieLiberal1 @TheNomadM2049 @TheEconomist @yourtvwindsor Didn‚Äôt fauci call the vaccinated super spreaders?
@stuartpstevens Are you one of those people who is perfectly fine with Dr. Fauci claiming to be representation of s‚Ä¶ https://t.co/QJPvCK3Aro
Ted Cruz Tells Sean Hannity Why Dr. Fauci MUST BE PROSECUTED https://t.co/f48oeB2Uwy
Thank you Dr. Fauci. https://t.co/M6rBRe6QzP
@BradBeauregardJ @DGiant Fauci is always there with an excellent retort.
"Anthony Fauci is the DemocRATic Party ""Science"" equivalent of NAZI Doctor Josef Mengele the angel of deathüî•. What a‚Ä¶ https://t.co/SfSsHMsXiw"
Political cartoon of the day: The science of Fauci https://t.co/ONPquBKws3 #FoxNews
My fellow Branch Covidians! Do not neglect to double mask as you pray towards the CDC to the Honorable Prophet Fauc‚Ä¶ https://t.co/CWue3icu6B
"Dr Fauci takes 5000 IUs of VitaminD to improve his immunity, there is a tremendous amount of data supporting the id‚Ä¶ https://t.co/l7e8YgLjdS"
Tweet from Ted Cruz (@tedcruz) Ted Cruz (@tedcruz) Tweeted: Fauci is the most dangerous bureaucrat in the history o‚Ä¶ https://t.co/3SeBxpzYQv
College student ‚Äúscared‚Äù of cisgender males fixing his dorm  Fauci says you can‚Äôt criticize him  Biden‚Äôs hypocrisy‚Ä¶ https://t.co/LjciQdvyni
@JoeNewstrom @JTowlen @RandPaul Yes. Science IS a process. That‚Äôs why you deplorables with your ‚ÄúFauci is changing‚Ä¶ https://t.co/sBiSGC2Ijn
@FreeTheBobNJ @Pride21American @RachelMaryColl @Axlbundy825 @PaulaCo51119295 @NJUNITED @Foley16Foley @Vortmax29‚Ä¶ https://t.co/CuW5RoCrHd
@tedcruz Sounds like the Supreme Court...without the Fauci part of course.
@kalymera1960 @DrPaperwasp @RepSwalwell Man. Virus is going to virus. Go blame your hero Fauci for backing gain of‚Ä¶ https://t.co/cbwUmU438O
@johncardillo @AdamBaldwin Fauci says he's wrong. https://t.co/piybKGwi7N
@TomPelissero @AroundTheNFL At this point we have to recognize that Fauci is a Tampa Bay fan
@BKaneDesigns Fauci don't think that he should be attacked because he IS Science. üôÑ https://t.co/HA5e9vaGNl
"@BillKristol @SharriMarkson @RealPNavarro absolutely knew what was going on there, but what officials were telling‚Ä¶ https://t.co/DUAU7BfgmJ"
@BillKristol Hey @BillKristol you must've missed @SharriMarkson &amp; Dr.@RealPNavarro conversation: @SharriMarkson: I‚Ä¶ https://t.co/nGgYghpuB4
@WallStreetQuee2 @OccupyDemocrats Yessssd!  Thank you Dr. Fauci!!!!
Naomi Wolf to Fauci: Prepare for investigations when your 'friends' lose power https://t.co/JRRYF1gdfv
Fox Nation host Lara Logan compares Dr. Fauci to Nazi Josef Mengele https://t.co/iXPbs1VaPC via @MailOnline Compare‚Ä¶ https://t.co/sdo7aLl4RB
"@LisannaBoo @southerndawgs89 Fauci can read the farts in the room, he is somehow beyond our level of comprehension"
"@LisannaBoo @southerndawgs89 Rand Paul was never able to get Fauci to site research papers. Very odd, his job is to‚Ä¶ https://t.co/N14jBttBny"
Sen. Ted Cruz brands Fauci ‚Äòthe most dangerous bureaucrat in the history of America‚Äô https://t.co/wmLpb92U9J
Fox Nation Host Decides to Compare Fauci to a Nazi During Hanukkah ‚Äì Rolling Stone https://t.co/c1qypDsZEc
