"@markbc2020 @petenajarian I predict it‚Äôs is a top in $AAPL Garbage company by the way. Horrible product, treating t‚Ä¶ https://t.co/2UAW6pY0jn"
Fauci would do the world good if he got a    Lapotomy https://t.co/ItkhqhNK5L
"Some Doctors fail to realize half their purpose is to expand and institutionalize medicine by offering a quality, m‚Ä¶ https://t.co/ABO3IvwenP"
@KATUNews How concerning. I've observed this. It's a question of unreasonable and callous austerity in many cases.‚Ä¶ https://t.co/FjT2DUat69
"Nobody actually listens to Fauci, they just wanna smash https://t.co/qRutKgBcN3"
Fauci does not serve in an elected position &amp; therefor has no business telling/threatening American citizens as to‚Ä¶ https://t.co/TFmjz09MG6
"Welcome to the club, double-jabbers! How soon until Merriam-Webster updates their definition of anti-vaxxer to incl‚Ä¶ https://t.co/Z0dQ8mxkjL"
The @WHO opposes masks in gyms. Oregon is a f-cking #Dystopia   Pull your heads out of Fauci‚Äôs ass.‚Ä¶ https://t.co/ctmA1w2vHA
@jimmy0726 @greenwavz @OregonGovBrown Fauci saying masks don‚Äôt work on 60 minutes https://t.co/LiApr7pFxV
"@jimmy0726 @greenwavz @OregonGovBrown Idk but Kate doesn‚Äôt wear hers, and fauci says they don‚Äôt work so ü§∑‚Äç‚ôÇÔ∏è https://t.co/HSSWtVbD1N"
@pudgenet Fauci isn't a real doctor. Vaccines don't offer real immunity. Biden isn't really all there.  This is fun. What next?
#CPP @SenJeffMerkley @CDCDirector you should help reverse the 2016 CDC guidelines it‚Äôs 2021 it is NOT NEVER was or‚Ä¶ https://t.co/exJn6pKjMs
Fauci can fuck all with his words of wisdom! https://t.co/UL8bSFCDVX
Crazy.. do not vaccinate your children with the Fauci drug. https://t.co/RE4SgcfNk3
"In an interview, Dr. Anthony Fauci agreed it's only a matter of time before the definition of ""fully vaccinated"" ag‚Ä¶ https://t.co/NrR4KdQVZI"
@RWMaloneMD He aknowledges these do not stop transmission nor are they a guarentee from hospitalization. I might fe‚Ä¶ https://t.co/lWI0Y2nidC
"BTW, ""#FBRFK2"" is ""follow-back @RobertKennedyJr like-minded folks"" (see RFK2's new book ""The Real Anthony Fauci"" fo‚Ä¶ https://t.co/qmKEp4BwPD"
Fauci: Sometimes ‚ÄòWe Have To Put Communal Responsibility Ahead Of Individual Preferences‚Äô And Mandate Vaccines https://t.co/wMsqV27VRH
"Fauci: It Is ‚ÄòWhen, Not If‚Äò Definition of Fully Vaccinated Will Mean Three Shots https://t.co/wE4PVIxXdZ via @BreitbartNews"
"@matticareforall @DaveyDoral It goes way beyond that, I'm afraid. I still recommend the book to those who already g‚Ä¶ https://t.co/RFy09JMZU8"
@BagOfOrphans @anniejo621 @anonnym57290697 @anthonyzenkus @APosoukh @appleqwerty @aprm718 @Aquastell22‚Ä¶ https://t.co/p3vGjhTyJy
"After sleeping on it, I think we should vet and follow each other and organize to get people to read RFK Jr's ""The‚Ä¶ https://t.co/kEwUMcPigf"
Today‚Äôs round of golf sponsored by Dr. Anthony Fauci  Dr. Fauci is a demon-possessed criminal sociopath who conspir‚Ä¶ https://t.co/XQH7sMgeT9
"@fitterhappierAJ In the US, Fauci was all over the news yesterday telling people it's safe to gather for Christmas.‚Ä¶ https://t.co/EY7tqnSqZb"
@SciBuff82 @KezBenn The government has ignored vaccine injury. That can be laid at Tony Fauci‚Äôs  door. Read Robert‚Ä¶ https://t.co/HnAgllY9JJ
Gotta have a serious heart-to-heart with my doc today about his new opiate policy  He's cutting patients down to 15‚Ä¶ https://t.co/nqgwcstzLh
@SportsXMMA @BackAftaThis @RichieShipin And that‚Äôs what a #Jesuit agent looks like  Pushing the agenda on the scrip‚Ä¶ https://t.co/5GfozBMM8M
The smartest thing Trump could do now is admit he was wrong for trusting Fauci.  Unfortunately his ego won‚Äôt allow‚Ä¶ https://t.co/anYizQ6BZL
Exclusive ‚Äî Meadows: Firing Fauci Might Have Sent ‚ÄòWrong Message‚Äò https://t.co/cxCJNjzqwy via @BreitbartNews
@DickDugan @xxxl3g3ndxxx817 @R34NissanSkyli1 @wojespn I don‚Äôt see how somebody not getting the shot has an agenda.‚Ä¶ https://t.co/MmMkl9o1RL
"Kimmel is on üî• ""we are lucky to have Dr. Fauci. If you ppl drive him away...guess what, we're replacing him with Dr‚Ä¶ https://t.co/urqgzRWNDh"
"I did not call it a ""Fauci Ouchie"" in front of them because they don't know who Fauci is, the shot hardly hurts at‚Ä¶ https://t.co/22abecHkkD"
@RNCResearch i have had it!!! 90% of our republican leaders are democrats! traitors and liars!!! to get the truth i‚Ä¶ https://t.co/WUrnKuHuXK
@KATUNews Jan 6 was nothing gates and fauci are responsible for millions of deaths
Fauci: Fast-spreading omicron 'almost certainly' less severe than delta ‚Äî vaccine data expected within days https://t.co/SRQPGacNzl
"@stupid0711 @TheCryptoFool @protonguy2 @ClaireSilver12 Source on the cdc and fauci please, vaccines have always wor‚Ä¶ https://t.co/cNPDlTFt11"
@OregonGovBrown Dr. Kate Fauci you only care about yourself please RESIGN
Fauci Angry Over Claim That He Is Just Trying To Stoke Fear Over COVID https://t.co/Nji92oSHta
@Jim_Jordan Two lies (record crime and record inflation) and a lie (Fauci's served under innumerable Presidents of‚Ä¶ https://t.co/33F3axcytn
Don‚Äôt believe Fauci. Omicron is going to kill us all!
@cynthia26942734 @johnnydollar01 @donlemon Because they have to find a reason to be upset with liberal media while‚Ä¶ https://t.co/k2PfBKAN3X
"@NicoleFCarr My 5 yr old asked me, ‚ÄúDaddy why can‚Äôt everyone get the Fauci Ouchie so we can get back to normal and‚Ä¶ https://t.co/g8UoOauH8T"
"@SenRonJohnson Fauci shuts down Ron Johnson: ""Overhyping AIDS that's killed over 750,000 Americans and 36 mil peopl‚Ä¶ https://t.co/R1u4GtaG32"
"@BridgetPhetasy I can't wait for their podcast ""You Don't Know The Cuomos"" First guest is Dr. Fauci  #meatballexpress"
"@Gil2G @BCscifience you said ‚Äúit‚Äôs never been stated‚Äù. that‚Äôs obviously false, biden, fauci and wallensky all said‚Ä¶ https://t.co/01wiR6F0DK"
"When a platform chooses provably corrupt, false science, such as parroted by Fauci, over a major national medical o‚Ä¶ https://t.co/R97sPEBaZP"
"@ScottAdamsSays Following the money incentive, it looks like we might attempt to destroy a natural vaccine because‚Ä¶ https://t.co/H6N9kUoFY7"
@RonJohnsonWI I have to say with regard to your comments about Dr. Fauci and your comments about AIDS... I agree wi‚Ä¶ https://t.co/bp8JFPj0qC
"@Fantasticarg @ThethirdCraig1 @ChuckCallesto As Dr Fauci says, ‚ÄúI don‚Äôt really have a good answer for you on that one‚Ä¶‚Äù"
@ScottWAtlas How about when Fauci changed the goal post in the middle of the game regarding Remdesivir study !
@BehizyTweets I voted for Trump both in 2016 and 2020 and would really like it if the correct president could be pu‚Ä¶ https://t.co/Mlb2kidroW
@Mostlypeacefu17 @libsoftiktok It‚Äôs funny that you are trying to deny a cult by pointing out another cult‚Ä¶Don‚Äôt car‚Ä¶ https://t.co/CNQ9vQ5IhC
"@kylegriffin1 It‚Äôs ok, Dr. Fauci; neither does Ron Johnson."
"@alicel44 @TheCaseyHamlett @KATUNews You have no idea what you're talking about. The vax doesn't stop the spread, s‚Ä¶ https://t.co/IsaBSLP7Uf"
Fauci Angry Over Claim That He Is Just Trying To Stoke Fear Over COVID https://t.co/Nji92oSHta
"@clandry26 @jackwagner129 @AdamSchefter And Fauci knows more than you and whatever memes you're getting your ""information"" from."
According to fauci https://t.co/lz4CQKRUVM
@JarrodJf she said what millions of us are thinking. We are descending into fascism that resembles Nazi Germany and‚Ä¶ https://t.co/TT0idvOE6S
"""'We have to love our freedom,' he said, 'more than we fear a germ.'  Can we pause for a round of applause? The ris‚Ä¶ https://t.co/VmDAMhoHvI"
@chuckbarr21 @tedcruz Funny you out a GIF of the grim reaper.  Google Italian meaning of Fauci.
"Funny how all the ""don't fauci my Florida"" types who keep insisting all scientists are lying about covid to make tr‚Ä¶ https://t.co/t7iPObJvxX"
https://t.co/iiYwFPLt4M website has been overwhelmed with traffic. Everyone's watching the same data.‚Ä¶ https://t.co/45nUoo9q7Y
Fauci encouraged that omicron doesn‚Äôt appear to be more severe https://t.co/8eErIR2PKY
"@Twilightseven @Suzy_1776 @JordenCollins Perhaps a few people, pissed at Trump said this in anger. Actually, if ONL‚Ä¶ https://t.co/XUBffL0doJ"
@JasperLufkin @lysandrax5 @TobyLourisSC @Timcast @MagtathMaggie This is from the article itself!  Dr Anthony Fauci‚Ä¶ https://t.co/v0b8Rsh1D4
@hfrank6048 @AngieFrost21 @MagtathMaggie @DrunkenCrunker @Fauci @gates Exactly.
"@MagtathMaggie @DrunkenCrunker @Fauci @gates What a lovely person you seem to be.  Where is your unbiased, reliable‚Ä¶ https://t.co/pgwfS88mig"
@JeffSharlet Fauci seems to be saying otherwise -- also had seen a thread from an epidemiologist (can't find it now‚Ä¶ https://t.co/WdU1HP0aPI
"Biden is giving #Fauci 30 million dollars worth of primates to abuse, even AFTER he funded this pandemic. https://t.co/hyhu3VQbuG"
Weird about-face for Carlson: He used to hate Fauci. https://t.co/2q3qzZXtIZ
"@TheRevAl Is she related to ""Flip/Flop"" Kerry (John).  She didn't give an honest answer,  ""Typical """"Fake rev Al's""‚Ä¶ https://t.co/URRfW7XfvO"
GOP Senators Stoke Irrational Hatred Of Nonpartisan Scientist Fauci SHAME on @SenateGOP for this https://t.co/CzNkqqJih9
"So if Anthony Fauci is such a monster I guess that means Ronald Regan was a real idiot dupe to have hired him, right?"
U.S. health officials said Sunday that while the omicron variant of the coronavirus is rapidly spreading throughout‚Ä¶ https://t.co/RPFNSnOe8s
Fauci calls Ron Johnson‚Äôs AIDS comment ‚Äòpreposterous‚Äô: ‚ÄòI don‚Äôt have any clue of what he‚Äôs talking about‚Äô  https://t.co/xqW1gCST5e
@rliumd Dr Fauci is gracing my Christmas tree too! https://t.co/Ra3snlenVA
"Dr. Fauci bless us, every one. https://t.co/nLg4jOcChP"
@PeepMySlashLine @gundam_prime @IamAbarekiller @TheWhiskeyMary @MikeSington 66% is not reliable. https://t.co/EmWBc3P5Zr
Anthony Fauci says early stories encouraging about omicron variant ‚Äì All Places Map https://t.co/3FVUzwBg6J WASHINGTON...
MAGA hatred of Anthony Fauci goes from bad to worse https://t.co/hiA1VSvzG3
"Some necessary perspective. COVID fear, power, and Fauci.  https://t.co/6CFzK7VQ9v"
Fox News Disappears Lara Logan From the Air Following Fauci Attack https://t.co/Gwh8eQONso #SmartNews
"YES: Senator Ron Johnson Says Many Americans Died From Covid Because Fauci 'Sabotaged Early Treatment Using Cheap,‚Ä¶ https://t.co/Y9cw7rFfmz"
"Check out The Higherside Chats: Conspiracy, Mystery, and Comedy. Boom. - Robert F. Kennedy Jr. | The Real Anthony F‚Ä¶ https://t.co/0pasYJ8yku"
Fauci says early reports encouraging about omicron variant #COVID19timelines  https://t.co/RteAlekgNF
MAGA hatred of Anthony Fauci goes from bad to worse #SmartNews    WTF SUB HUMANS ‚ÄºÔ∏è‚ÄºÔ∏èü§¨ https://t.co/hZLMgfGr1S
"@redbeard36 @regatwork @Motivation724 Nah thats you people. If the cdc or fauci said that, muchhhhh higher percenta‚Ä¶ https://t.co/oiwbeG0PU5"
Fauci says early reports encouraging about omicron variant https://t.co/ibUOXvPrbQ
@POTUS And listen to Dr. Fauci - he is a very smart man and who I think is doing a great job!  He should get some k‚Ä¶ https://t.co/3q9zKOVhgc
@realTuckFrumper @picbykap That is great.  Johnson has had it coming for a long time.  There's a reason why he and‚Ä¶ https://t.co/essIGvQpYY
Fauci says early reports on Omicron variant are encouraging https://t.co/rmufKZsllG https://t.co/5ZVQdZ228e
Sen. Rand Paul shreds Fauci for spreading information that is &amp;apos;unscientific just to scare you&amp;apos; https://t.co/prU9zeQ3fV
"Wonder how Musk feels about people over 70 being doctors (Fauci, soon to be 81), law professors (Tribe, 80), activi‚Ä¶ https://t.co/G2jjnPOlV9"
@spurtmagoo I‚Äôd trust Fauci more if he had muscles
"@richeis315 Wonder how he feels about people over 70 being doctors (Fauci, soon to be 81), law professors (Tribe, 8‚Ä¶ https://t.co/slJ8BEHmO7"
"Omicron had been detected in about a third of U.S. states by Sunday, including in the Northeast, the South, the Gre‚Ä¶ https://t.co/5YQUbBNHdi"
"Kane County Office of Tourism Director: Surrender freedom without merit?  Fauci ""masks don't work"". It's anti-manda‚Ä¶ https://t.co/e6h51ELI1M"
Fauci says early reports encouraging about omicron variant - https://t.co/HNWaZilhxs
@atrupar Because...that is not Fauci‚Äôs job
@acp080710 @GregAbbott_TX TF does this to with Fauci?
Fauci to Sen. Ron Johnson: ‚ÄòPreposterous‚Äò to Claim I‚Äòm Overhyping COVID https://t.co/l50ZQUCAIi via @BreitbartNews
"Fu¬¢k Fauci Song ü§£üò´ü§£ ""Sad Little Man"" by Five Times August (Official Music Video) 2021 https://t.co/UnzDtwPoHB"
"When Fauci said ""The driver of outbreaks is always the symptomatic person"" he wasn't considering the 'vaccinated' a‚Ä¶ https://t.co/Hywm7MY5a8"
@ggreenwald It depends how you are doing it and the issue. Comparing someone like Fauci to a Nazi when he‚Äôs devoted‚Ä¶ https://t.co/JB7r4Uwgx2
Here‚Äôs an article from rolling stone in 1990. Long before the term ‚Äúalt right‚Äù became the term of choice for libera‚Ä¶ https://t.co/7LznegxIow
@mkraju @CNNSotu Didn‚Äôt Fauci cause many of those deaths with AZT? My gay ass sure remembers AZT and killer Fauci.
"@JConradHawman Not as fun to watch the dems slowly turn on Fauci, the Cuomo bros, Newsom, they viewed them like gods at one point."
Fauci  STUNNED When Pressed About Covid Cases In Illegal Immigrants  #FauciIsNotThePopeOfScienceüö©‚Ä¶ https://t.co/fWEtH2kusk
@Toure Well... https://t.co/SnLCmkHYgR
"Rep. Nancy Mace Says Dr. Fauci, NIH Must Answer for Deadly Beagle Study ... https://t.co/BlAokX0S1N via @YouTube"
"Convinced that the potatoes had great value and were worth stealing, the locals quickly took them as the government‚Ä¶ https://t.co/V6CPD1VpVu"
@WITWN2021 @ChipDiesel @JesseKellyDC How is this out of context?  This is not my opinion.  You can look at the data‚Ä¶ https://t.co/swajvZJYIy
"Fauci Slips it in Again, Nudges Omicron as ""Serious"", by @lifebiomedguru https://t.co/fX5zyZrG90"
"How could you, you of all people, having experienced everything you have in the last few years possibly think for a‚Ä¶ https://t.co/DOZtms2gzf"
@KaraHarvey8 @TopCatOne @brianstelter President Fauci. You literally don't believe a word you say nor do you even c‚Ä¶ https://t.co/d7kxEXDpp0
Fauci claims he &amp;quot;never liked the idea of forcing the issue&amp;quot; of mandatory vaccinations.‚Ä¶ https://t.co/WJU5ef3eVo
Fauci is asked to clarify his &amp;quot;I represent science&amp;quot; statement https://t.co/zRNbp6cVKL‚Ä¶ https://t.co/aVlpTx384q
Fauci claims he has stayed out of politics for his entire career. https://t.co/kc8cSzABe3 #OmicronIsTheNewCowPoxüö©‚Ä¶ https://t.co/kTFgP6txxQ
"Fauci doesn&amp;apos;t think COVID can be eradicated, and says &amp;quot;What I&amp;apos;m thinking about is control.&amp;quot;‚Ä¶ https://t.co/6S5gyhgVyW"
Fauci is asked about stepping down: &amp;quot;I&amp;apos;m not running a popularity contest for myself.&amp;quot;‚Ä¶ https://t.co/xWScAk1WHM
@BYLuvJedi @JohnMar13542732 And Yet he worked well under every President since Reagan. U R only attacking him becau‚Ä¶ https://t.co/dPZftX6ta2
"@morgfair @maurmadden @JimmyKimmelLive @jimmykimmel OTOH, every attack and insult directed at Dr. Fauci potentially‚Ä¶ https://t.co/rfiz4uVjJc"
@MagaFoxx Curious.  Fauci is in the same league for you?
@gerryconway I have to admit I didn't know the difference between Joe 3/Robert 2 until this moment.   Fauci is a su‚Ä¶ https://t.co/3egA7oZgrP
Cruz Is the Disease there‚Äôs serious side to what‚Äôs happening here. Cruz &amp; @SenateGOP in prominent positions seek to‚Ä¶ https://t.co/uThUvEJQVc
Pags on Newsmax -- Fauci Is NOT Science https://t.co/KZWNCoFrjN
Dr. Rand Paul: Is Fauci Telling the Truth on COVID Origins? https://t.co/qJI9xfQC14
Dr. Maria Ryan: Why Fauci Has Got COVID Wrong! https://t.co/zg0oFfN4Of
PETA Slams Fauci For Cruel HIV Experiments On Live Animals Lasting Decades https://t.co/3gsfYbVZRy
"@morgfair @JimmyKimmelLive @jimmykimmel I don't know who else is piling on Dr. Fauci, but I think Senator Rand Paul‚Ä¶ https://t.co/ZjXymqu5C3"
"Just heard Fauci say the first true thing in a long time. He said its ""about control"".   Of course, he meant contro‚Ä¶ https://t.co/zBtylGzWSu"
"Fauci Dons Funny Hat, Declares Himself To Be Pope Of Science https://t.co/5iHgF28YBw via @TheBabylonBee"
@Lukewearechange All the people that Fauci has killed...
@morgfair @ArseGrammatica @JimmyKimmelLive @jimmykimmel People who did not survive the AIDS crisis are the same peo‚Ä¶ https://t.co/b0fwoZQk4C
"@SenTedCruz Dr. Fauci has served under every president since Reagan. He is well-liked and respected.  Ted Cruz: ""I‚Ä¶ https://t.co/6ADXgQa6gv"
#FauciLiedMillionsDied research #remdesivir and how #fauciliedpeopledied pushed this drug that knowingly causes org‚Ä¶ https://t.co/Sx2BDCivVr
"‚ÄúWe‚Äôve referred him to the Dept of Justice, but then again, Merrick Garland is the one now going after parents that‚Ä¶ https://t.co/eEX6XYRA2B"
Fauci criticizes Fox News for silence after pundit Lara Logan compares him to Nazi doctor https://t.co/DpAzh07xLG
"Remember that Trump, Fauci, Biden, Mickey, the person next door, are not smarter than you. Groups of people like th‚Ä¶ https://t.co/PmzM1sXf8v"
#Covid_19 is a üéÅ FROM #PeterDaszak/#Fauci/ #WuhanMilitaryAnimalLab  #ArrestFauci https://t.co/vfUOj3jcmH
Covid Updates: F.D.A. Authorizes Eli Lilly Antibody Treatment for Youngest Covid Patients  Fauci and U.S. officials‚Ä¶ https://t.co/Bij57WsM4x
"@CLMicheletti @InieRebelUnion @ebottcher No Cheri, it‚Äôs more likely that you are susceptible to disinformation camp‚Ä¶ https://t.co/iTkzT3eTrj"
@InieRebelUnion @ebottcher Fauci never said you can spread AIDS like a cold. Back in 1983 it was still unclear how‚Ä¶ https://t.co/8wYFtPJiru
"@JonHochendoner @HomeoftheMEMEz @richmanwisco @InieRebelUnion Fauci was right then too. Listen to the clip. Also, f‚Ä¶ https://t.co/91xBeonRNx"
"I'd add that R Walensky, Fauci &amp; others among our public health experts also did plenty of fear-mongering around ki‚Ä¶ https://t.co/yk0PD50hpI"
"Rand Paul NUKES Fauci, Wants Him In Prison For 5 Years https://t.co/Itn0hpbwk1"
rise in COVID-19-related hospitalizations of fully vaccinated people but have not had their booster shots. Dr. Fauc‚Ä¶ https://t.co/x34yIKu3pD
@OregonGovBrown Dr. Kate Fauci please RESIGN
"@JTS_1957 If Mengele were alive, I'm sure he would be offended, being compared to Fauci, too üòè"
@smackkdogg30 Why does everyone want trump back? He let Fauci stay and didn‚Äôt do anything about corrupt cdc. We nee‚Ä¶ https://t.co/A9RLJvp3si
"#ArrestFauci, Biden told us Fauci is the PRESIDENT  ! That's not funny, nothing is funny this year. https://t.co/vV8CN9viSy"
@RWMaloneMD The funniest thing to me is that it‚Äôs hard to take too much Vitamin D. It doesn‚Äôt have the negative con‚Ä¶ https://t.co/pPBRpMesQp
@Hughhewitt the reason Anthony Fauci won't appear on your show again is the obnoxious way you treated him last time‚Ä¶ https://t.co/W9KFo0C1ms
"Hey, @Sites4Congress, why are you re-tweeting this sh*t with no explanation as to whether you agree with (POS) Buck‚Ä¶ https://t.co/v9jMHagpWl"
PETA to Fauci: Killing Monkeys in HIV/AIDS Experiments Must Stop https://t.co/1ecTaxDU9N
"@TLEbtwaGFY This one gets a pass lol, the rest we give to Fauci üòâ"
Fauci Uses ‚ÄúScience‚Äù As Defense for His Lies¬†   Phone calls:  Dr. Fauci  Jake Tapper  (NICE JOB as ALWAYS ‚ÄúMr Jimmy‚Ä¶ https://t.co/4ZSlfPMvZx
My 11yrold got her second COVID shot today. Enormous relief. (This time she let me take a photo of her with the Dr‚Ä¶ https://t.co/qZjXS11PFP
@ForestLover97 @thehill Zero respect for Fauci
"Attorney: ""They plan to end their lives by taking the lethal Fauci Soros vaccine.. "" https://t.co/88fvDWP19o"
@Quik18holes @ShortSqueezed1 You sound pretty ragey to me. You even tweeted a reference of capital punishment direc‚Ä¶ https://t.co/g8sUERbx3e
https://t.co/nKEIjYA4QE @cnbc Likely? What the hell is that That's not a scientific answer it either does or it doesn't.
"O. Mi. Cron.  Fauci, look at that variant, it is so virulent"
"You can be pro-booster, double mask and anti Fauci."
Fauci's is fine if unnecessary but the others are just pure propaganda
"@Laurie_Garrett @foxnation Because nothing matters but deflecting attention away from the real issues. Fauci, AOC,‚Ä¶ https://t.co/X9FoHXxSTl"
Rand Paul says Fauci should be jailed for five years for lying to Congress ‚Äì something fact checkers insist he did‚Ä¶ https://t.co/OpKGedNQBE
@ORhunter @OregonGovBrown @OHAOregon @ORDems @Oregon_GOP @KateForOregon New book guys. The real Anthony Fauci. It‚Äôs‚Ä¶ https://t.co/Kzlj7mMXrs
We're all astounded Dr. Fauci. üòï  Dr. Anthony Fauci pulled no punches while responding to Fox Nation host Lara Loga‚Ä¶ https://t.co/rgoc0DyLYr
Anthony Fauci Hits Back At Lara Logan‚Äôs Mengele Comparison  The nation‚Äôs top infectious diseases expert slammed the‚Ä¶ https://t.co/nf0QOOknts
Fox News host claims HIV doesn‚Äôt cause AIDS https://t.co/vCGR3vX492
"As Fox News stokes death threats against Fauci, Fauci is telling the network's bookers to pound sand https://t.co/nRJFdpGMmj"
Fauci Steps In Again To Try And Advise Biden On Border Testing Rules https://t.co/gANmcXfp5X
Senator Rand Paul: Dr. Fauci Lied! https://t.co/RjhnL6u44g
"@HuffPost While Kimmel indulges in ‚Äúhe can do no wrong‚Äù positive projecting on Fauci. Yes, Don Jr. is ridiculous. B‚Ä¶ https://t.co/eRF27Py16e"
"@POTUS So, just like Fauci...""If you look at it this way...it's exactly as I say it is."""
Anthony Fauci Hits Back At Lara Logan‚Äôs Mengele Comparison https://t.co/82EvE618jh
@TriceratopsMr Fauci deserves a doc‚Ä¶ it just might be a bit different than the one he got. üòÖ  It should be 90% abou‚Ä¶ https://t.co/yCVzf2Mqmo
Doocy Presses Fauci on Why Americans Might Face Stricter COVID Rules But Not Illegal Immigrants https://t.co/63Ar75YZh3
Who elected Dr. Fauci? https://t.co/4EA3rNU7w4
@rochellemaginn2 @chipfranklin Knowingly lying to reserve resources for one class of people at the expense of anoth‚Ä¶ https://t.co/jnTzvMte9i
"This getting ridiculous! Not to be out done by the UK, Fauci will order every 2 months. https://t.co/pyiZBhy8xj"
Fauci needs to spend the rest of his days in prison https://t.co/XnVjWi0Elz
@admiralmpj It is not OK for a member of Congress to attack a colleague with racist smears. It is not OK for a Sena‚Ä¶ https://t.co/ilHZf5IXO6
Fauci Tells Ridiculous Lies About New Omicron Variant https://t.co/1wm67fKh63 via @FreshOffThePress‚Ä¶ https://t.co/r6vjHLtu5E
"Fauci: First U.S. Omicron Case was Vaccinated, Now Protect Yourself by Getting Vaccinated -  #ChuckTonyFauci, the s‚Ä¶ https://t.co/Dap7meaA8m"
"RAND: Fauci Is Playing &amp;apos;Russian Roulette&amp;apos; with the CCP https://t.co/DrelDPU4Nn  #ChuckTonyFauci, the self‚Ä¶ https://t.co/PgCyEpVDOS"
"@rochellemaginn2 @chipfranklin In fact, Dr. Fauci knowingly lied to the public, telling people NOT to wear masks ea‚Ä¶ https://t.co/TCmG9XsOKN"
Plus 7 years for each animal he paid to be abused. #ArrestFauci.  Here's one #Fauci DIDN'T get üîΩ‚Ä¶ https://t.co/zVkuCzoxoi
Dr. Fauci Explains How Unvaccinated Republicans Allow COVID Variants To Flourish https://t.co/PY2tla3phj via @politicususa
@AlexThomp @owermohle @TinaSfon and I don't blame Fauci for this: https://t.co/6fKicbktcp
@jessinwis I‚Äôve learned to be last in line for vax and watch VAERS website very carefully. My one year old was vax‚Ä¶ https://t.co/8S5GCquwTK
@Sabrina_McDa Laura Logan is Nut and a fool!  Her comments about Dr. Fauci was ignorant on Fox News
@truthglow @NoFaithZone They can both be fascists. There is a cure to liking Fauci in the book.
#Fauci approved experiments withheld pain medication &amp; debarked  dogs so OSHA noise standards  wouldn't be violated‚Ä¶ https://t.co/X7FCTUk6jz
@jimmykimmel I love this so much. I took a screen shot and looked at it every time I needed a laugh today. üòÇ I also‚Ä¶ https://t.co/Dj5oWIeyP0
Fauci‚Äôs Dead Babies and Mass Graves From the Past https://t.co/bCNGXmBYxI via @redvoicemedias
"#ArrestFauci  Yes why is #Fauci the only ""scientist"" we take advice from? https://t.co/8oKmBHhlF7"
"Evil, corrupt, hateful imbecile @RonJohnsonWI says #AIDS was over-hyped. He says Fauci lied when he sounded the ala‚Ä¶ https://t.co/9cFEz3OyBI"
"Biden jokes that Fauci is president, says he sees Fauci more than first lady - Fox News  Certainly not sleepy ‚Å¶‚Å¶‚Ä¶ https://t.co/7M1zTkbeql"
@BarackObama @ItsMadeToSave Hello President Obama; good Doctor Fauci. I'm glad these families are being assisted wi‚Ä¶ https://t.co/IX30QKeKZV
@rachaelmbade @AlexThomp Fox viewers don't listen to Dr. Fauci.
Dr. Oz Talks Fauci and Trump on Greg Kelly Tonight https://t.co/gprxslGrVP
"'Tyranny Over Americans!': Chip Roy Hammers Fauci, Critical Race Theory ... https://t.co/yZwnLLqHxq via @YouTube‚Ä¶ https://t.co/QjSHb2Qdrl"
"‚ÄúPredators‚Äù: Obama And Fauci Turn Up At Elementary School To Watch Kids Be jabbed. #ChuckTonyFauci, the self-declar‚Ä¶ https://t.co/6ZmNesfktT"
"‚ÄúPredators‚Äù: Obama And Fauci Turn Up At Elementary School To Watch Kids Be #ChuckTonyFauci, the self-declared pope‚Ä¶ https://t.co/YojdmN8FCt"
@NuanceOverDogma @charcware You characterize in the right wing's opinion of Fauci as 'not hate' makes everything el‚Ä¶ https://t.co/0abrXBhxTT
"Fauci‚Äôs Dead Babies and Mass Graves From the Past  #ChuckTonyFauci, the self-declared pope of science.‚Ä¶ https://t.co/CsDvAYKNqu"
@pbump @KFF If only ONE of them knew HISTORY! 5 times in my life I have studied pandemics with the last 2 being for‚Ä¶ https://t.co/VCLUFSnupE
Fauci Steps In Again To Try And Advise Biden On Border Testing Rules  #ChuckTonyFauci the self-declared pope of sci‚Ä¶ https://t.co/aQfGlvTjgH
"Biden to Fauci: &amp;quot;Doc, you&amp;apos;re the best. And you never walk away from an issue or a problem.&amp;quot;‚Ä¶ https://t.co/gkI19pqRtq"
Sen. Ted Cruz slams Fauci for his hypocrisy #ChuckTonyFauci is the self-declared pope of science. https://t.co/ArRYfYr4uq
Fauci Steps In Again To Try And Advise Biden On Border Testing Rules #ChuckTonyFauci the self-declared pope of scie‚Ä¶ https://t.co/gw0tsuCL0O
Yea! @joerogan isn‚Äôt afraid to speak the truth! Fauci is a joke! https://t.co/EMjluckKGl
Anthony Fauci advises CNN town hall to wear a mask indoors even if fully vaccinated and boosted #endvaccinemandate‚Ä¶ https://t.co/ZOcK2ngbpk
"Anthony ""The Science"" Fauci on masks.  https://t.co/Vhy9YdFgSC"
@Brian_Kennedy @RedWingGrips @1stAallTheway CIA is full of pedophiles? Better question is why do you think this is‚Ä¶ https://t.co/Mqf3wnvjyj
Republicans Call Fauci ‚ÄòDangerous‚Äô After Doctor Claims ‚ÄòI Represent Science‚Äô - https://t.co/PgMiVOyAC0
@older2grosser @coastalboxing @drphillystyle @__DigitalBath__ @Bec__Bunny @kym19771 @adambl555 @oscarswillis Seems‚Ä¶ https://t.co/aWPxnDHE47
"@JoeBiden just joked that Fauci was actually POTUS, not him...more truth in that than he could imagine."
@coastalboxing @drphillystyle @__DigitalBath__ @Bec__Bunny @kym19771 @adambl555 @oscarswillis Where do you think Fa‚Ä¶ https://t.co/eZ3LuQBKgd
$SPY BIDEN HAVING SEX WITH FAUCI MORE THAN WIFE
@RandPaul and @MariaBartiromo are seriously mentally ill.  Fauci should get a restraining order against Paul.  He's‚Ä¶ https://t.co/G7n2gDu8cH
Cruz: Fauci Thinks Masking Kids While Not Testing Illegal Immigrants Is ‚ÄòScience‚Äò https://t.co/dWAdaGb7Kr via @BreitbartNews
@coastalboxing @__DigitalBath__ @Bec__Bunny @kym19771 @adambl555 @oscarswillis He isn‚Äôt lying. Didnt Fauci himself‚Ä¶ https://t.co/Jv7HjJViaQ
"@charcware According to this logic, does this mean Fauci is right, since right wingers are screaming and throwing a‚Ä¶ https://t.co/nl1uhdVcsJ"
"@LibertyJen If Fauci is Atlas, then I am definitely ""shrugging"" him üòâ"
Achmed Fauci addresses his critics... https://t.co/pgx1DBZglp
Why us fauci still in any position of power and making public policy. #monkeygate pictures are absolutely traumatiz‚Ä¶ https://t.co/RMMFvc7FnY
"@PaulCogan They are trying to get Fauci killed. Their words have power over the mindless cult, and FOX News knows that well."
"Now that I've read RFK Jr's ""The Real Anthony Fauci"" this type of reporting seems like the monotone narratives of p‚Ä¶ https://t.co/wD80eTuXcP"
"@Jim_Jordan We're done with you, and your weird obsession with Dr Fauci."
"Why was Fauci experimenting on orphans who cant consent?  Pure evil.  ""The Fauci NIH approved experiments on hundre‚Ä¶ https://t.co/qaKyLoiRuA"
"@plumaria1 OMG...not once did I say that boosters are mandatory in the US yet, but neither were the two shots at fi‚Ä¶ https://t.co/RZt02OtRp7"
"@LLewin How are you this blind? Before the shots were mandated anywhere in the US, they were being mandated elsewhe‚Ä¶ https://t.co/22xkXKHYDX"
@LizHIVHep @ajlamesa @OregonGovBrown The people who terrorized them into believing that have the responsibility to‚Ä¶ https://t.co/XEEON1HlNz
Why the extreme reaction from #Biden and #Fauci ? Don't let a  mild variant go to waste when it can give power to‚Ä¶ https://t.co/iISVp1NVBD
Politico outraged that Dr. Fauci turned down an invitation to appear on a network that a few days ago compared him‚Ä¶ https://t.co/65tEYDHFfB
"Oh bullshit, Fauci is in bed with the Commies right along it‚Äôs Bonehead! https://t.co/W31Ki7A9oQ"
Doocy Presses Fauci On Why Americans Might Face Stricter COVID Rules But Not Illegal Immigrants https://t.co/CJEhd4KmTF via @dailycaller
@catturd2 If you saw the Glenn Beck Special on COVID and Fauci..you'd understand all of this..
'Jimmy Kimmel Live' Defends Dr. Anthony Fauci Amid New Criticism - Variety watch through till the Zuck on a Truck s‚Ä¶ https://t.co/w4eeyGR8Xb
How many people believe ANYTHING Fauci says?? His 15 minutes were over a year ago.
@PNW_working_mom @Rachel_Prusak Couple books that might help the rep to make better decisions. The real Anthony Fauci and Pandemia.
"@AbbyBrownJD Good idea Abby! Hopefully, through intercession, Fauci can deliver a new vaccine for every variant tha‚Ä¶ https://t.co/0II6QcY4Lu"
"@GretchenlbB @fosters4future @KGWNews My personal feelings about fauci have nothing to do with it.  You think ""they‚Ä¶ https://t.co/P5OCFJPbWg"
@stoolpresidente We aren‚Äôt human to the radical left. We might as well be Fauci beagles if they had their way.
Dr. Fauci and Jen Psaki Tag-Team a Presser That Devolves Into a Mind-Bending Disaster https://t.co/4sh4Z6cC8Y
"Moderna Says Omicron Booster Could Be Ready By March, But Fauci Says Not To Wait #omicron #COVID19 #pandemic‚Ä¶ https://t.co/xIB80gXYvu"
"Can we PLEASE NEVER AGAIN use the Holocaust like this? ‚Å¶@laralogan‚Å©, do better.    Holocaust survivor responds to F‚Ä¶ https://t.co/7xnI7JJMRu"
@GenMhayden So is she saying Fauci is causing all those problems or Covid? https://t.co/rMyGmTARXH
Biden and Fauci give different answers about possible lockdowns amid omicron variant fears https://t.co/9gpYFx8JzQ
Happy #WorldAIDSDay @RonJohnsonWI.   We see you......... https://t.co/bssacdreUP
Jimmy Kimmel Has Had Enough of Scumbags Attacking Dr. Fauci for Trying to save us... https://t.co/DKS3fvhrBB via @YouTube
"@HansonOHaver @ryyanlay 'damn, lost all my pop when i turned 48.  thanks fauci üôÑ'"
"Dr. Fauci Killed, Tortured, Poor Minority Orphans in the 1980s https://t.co/KItKpMt4w5"
I wish Fauci would just shut the fuck up
"Ex-Kansas Health Chief: I Was ‚ÄòFauci‚Äôd‚Äô¬†Out of the Job. In reality, he admitted that he was incompetent and that Fa‚Ä¶ https://t.co/ZnLJF5tzxn"
"‚ÄúWe knew it was just a matter of time before the first case of omicron would be detected in the United States,‚Äù say‚Ä¶ https://t.co/qOwOzZXsX4"
"@saraanne73 @CNN In a White House news briefing, Dr. Anthony Fauci, director of the National Institute of Allergy a‚Ä¶ https://t.co/cxcEj1JoiD"
"@Tulee111 @KGWNews In a White House news briefing, Dr. Anthony Fauci, director of the National Institute of Allergy‚Ä¶ https://t.co/lQmK4ZpkYE"
"@JackieO1967 @KGWNews In a White House news briefing, Dr. Anthony Fauci, director of the National Institute of Alle‚Ä¶ https://t.co/y4NsSrQUPE"
"@fosters4future @KGWNews In a White House news briefing, Dr. Anthony Fauci, director of the National Institute of A‚Ä¶ https://t.co/t0AN2QiyLS"
"@OWolf2212 @KGWNews In a White House news briefing, Dr. Anthony Fauci, director of the National Institute of Allerg‚Ä¶ https://t.co/qONE5weGmE"
"@WorldClown3 @KGWNews In a White House news briefing, Dr. Anthony Fauci, director of the National Institute of Alle‚Ä¶ https://t.co/h807vJEWHx"
"@wakethomas13 @KGWNews In a White House news briefing, Dr. Anthony Fauci, director of the National Institute of All‚Ä¶ https://t.co/lluhze1mVq"
"‚ÄúDr. Anthony #Fauci announced that the person who #tested #positive was #fully #vaccinated, and had arrived in the‚Ä¶ https://t.co/3gKrXmBtmi"
Everyone? Please stop listening to Fauci. Just stop. Ignore him. https://t.co/hnz5upxi0x
"@atrupar It wasn't a bad question, especially as it applies to potential policies, like new lockdowns, restaurant/g‚Ä¶ https://t.co/xbTc1OYX2f"
"Actual journo turned FOX News conspiracist, Lara Logan, smacked after comparing Fauci to a Nazi doc https://t.co/S3dutPyOiR"
@JReedCooley @YALiberty There is no other aspect of the COVID crisis that more clearly reveals the malicious intent‚Ä¶ https://t.co/BTej4AHXvL
@AveryB64 @StormyXdreamers @Problematictv @pebbles_sue @IWPCHI @factcheckdotorg @AveryB64 is this an Op-Ed? Because‚Ä¶ https://t.co/ACzGYoGwMs
@AveryB64 @StormyXdreamers @Problematictv @pebbles_sue @IWPCHI @factcheckdotorg Riiiiiiiight Op-Ed so those state c‚Ä¶ https://t.co/WYj1xNZlpG
Dr. #Fauci attended a daily White House press conference to talk to reporters about the first recorded case of the‚Ä¶ https://t.co/svNO1Kr3yQ
‚Å¶@RepMTG ‚Å¶@RepBoebert‚Å© Holocaust shut up! Listen to a survivor respond to Fox host comparing Fauci to a Nazi https://t.co/C9W9B52hIs
JUST IN: Jim Jordan Hammers Fauci Over 'Science' Comments: 'This Is What... https://t.co/zyH8uEj9Ki via @YouTube
Goes out to Dr Fauci and the rear admiral @maddow @HHS_ASH https://t.co/gfXntUpeAS @hfrfromthefloor
https://t.co/e3lnvD21vW  Searching for relevance
@KOINNews Probably been here for a while.  Follow CDC guidelines and you‚Äôll be fine. https://t.co/muUUbSvjkv
Horrible. Spread the word: Lets go Brandon and Fauci! https://t.co/GNJLfziCsk
Dr. Richard Urso Talks Fauci and the Real Science of COVID-19 https://t.co/VAd8o7KMnw
"#Fauci buys them for experiments he funds, even live aborted so perfect scalps can be removed and grafted onto a ra‚Ä¶ https://t.co/pq2rksHyFd"
I've heard about his AIDS medication issues before but this takes the cake:  More Evil Shit From Fauci's Past... Th‚Ä¶ https://t.co/XR7Fv7rcoF
It Wasn't Just Beagles and Monkeys - Fauci's NIH Also Funded Medical Experiments on AIDS Orphans in NY City https://t.co/ne0tMNrQAB
How the Corporate Media Launched a Disinformation Campaign to Protect Fauci https://t.co/NMIyBlGBNo
This week the Baker County Library District has 49 new books.  New items include The Real Anthony Fauci.‚Ä¶ https://t.co/iXACyvFfFD
Holocaust survivor responds to Fox host comparing Fauci to a Nazi https://t.co/PxpKZ3ZNjL.   Look where the story c‚Ä¶ https://t.co/Rii3RL46aD
Early treatment is a key to beat #WuhanVirus. #Fauci is a criminal to fund #WuhanLab's gain of function bioweapon r‚Ä¶ https://t.co/DNPIueKmS4
@FoxNews headline ‚ÄúFauci strangles dog!‚Äù https://t.co/TNYcG6BmKJ
"To some, #AnimalRights only matter until #Fauci violates them https://t.co/hqAINUiBFQ"
Fox Nation's Lara Logan has been denounced by several Jewish groups &amp; the Auschwitz Museum after she compared¬†Dr. A‚Ä¶ https://t.co/BvfCNcLqLN
GOP anger with Fauci rises https://t.co/69aAKZDjps
@IronSharky While they compare Fauci to Mengele
"Obama, Fauci surprise families at COVID clinic  https://t.co/Mf27OFKpIk"
"@davidharsanyi I mean, it's folks like yourself are the reason Dr Fauci requires armed escorts for him and his fami‚Ä¶ https://t.co/sYh4bvgTyf"
"@Jim_Jordan No Jim, no one listens to you anymore. Fauci has intelligence. You don‚Äôt."
Gov. Reeves Uses Fauci&amp;apos;s Own Words to Deflect Chuck Todd&amp;apos;s Vaccine Mandate Argument https://t.co/hqdqMGzPsv
"@DeaceProducer As the information turns more and more against him, Anthony Fauci will double, triple, and even quad‚Ä¶ https://t.co/yXY0F1BGOB"
Fauci claims: &amp;quot;I represent science&amp;quot; https://t.co/9upzgxzvD5
Lara Logan on Dr. Fauci: &amp;quot;He Doesn&amp;apos;t Represent Science - He Represents Megele https://t.co/AwayfjXJ6n
Naomi Wolf: Dr. Fauci Should Be Scared - There Will Be Investigations https://t.co/WSpOB8OSvS
Jimmy Kimmel Offers Impassioned Defense of Dr. Anthony Fauci Amid Further Criticism From Conservative Figures‚Ä¶ https://t.co/WmekEmkAAB
6/7 Q: Is the digital vaccine record a ‚Äúa vaccine passport‚Äù? A: No. The digital vaccine record provides the user w/‚Ä¶ https://t.co/RI9OzsxzAY
BBC News - Lara Logan: Fox News host condemned over Fauci Nazi doctor comments https://t.co/9ioRX5RcO6 @BBCNews‚Ä¶ https://t.co/f3WsdEX5M5
@SRCC Do you send everyone the same talking points? 1. Biden ruins Christmas. 2. Democratic leaders are using Omicr‚Ä¶ https://t.co/WWRRc0IhAI
@barstoolsports Is that fauci
Obama makes surprise visit to D.C. vaccination site ‚Ä¶ imagine going to get you shot and meeting President Obama and‚Ä¶ https://t.co/voFLbzwfLR
Dr. Anthony Fauci says we should do 8 things to deal with the Omicron variant https://t.co/3mxK4OQJrT
@KTLA that's cute wheres the article about how #Fauci is killing trans and gender fluid ppls who are more prone to‚Ä¶ https://t.co/VAVvCfiH6a
@DylanPThompson If you listen to Fauci you are done.
"@andyspence101 @tedcruz Dude, that's the topic of this thread. Cruz claimed Fauci lied to Congress. He didn't. I be‚Ä¶ https://t.co/52lVaGFIr8"
@Acyn Seeing how cruz thinks Fauci works at the cdc is all you need to know of Ted's lack of intelligence
"Fauci Dons Funny Hat, Declares Himself To Be Pope Of Science https://t.co/fQbWR0NULT via @TheBabylonBee"
"I think naming your dog ""Fauci"" qualifies as animal abuse.  Now cats...aloof, superior and uncaring...maybe a cat https://t.co/ryDiFHZiDh"
Cruz Blasts Fauci‚Äôs ‚ÄòBeavis And Butt-Head Defense‚Äô: The ‚ÄòMost Dangerous Bureaucrat‚Äô In U.S. History https://t.co/v8xCxDiYyT
so i have to pull radio air checks for my job  and apparently now we're comparing Dr. Fauci to Dr. Mengele on talk radio  real fuckin classy
Omicron: Fauci says ‚Äòfifth wave‚Äô of Covid possible if Americans shun vaccines https://t.co/gtTHo8sR5I
Dr Fauci said leaving mask and vaccine policies up to states was one of Trump‚Äôs ‚Äòbiggest mistakes‚Äô https://t.co/nYbJeoUVBC #SmartNews
Fox News blasted for 'depraved indifference' after using Mengele and Mussolini to attack Fauci https://t.co/pV89YxmMwJ
@newsmax @mtgreenee So if @mtgreenee takes action how is her ‚Äúimpeach Biden‚Äù going? She got Fauci fired yet. Litera‚Ä¶ https://t.co/RJEoTXBMpP
"@charles_gambino @JedediahBila Prove vaccines work! I've had covid and I've not been vaccinated, and I haven't got‚Ä¶ https://t.co/tx8Dxsb7MI"
@rickberke @statnews @MaddieOBender Better call in Fauci 35 years later. The mess he left behind is being transferr‚Ä¶ https://t.co/Puu9ZYXOrW
@PaulDewrance @ksorbs Yes. It's also really easy to look up. https://t.co/wd7TkzG7VL
As clowns like Ollie here does zero to investigate Fauci and his gain of function coordination with communist China‚Ä¶ https://t.co/1HC1hNF34n
Fox News blasted for 'depraved indifference' after using Mengele and Mussolini to attack Fauci https://t.co/uLaO2hCvdz
"Hahaha. Fauci is ""helping"" us ! https://t.co/OjT53AdDcl"
@lonnydub @KGWNews What a fatalistic perspective. I‚Äôll stick with Fauci and the scientists. ‚úåüèΩ
"Fauci Dons Funny Hat, Declares Himself To Be Pope Of Science https://t.co/1BbGBBqNPZ via @TheBabylonBee"
Looks like @tedcruz is the most evil of @GOPSenate for today. Sick individuals running that party like‚Ä¶ https://t.co/pMX7bN9GrD
@BuzzBlabber @trump4_america I'm not playing anymore Fauci Says.. https://t.co/1acGoKECib
Tucker Carlson Makes Unhinged Comparison To Anthony Fauci  https://t.co/j1e2KVRjk4
Outrage as Fox News commentator likens Anthony Fauci to Nazi doctor https://t.co/MblcV2ZNLF
Dr. Fauci needs to change his name to Dr.  Kavorkian. https://t.co/pCTpt5i0Zt
Cruz: CBS ‚ÄòDropped the Ball‚Äò by Letting Fauci Respond to Gain-of-Function Issues ‚ÄòWith Insults‚Äò https://t.co/xB9a22n3af via @BreitbartNews
Cotton: ‚ÄòFauci Should Be Investigated for Lying to Congress‚Äò https://t.co/qauVRaG3vo via @BreitbartNews
@DebRobertsABC Both my husband and I are vaccinated and have had our boosters! I'm listening to Dr Fauci and follow‚Ä¶ https://t.co/7AxC4iOawO
"@tedcruz We love Fauci who doesn‚Äôt work at the CDC, and the CDC says exactly the same thing as Fauci.  Ted is a emb‚Ä¶ https://t.co/BUlV3ZJZ0i"
VIDEO: Watch Fauci Turn Into a Demon Live On Air https://t.co/eNSgcxSV6M
HOW MANY TIMES HAS FAUCI LIED? https://t.co/XpZktliE6y
@B52Malmet @60Minutes What I hate about all of this is that media sources that write Dr. Fauci's eventual obituarie‚Ä¶ https://t.co/rjgwNuHCeg
Piers Morgan: Time For Fauci To ‚ÄòPut His Ego Away‚Äô And ‚ÄòShut The F*** Up‚Äô https://t.co/4j4tW8FYao
"Wonderful poem by Kime Stafford, ""Dr. Fauci's Smile,"" up today on @versedailypoems DON'T MISS IT! Thanks, Kim! You are right on!!"
@RonWyden Your ‚Äúbill‚Äù most likely at the end  will have fewer richer billionaires. Stop being delusional Senator do‚Ä¶ https://t.co/tvt7CofkVa
I really hope we can maintain the disgust and utter disapproval for #fauci Though my gut says people will forget in‚Ä¶ https://t.co/BxeV2O7HXS
"@oliverdarcy @FoxNews This is the kind of utter crap which must stop! Once again, using your platform to compare Co‚Ä¶ https://t.co/OWP7N3SKg4"
"From Fauci to Chadwick, these are some of the most popular pet names this year https://t.co/96bfM6j2pT https://t.co/8xxCwgUArG"
