"Let me say it again - OK, yes pretty obvious but still: You signed up to a subscription, not to a vaccination. This‚Ä¶ https://t.co/orSZ20daI4"
I say I wouldn't sell  Fauci any life insurance at any price. https://t.co/AYQ5CRqvX2
The Fauci Who Cried Wolf - Ann Coulter https://t.co/F3RZEYo1Jw
"@hrkbenowen I don't care if he has six shots, #Fauci ain't invited to my house."
All these stares w/high #VaxToTheMax ppl in their ICU's &amp; w/ #Fauci hocking #BoosterShot meanwhile what's the hospi‚Ä¶ https://t.co/desCPHnGic
Fauci: Americans Should Require Holiday Guests to Prove Vaccination Status https://t.co/W5Siz7A9Fm
"Back off Fauci, Florida Governor DeSantis criticizes Faucism, We are going to protect your freedom to make decision‚Ä¶ https://t.co/ZSHlnR5IM4"
@RepNancyMace Fauci saw your letter and asked...Who?
@POTUS  please fire fauci and stop using #covid to 1) deflect from your bad policies and 2) discriminate against bl‚Ä¶ https://t.co/dt8TBzzw4E
Quarantining healthy people was unprecedented behavior before the CCP virus. Healthy people cannot spread a virus t‚Ä¶ https://t.co/rV5iIO1SdE
"WATCH: Fauci Downplays Free Will Because We Are In ""Unusual Times"" https://t.co/Bf2MrZWjv7"
"@ArkansasMind IT‚ÄôS ABSOLUTELY NOT, about the Americans health! If it was, Fauci would‚Äôve advised the POTUS that we‚Ä¶ https://t.co/OFwC1OsszI"
"@TheMFingCOO Alan, seriously....who do we have to ""talk to"" who can contact Fauci and ""encourage"" him to retire to‚Ä¶ https://t.co/6PMzFcwxvJ"
@SLT20201 @AlexandraLevi20 I think I trust this guy more than Fauci... https://t.co/c3ZKqi3eWx
Fauci has been with the NIH for decades and assoc. with labs around the world including CCP funded labs. Epstein wa‚Ä¶ https://t.co/bnxcxatSxn
"@RepNancyMace You are positively incorrigible, Nancy. We see you. For those who prefer facts: https://t.co/yih0EmLGFO"
I wrote Dr. Fauci a month ago asking specific questions related to gruesome testing on puppies. Do think I received‚Ä¶ https://t.co/ar5QSLBdwv
@tweettruth2me Fauci does an amazing job of masking his German accent.
Rand Paul: Fauci the 'Opposite' of What You Want Out of Public Health Leader  https://t.co/sHR4kYxPmD
@duty2warn Trump and the radicalized right have a serious issue with authority: on the one hand they want to be tol‚Ä¶ https://t.co/kcU3XZsC14
"More stupid advice from the little bozo... just take Sen. Rand Paul's advice, ""Ignore Fauci."" Go on living your lif‚Ä¶ https://t.co/FsrfA9Uewa"
@TimRunsHisMouth Everyone that wanted to leave has left. We can‚Äôt drag them out and more than we can give them a Fauci jab
It's a matter of both fuck and you when it comes to Fauci https://t.co/um8qhZ7SHH
"Dr. Fauci Says It's ""a Matter of When, Not If"" the Definition of ""Fully Vaccinated"" Changes (VIDEO)‚Ä¶ https://t.co/xX9aTrthdq"
"Fauci Slams People Who 'Make Their Own Choice' With 'Free Will,' Calls For Biden To 'Clearly Supersede Individual C‚Ä¶ https://t.co/2noqcpVDu6"
"Omicron variant 'almost certainly' less severe than delta, Fauci says  https://t.co/ijDnKVpVLR That‚Äôs why the left‚Ä¶ https://t.co/imlt0g4ZsX"
"Follow Sen. Rand Paul's advice, ""Ignore Fauci."" Go back to living your life. https://t.co/7yjh50BLJv"
Dr. Fauci believes the definition of 'fully vaccinated' will change to include boosters  https://t.co/jBRUWBrfzw
@NYCMayor should be rescinding his overreaching order by now but we all know he's either too proud or evil to do su‚Ä¶ https://t.co/maV0fHWzmI
Rand Paul: Fauci the ‚ÄòOpposite‚Äô of What You Want Out of Public Health Leader https://t.co/RRlfpn4Z3D
@HerringLiz Not opposed to the vaccine. Everyone should be able to make the decision they feel is best and live wit‚Ä¶ https://t.co/zQQOU6co0K
"Take Sen. Rand Paul's advice: ""Ignore Fauci."" Go back to living your life. https://t.co/MBOcJfubKQ"
"@TPostMillennial Fauci supports tyranny.  Tyranny is not the tool to achieve public health, but vice versa."
3rd Shot Pfizer GangGang leggo  Part three of the Fauci Ouchie is complete make sure you also #GetVaccinated and #GetBoosted
"#Omicron ‚Äòmight‚Äô cause #less #severe #disease, Fauci says https://t.co/c2a4gnPUqc"
"@KrakenBP @mkolken Right-o , like Dr Fauci ...wear a mask, don't wear a mask because it won't help, wear TWO masks.‚Ä¶ https://t.co/G4f2JOqs4W"
@TheRightMelissa How dare these scientists disagree with Dr fauci? They will now all be muted.
"@LegInsurrection @Mutnodjmet   Leslie Eastman reviews the book that is being hidden.  She admits:  ""Never in a mill‚Ä¶ https://t.co/s3eeAGcJEx"
I don‚Äôt blame the vaccinated or the unvaccinated for the spread of Covid.   I blame Fauci who funded it. And China‚Ä¶ https://t.co/syLazzQc7w
U.S. boosters surge to all-time high on Omicron fears https://t.co/6dtLu5u6zL
@OccamsGrenade Lol. Fauci had nothing to do with the creation of the vaccine. They gave been working on the mrna va‚Ä¶ https://t.co/ETcxEOiupR
@BurkeAmieb5430 @rattelhed @BradCoatsbrad @RealCandaceO ....and you believed that? Just like you believed Fauci tha‚Ä¶ https://t.co/WP8QDC6w3P
@Jim_Jordan Actually Fauci is the right wing love child of Reagans admin. He was your hero back then. Trump gave us‚Ä¶ https://t.co/5aUxIiLd4R
@KyleDouglasO @DonatellaPetKeo @karol @FoxNews And you're right. Trump fired the opening Salvo.  The one I cant figure out anymore is Fauci.
"@JordanSchachtel Even Moderna‚Äôs scientist are much more realistic than Fauci, etc https://t.co/c3fMaGNzk5"
Robert F Kennedy‚Äôs Bombshells Explode In Face Of Fauci &amp; CIA (Video) - https://t.co/J5dMAuPmy7 https://t.co/6skKOXflA7
@WBTWNews13 you show the clown (Fauci) I change the channel. He‚Äôs lost All creditably. He‚Äôs nothing more than another talking head.
"@WhatJesus74 @Conserberal @LeonardSkywalk2 @GodlessLiz @Plural_Prophet ""The people on the street wearing jester hat‚Ä¶ https://t.co/oYSk40GrFM"
"@WhatJesus74 @Conserberal @LeonardSkywalk2 @GodlessLiz @Plural_Prophet If that were true, what Fauci said should be‚Ä¶ https://t.co/9VXEVYsOHr"
Robert F Kennedy's Bombshells Explode In Face Of Fauci &amp; CIA (Video) https://t.co/P8aC8R7N09
Robert F Kennedy's Bombshells Explode In Face Of Fauci &amp; CIA https://t.co/XIXqXh6E2u
Robert F Kennedy's Bombshells Explode In Face Of Fauci &amp; CIA https://t.co/39CaEB6RC8
Robert F Kennedy's Bombshells Explode In Face Of Fauci &amp; CIA (Video) https://t.co/yACu6JnQxr
Robert F Kennedy's Bombshells Explode In Face Of Fauci &amp; CIA (Video) https://t.co/LrivTFwgP3
"@Jim_Jordan On the other side, are you talking about the record crime from Republican politicians and supporters? T‚Ä¶ https://t.co/6qxCx890gF"
Fauci is a little man with an Napoleon complex who ‚Äòknowingly‚Äô says foolish things &amp; demands the sheep believe him‚Ä¶ https://t.co/YSiKfD0HF6
Why isn‚Äôt Fauci in jail?
Fauci knows nothing of value. He just lies. He needs to go and not be allowed to talk with anyone about medicine or‚Ä¶ https://t.co/99n0D9AfXZ
@brown_eyed_gal1 Won't Trust Fauci
Its all about the Fauci
@nerfherder73 They really do worship Fauci. It‚Äôs quite sad.
@ava_marshay @characterjohn @ProphetsProfit @john_keim What are you talking about? Does dr fauci have his hand up y‚Ä¶ https://t.co/OJw7qAmLRi
IF YOU THINK THAT THIS VIRUS IS GONNA JUST MAJICALLY GONNA GO AWAY AND ALL OF THIS IS GONNA END THEN YOU ARE A BIG‚Ä¶ https://t.co/u4tkdAgSD2
"Senator Rand Paul, "" Live your life and ignore this man."" Dr. Fauci is working for the misinformation of Americans.‚Ä¶ https://t.co/J82qx3NiGG"
When is the Press going to drill Biden or Fauci about the Ship of Fools?   Everybody on that Norwegian cruise ship‚Ä¶ https://t.co/alLXJGxw8g
Fauci did 'immeasurable harm' with premature warnings on omicron: Pavlich https://t.co/W3mo2CFmog #FoxNews
Robert F Kennedy's Bombshells Explode In Face Of Fauci &amp; CIA - Sons of Liberty LIVE at 5 minutes past the top of th‚Ä¶ https://t.co/QJNn7vQcxR
@thehill ...and it wouldn't have happened if it wasn't for Fauci developing bioweapons with our enemies.
@nerfherder73 At least Jesus didn't kill puppies to make himself rich!  Fauci fans are seriously empty in the head.
Wow! FOX News Sidelines Lara Logan After Dr. Fauci Complains About Her Nazi Doctor Comparison https://t.co/3enGvIcnB8 via @gatewaypundit
Please help me get Fauci‚Äôs buddy out of the Senate!! https://t.co/21D00XgrhI
New stricter travel rules are now in effect for international travelers. This comes as the Omicron variant spreads‚Ä¶ https://t.co/cluULCUU2P
#ivermectin is effective in treating #COVID19 #Fauci lied about #remdesivir &amp;  allegedly helped the AHA request the‚Ä¶ https://t.co/M6OM6IZk61
Fauci encouraged that omicron doesn't appear to be more severe https://t.co/CGXabWKQ2H
"@laralogan Hey Lara: did @FoxNews suspend you for your Fauci/Mengele comparison? It was a little over the top, even‚Ä¶ https://t.co/Gaiu5JN1cT"
"And this man's a Pastor?  There's NO comparison whatsoever.  COVID is a health crisis, and FAUCI is trying to save‚Ä¶ https://t.co/G5XtxgcunC"
Fox News Suspends Lara Logan After Dr. Fauci Complains She Criticized Him https://t.co/dBL21xetVz #Fauci #foxnews #laralogan
@AlwaysVoteRed17 Fauci is all about power
"""With omicron out there, here‚Äôs how to decide if you should attend that holiday party, according to Dr. Fauci""  https://t.co/Giuen9TZAi"
@SethMacFarlane Do you mean Dr.Fauci that has cost countless American lives with misinformation? The Covid vaccine‚Ä¶ https://t.co/Vng65VUhi1
@Pawlectro @SenRonJohnson Fauci actually had stated that Trump followed his advice. Trump took it further when he s‚Ä¶ https://t.co/hh8AwBcuuF
"@ScepticalAussie Moderna. If Fauci and the gang recommend additional boosters in the future, I'm going to try and g‚Ä¶ https://t.co/YpoqV0iHEn"
Fauci's Dead Babies &amp; Mass Graves From The Past (Video) https://t.co/0jVK4C6sa6
Good start to the trading week! Dow stages nearly 650-point rally for best day since March as Fauci comments delive‚Ä¶ https://t.co/F1Kfn9vGgK
@FBIOklahomaCity @USAO_SC @USMC @channingtatum @Ludacris @POTUS @FBIPhoenix @APMiddleEast @USAO_EDTX @theweeknd‚Ä¶ https://t.co/IrbCpqXk5f
@FBIOklahomaCity Dr. Jill Biden and Fauci behind the whole situation along with Oprah and the Obamas and Shannon Ke‚Ä¶ https://t.co/Twy4wdYLHH
"@ima_boutruth @VYdreos @Severngirl99 That lady, Fauci, Bill Gates, head of the CDC, leaders of a bunch of these cou‚Ä¶ https://t.co/a7kOlEGZcw"
Fauci calls Ron Johnson's AIDS comment 'preposterous': 'I don't have any clue of what he's talking about' https://t.co/pMV9S9iYk8 via @WSAV
Your appeal to authority fallacy is illogical. Try again. Listening to experts lie to you just because they are ‚Äúex‚Ä¶ https://t.co/fkYQf4vn7g
Nobody asked you Fauci.
"Dr. Fauci and Top health officials discuss early findings on COVID omicron variant, while politicians continue fool‚Ä¶ https://t.co/gGQau0PvwF"
Important read. A Frenchman did the science Fauci didn't: Omicron is no delta https://t.co/xsVafXJG9N
"Dr. ""I Am Science"" Fauci Has All The Answers On CONvid-1984 Containment Until It Involves Illegal Alien Invaders At‚Ä¶ https://t.co/OoHQrpWIxt"
@DenneyLaura @LizClaman You are obviously missing the point she is going after the woman who compared Fauci to this evil man‚Ä¶.
@JoeTalkShow here is a copy of the video from Fauci ‚Äúthe man of science‚Äù on HIV casual contact at a home with a fam‚Ä¶ https://t.co/NucGCVl7W4
This is the man who identifies himself as science. Fauci: ‚Äúif the close contact of a child‚Ä¶perhaps there will be a‚Ä¶ https://t.co/N3skGXw9GG
Fauci on casual contact within the home of an HIV infected patient.  This probably led to the psychological abuse o‚Ä¶ https://t.co/vl0JDeI4mG
‚ÄúWe don‚Äôt want to be mandating from the federal government to the general population. It would be unenforceable and‚Ä¶ https://t.co/xiBT8cEWMg
When Fauci ‚Äòthe man who is science) said that psychologically abused those who had HIV and now he‚Äôs touted as the d‚Ä¶ https://t.co/GIv8tpBXOF
@JoeTalkShow you mentioned a statement Fauci related back sometime in 1991 alluding that children living with their‚Ä¶ https://t.co/uaHCXH6g7t
Why Fox News lets Lara Logan call Dr. Fauci a Nazi ‚Äî and get away with it https://t.co/Bnn8ebhmZR
A) No sh*t     B) Who cares what fraud fauci says anymore? https://t.co/oEMFJpgmdf
Good for Dr. Fauci.  Sen. Johnson doesn't know what he's talking about without any proof https://t.co/OL6MyAjL2L
Who gave Dr.Fauci so much power over Americans? DETAILED ANALYSIS!!!!  This unlawful Mandate is now Blocked in all‚Ä¶ https://t.co/7UTtSk2AkQ
You are exactly right about that and Dr DEATH Fauci is the epitome of evil and is responsible for the death of mill‚Ä¶ https://t.co/gJYHqyKl8o
Fauci said the administration feels ‚Äúvery badly‚Äù about the impact caused by the travel restrictions imposed on Sout‚Ä¶ https://t.co/0s6F9MdfLS
Fauci has become more than a political hack. He is playing God. Trump should never have given that bureaucratic hac‚Ä¶ https://t.co/XE9jsLnvkU
"Dr. Anthony Fauci said ""early signs are a bit encouraging"" on disease severity with the new omicron coronavirus var‚Ä¶ https://t.co/duSHUoQ3sL"
@RobertKennedyJr You are spreading dangerous lies and killing people via propaganda.Shame on you and your defamation book about Dr. Fauci!
THE UNVAXXED ARE THE SAFEST AND WILL GET THROUGH COVID. FAUCI N BIDEN SHOULD BE IN PRISON!!!
Hey fauci how‚Äôs your fake vaccine doing?  How you gonna blame the unvaxxed for the cruise ship debacle?   Hey Ameri‚Ä¶ https://t.co/YF2FK46jze
@BryceDaniels58 @RepSwalwell That dang Dr Fauci!!! And he just keeps lying!!!
Dr. Fauci Isn‚Äôt Taking It Anymore As He Unloads On Sen. Ron Johnson https://t.co/HGpw4Lv80X via @politicususa
In a just world Fauci would be in jail for the rest of his life.
U.S. health officials said Sunday that while the omicron variant of the coronavirus is rapidly spreading throughout‚Ä¶ https://t.co/hcx6M72Vbk
@JVR926 Heck no it‚Äôs all about Control and a new Order. Fauci should be put in prison for mass murders.
"@mail_american Like with all infectious diseases, it is spread by those who don‚Äôt take basic health precautions to‚Ä¶ https://t.co/JSU9atKJn2"
@jcenters I hope he gets to play Fauci soon.
So now the question is are all these #Covid19 #pneumonia deaths really due to COVID or are they due to #Fauci &amp; his‚Ä¶ https://t.co/c0obgGPVvo
"Ok for all the ppl that still claim #ivermectin is a ""horse drug"" here are some things you need to read. Starting w‚Ä¶ https://t.co/1Tqu1BvXmh"
"""Fauci said every time a bell rings, a variant gets it's name."" https://t.co/pghaB5OZp6"
Fauci calls Ron Johnson's AIDS comment 'preposterous': 'I don't have any clue of what he's talking about'‚Ä¶ https://t.co/J685ccLB0u
"Oh my! üò≥ If this holds up like all of Fauci's other statements and predictions, this will be the worst of all the v‚Ä¶ https://t.co/AIh97N9Je2"
@LAWLESStheBad @WQuaffle Better yet Deck the Halls with Fauci‚Äôs balls!!!
"‚ÄúThus far, it does not look like there‚Äôs a great degree of severity to it,‚Äù Fauci said. ‚ÄúBut we have really got to‚Ä¶ https://t.co/NIBKh7do0B"
"@catturd2 I Trust Alec Baldwin pointing a gun at me on the set of ""Rust "" more than I do Fauci."
Fauci says early reports encouraging about omicron variant https://t.co/LjbUgeZDWj
"Health officials said while the omicron variant of the coronavirus is rapidly spreading throughout the country, ear‚Ä¶ https://t.co/ZIgyupwS5T"
Fauci says early reports encouraging about omicron variant https://t.co/4Ei2jv3N36 via @WSAV
"https://t.co/kTjaO7p8E7  Truth be known, Rand Paul is correct and Peter Daszak and Tony Fauci will face justice."
"I'm with Rand Paul on this. Fauci is ""a tin-plated overbearing tyrant with delusions of godhood"" To quote a line fr‚Ä¶ https://t.co/QFJ8DoTptl"
Fauci says early reports encouraging about omicron variant ‚¨á https://t.co/LNeErPPpjO
"‚ÄúThus far, it does not look like there‚Äôs a great degree of severity to it,‚Äù Fauci said. https://t.co/mbGdfbng9i"
U.S. health officials said Sunday early indications suggest that the omicron COVID-19 variant may be less dangerous‚Ä¶ https://t.co/09b5IBTNyV
Fauci says early reports encouraging about omicron variant https://t.co/HjfWZziHhp
"@MariMagforever @johncardillo Evil's a strong word, but Trump was well and truly played by Big Pharma.  When they c‚Ä¶ https://t.co/LwqA7VYHOM"
Fauci says early reports encouraging about omicron variant https://t.co/tsipJvFYYz
Fauci says early reports encouraging about omicron variant  https://t.co/0x5e8w3LBZ
Fauci says early reports encouraging about omicron variant https://t.co/JSYw5S9CQd
@B52Malmet Dr. Fauci is not a politician.  He has a real job to do - and he is doing is exceptionally well.
"This excellent video changed my mind.  I trust Fauci , biden and Gates now even more https://t.co/2ZQpZYMnCu"
I'd trust Herpes before I'd trust Fauci.... https://t.co/0M4ZY7Lbnn
Fauci to Sen. Ron Johnson: 'Preposterous' to Claim I'm Overhyping COVID  YOU lie about everything which aptly leads‚Ä¶ https://t.co/WhSpBB0qXa
"@peacelovinMimi @atrupar The fact that Dr. Fauci doesn‚Äôt just go ‚Äúf*ck it, you guys are on your own now‚Äù is astound‚Ä¶ https://t.co/TRzPBNW6HG"
"Fauci Blasts Ron Johnson for Accusing Him of Covid Fear-Mongering: 'How Do You Overhype' 780,000 Dead Americans?‚Ä¶ https://t.co/34XrKkPynN"
"When they make a movie about Fauci, he should be played by Christoff Waltz https://t.co/wxKiO8mtAN"
"Virus Coronvirus was developed in USA, Wuhan,By Obama &amp; Fauci.  Open SmartNews and read ""China‚Äôs communist party at‚Ä¶ https://t.co/2vDWsnLqvi"
Fauci is PURE EVIL!!!  Watch to the end. https://t.co/sJUJQ4OXPP
Fauci doesn't need to go to the border. https://t.co/DZw7GvJt3T
@atrupar Why didn't fauci go to the moon üéë
"Banner at Michigan business calls CDC, Fauci untrustworthy 'serpents'  https://t.co/m9KfsEv9Hh"
@Motivation724 Fauci got the AID virus all wrong so he has that going for him
"@laralogan Keep sticking it to them Lara! Mengele killed less than 15,000. Fauci has killed millions."
@mjgranger1 Sick of hearing about it. Fauci is on numerous videos across the internet speaking lies‚Ä¶ this is all ju‚Ä¶ https://t.co/K0737tc2r9
Rogan is not a fraud like fauci. Fauci will soon be in jail with all the others. I can hardly wait.üíØ‚ô•Ô∏èüá∫üá∏üçøüçøüçøüçø https://t.co/ibFICtEIpL
"@NiallGillies @BakosAttila6 So you meant ""I trust the Fauci""."
@JLiRD808 @rjarrettjr @DonaldJTrumpJr @joerogan Fauci makes most people look like an idiot. I do think that does hu‚Ä¶ https://t.co/obhGKxUL7Z
"@DonaldJTrumpJr Sorry, Donnie Jr but you wouldn't even be able to keep up in a conversation with Dr. Fauci...... https://t.co/E85bfKO8jI"
@TheM0dalice Holy crap! What happened to all their BS of follow the science? I guess it has to fit the narrative an‚Ä¶ https://t.co/znLHo9f11k
@ebottcher Why do you think they listened to fauci back then?
"Open SmartNews and read ""Dr. Anthony Fauci Says Hospitalizations Of Fully Vaccinated Rising"" here:‚Ä¶ https://t.co/vnnzQuPxRK"
"Mandates are government enforced ignorance, presided over by the Most High Minister of Approved Ignorance, Lord Fauci."
Covid is all about authoritarianism and tyranny. It isn‚Äôt about Fauci incompetence. This is all by design. We all s‚Ä¶ https://t.co/0361uBYnlK
There is no comparison. Fauci is WAY WORSE than Mengele. https://t.co/e4NqcARsfH
"Rand Paul on Fauci: Live Your Life, Ignore This Man ‚Äî ‚ÄòLet‚Äôs Hope He Can Be Gone as Soon as Possible‚Äô https://t.co/m5JI20hGA6"
@andrewkellyipu Yep.  They know already though (some do at least).  They won‚Äôt acknowledge it for a reason.  How ma‚Ä¶ https://t.co/8fUaYcf06k
@mochabelle1 I think the open letter is older.  I know I used an ‚Äúopen letter to Anthony Fauci‚Äù in another video.‚Ä¶ https://t.co/oXgmv1iH3G
I believe in Santa Claus‚Ä¶. More than I believe Biden won fair and got more votes than any other President. More tha‚Ä¶ https://t.co/vvnFmHOqlV
@Morvern_C_ I‚Äôm vaccinated and got a touch up but every 3 months- I think not. Some people will do whatever Fauci s‚Ä¶ https://t.co/E5RXSz6oVM
@DonaldJTrumpJr Dr Fauci also has hidden @enzolytics HIV cure for 20 years because he lost a court battle over the‚Ä¶ https://t.co/insEoTuJxJ
@HelenBurstin @meganranney @laralogan @thehowie @HolocaustMuseum @AuschwitzMuseum @MysteryPollster @drjessigold‚Ä¶ https://t.co/e7d9GpTjKW
But the doctor was super interested and she hates dr Fauci and wants him gone. Especially bc of what he did to dogs
Well just had a long talk about mAbs and enzolytics and doctor Fauci with the doctor hahahahaha
@DonaldJTrumpJr Fauci has saved lives. You and your daddy killed lives
@fuzzychimpcom @SpringSteps Fact check: 100% true. Never saw a mask during the 80's. Maybe fraud fauci did in his basement.
"Fauci killed Animals in a cruel way, killed orphans with his experiments, Started this virus with China, The averag‚Ä¶ https://t.co/hUEuq24LFU"
"Fauci Dons Funny Hat, Declares Himself To Be Pope Of Science https://t.co/91K6NEvsjo via @TheBabylonBee"
"Sure Signs You've Already Had COVID, Says Dr. Fauci https://t.co/q9EFxIlYe6"
"Watch: During Address Biden Says, ‚ÄòWho‚Äôs President? Fauci!‚Äô Then Things Really Went Off The Rails‚Ä¶ https://t.co/58xOx8Zhoi"
@cliftonaduncan @AnnCoulter Wasn‚Äôt Fauci... my typing or auto correct üòÅ????
Fauci Tells Cavuto He Doesn‚Äôt Know What to Do About Thousands of Illegal Migrants Who Entered US With Covid: ‚ÄòI Don‚Ä¶ https://t.co/BhDYetWscv
Rand Paul says Fauci deserves a five-year prison sentence https://t.co/mr9aH0hAIr
Disgusted And Furious Fauci Unloads On Fox And Lara Logan https://t.co/PAJ9njm4dT via @politicususa
"@SizweLo Fauci is pulling the strings, he even put his stooge here in South Africa"
"Fauci Accused Of Overseeing Experiments On Beagles AND Monkeys, WaPo Run... https://t.co/M00zW03IDG via @YouTube"
@cliftonaduncan @AnnCoulter What a lie..... never saw one mask anywhere during the AIDs rise..... but want Fauci hi‚Ä¶ https://t.co/NHlDU6V751
"@JulieHamm15 @NyxXeres @A412Paul @KatiePavlich I have no clue of the nonsense you said, but you can believe the bat‚Ä¶ https://t.co/TfinByEBM0"
Don‚Äôt worry Fauci is going to get what‚Äôs coming to him. The world is going to find out. https://t.co/HBU1BHEVfR
@RayAllenInMN Same is the banning of Countries who have a #Variant that hasnt killed ANY Americans and only gives‚Ä¶ https://t.co/HTqadbPpND
"Fauci Accused Of Overseeing Experiments On Beagles AND Monkeys, WaPo Run... https://t.co/AdO1ABtpQ9 via @YouTube"
"@KMJCIL As much B.S. the Gov, Fauci &amp; those other idiots in the news have put out about Covid which we all know are‚Ä¶ https://t.co/MdjuiuXiuK"
"Rand Paul Calls for JAILING of Fauci, Gives Sentence Recommendation - https://t.co/e5z2rfoMdU"
Fauci calls out Fox News for letting host compare him to Nazi doctor: 'Astounded' https://t.co/89sbASvmIf via @WSAV
Congrats @mazemoore for compiling Fauci's hypocrisies. May his videos continue to spread far and wide. https://t.co/R69VXCEKxP
@AlexandraLevi20 My cats have saved more lives than Fauci.
"@wake_pc @WhoIsDCcapital Trump? The Trojan Horse is Congress, libs,FBI, CIA, Fauci - those that come pretending the‚Ä¶ https://t.co/3gWEFjvaiY"
Fauci praising Australia for camps shows just how far he would want to go if he could. When the regime says nothing‚Ä¶ https://t.co/MdupBh8Fck
Fauci suppressed therapeutics to promote unproven vaccines.  People are still dying as a result.  He is evil and La‚Ä¶ https://t.co/4gSeINHjhn
@Peripheral74 Fauci backwards is I C U A F (I see you Anthony Fauci)
"2)  I encourage everyone to sign up for Kennedy's newsletter and to order his book ""The Real Anthony Fauci.""  Kenne‚Ä¶ https://t.co/SpvRj8ljYj"
"@thehill I'm not sure how she can compare the two. Megele killed less than 15,000. Fauci has killed millions worldwide."
@wjamesawill Fauci came to him and showed the report from that British guy that said 2 million plus in America woul‚Ä¶ https://t.co/pxbU82yBWE
Viral Moment: Biden Jokes That Dr. Fauci Is President https://t.co/lPEIn0Lj8Q    üëçüëç
"""Tony Fauci, you killed our friends!  This is where the murder ends!"" SPIN Magazine 1995 https://t.co/q3tNTQhs8F https://t.co/Dj924H3qGG"
"@Brett_Tuma @dannypgh @TheNatale @WilldO74 @dpakman ""There's been an accumulation of data showing the real world ef‚Ä¶ https://t.co/6gVvA61wZS"
How fauci abused and killed children.  *FAIR USE* Copyright Disclaimer under sections 107 of the Copyright Act 1976‚Ä¶ https://t.co/KXng9tSdsI
Fuck the NFL for suspending Antonio Brown. Fuck any organization (or government) that imposes vaccine mandates. Fuc‚Ä¶ https://t.co/B15aG3jZzU
The National Institute of Allergy and Infectious Diseases has spent 36 years infecting and killing monkeys to devel‚Ä¶ https://t.co/I0zh8rzhaL
"Bombshell: ""Secret Island Of Monkeys"" Run By Fauci To Conduct Cruel Animal Experiments That Enrich Big Pharma https://t.co/9UhaaEbis9"
Dr. Fauci was finally forced to admit the truth about COVID: https://t.co/qf8yv7kQQn
Anthony Fauci on Thursday blasted Fox News and said he was ‚Äúastounded‚Äù that the network did not discipline host Lar‚Ä¶ https://t.co/5LB264J0iL
@nathandickson been working with patients now over 20 years. I would never call someone an idiot if they refuse tre‚Ä¶ https://t.co/Sncr4I19sO
"@dannypgh @Brett_Tuma @TheNatale @WilldO74 @dpakman So you don't think the President, Head of the CDC and Fauci sho‚Ä¶ https://t.co/Cca79Gh3Mx"
@RonFilipkowski Dr Fauci needs to sue them for defamation. It‚Äôs the only way to stop them &amp; hold them accountable.‚Ä¶ https://t.co/tEG5hYDjkF
"Church of Vaccinology announces DR F's New title.  Bow your head, keep ears open and follow his every word.  LORD F‚Ä¶ https://t.co/vZovSzsBuV"
"@PoliticusSarah It's interesting that Fauci worked with at least five presidential administrations, with no trouble whatsoever, until trump."
Fauci calls out Fox News for letting host compare him to Nazi doctor: 'Astounded' https://t.co/vlR9UIXBJr
Biden jokes that Fauci is really the president and Americans don‚Äôt find it funny - https://t.co/B5I5LrhUTw
"Dr. Fauci Lashes Out at Fox News, Says He's 'Astounded' They Haven't Disciplined Lara Logan Over 'Slanderous' Menge‚Ä¶ https://t.co/RXo84c2x6o"
@Jim_Jordan Media and govt health agencies plus having Fauci out there daily telling us we are all gonna die if don‚Ä¶ https://t.co/3dcdsjPkuJ
"Neither, Obama had Fauci do the research in America, transferring to Wuhan, China.  Guilty of crimes against humani‚Ä¶ https://t.co/wr9qKRVrgY"
@CNN That‚Äôs a quick $440 million dollars that Big Pharma and Adolf Fauci‚Äôs NIH will split.
"@CarignanAbreu @glocync @arealpatriot123 @Daimun @acvero And WHO WAS HIS MEDICAL ADVISOR, JEN? Dr EFFING FAUCI! And‚Ä¶ https://t.co/toWF0v6S9f"
"Open SmartNews and read ""'Unconscionable': Anthony Fauci Hits Back At Lara Logan‚Äôs Mengele Comparison With Damning‚Ä¶ https://t.co/UUW3HwyCd3"
@hate_diet @Timcast Sure if we want to b the new Nazi Germany or any communist country. But n america we still have‚Ä¶ https://t.co/oIwWCCiTWf
The madness stops only when Fauci is stopped https://t.co/BlbGCFtNgU
Anthony Fauci Hits Back At Lara Logan‚Äôs Mengele Comparison With Damning Question For Fox #SmartNews  https://t.co/kLcf4QD6zg
"Dr. Fauci Lashes Out at Fox News, Says He‚Äôs ‚ÄòAstounded‚Äô They Haven‚Äôt Disciplined Lara Logan Over Mengele Remarks https://t.co/WQl6S2laCL"
@nypost Who would he call? #BillGates? #Fauci ?ü§° https://t.co/nosYu8DAPE
"Are you seeking to maximize profit by killing innocent children (especially black children)? If so, you should call‚Ä¶ https://t.co/Hg8o2mFhXL"
@TIME I would say Fauci or the front line workers what Little Nas X is doing up there still trying to figure out ev‚Ä¶ https://t.co/kudhqDBJFB
@SantiagoAuFund Any guesses as to the monster?  Fauci or Gates or is it more covert?
Fauci is an out of touch political hack who needed to be fired 20 years ago. He is 84 and has no business giving me‚Ä¶ https://t.co/llzTCKVBhV
"Any one paying attention wants Fauci prosecuted. Yet, Fauci is,and wasn't incharge,President Obama had him do the c‚Ä¶ https://t.co/BrK4f9F6gg"
"Hip boots won‚Äôt be enough to get Americans through the BS that Biden, Fauci and Garland are spouting."
WATCH: Biden Jokes That Fauci is the 'Real' President - Daily Patriot Report https://t.co/hN4fBkguax
Dr. Fauci Explains How Unvaccinated Republicans Allow COVID Variants To Flourish https://t.co/H1ME4Q22Jr via @politicususa
Fauci says the best way to protect children who can‚Äôt get vaccinated is to surround them with adults who are vaccin‚Ä¶ https://t.co/KmgwaEArNp
"Jokes? ü§î  #Biden jokes at NIH that #Fauci is president, unveils his new COVID plan https://t.co/dzmPbesaC7 via https://t.co/WKQhFkD0EC"
"""Who's president? #Fauci."" ~ #Brandon #Biden  üíØ üòÖ"
@LeadersMaster @NenzahOfDaNorth @RandPaul Fauci lied to Congress!! Your feelings about @RandPaul do not change this fact.
Politico should blame Fox News ‚Äî not Dr. Fauci ‚Äî for his reported refusal to go on the network https://t.co/e2fvR6J3t2
"But not if you enter illegally!!!!! Per Fauci, that's a different story!!!üò°üò°üò°üò°GET IT NOW PEOPLE!!!!! https://t.co/sYvG5eLlNA"
"In theory, if Lord fauci truly was focused on saving lives, you'd think he'd want to pontificate to the largest aud‚Ä¶ https://t.co/PTp5UdGx7R"
Just spoke to a lovely preschool administrator. she informed me she was being bullied over following CDC guidelines‚Ä¶ https://t.co/gibRGdB21C
"Rand Paul Demands Fauci Be Held Accountable For His COVID Lies That Have ""Cost People Lives"" - Says Fauci ""SHOULD G‚Ä¶ https://t.co/7YeAZS7dRb"
‚Å¶@yesisworld‚Å© ‚Å¶@coso39114284‚Å© Fauci also needs to answer the top question: https://t.co/UuR0SCCUs7
Fauci knows he is misrepresenting the origins https://t.co/2bAifQMXf0
I just can't with this dude. https://t.co/eH5QRLHlxR
Check out OfficialJoshuaGaddis's video! #TikTok https://t.co/zhtlqjNUT1 Welcome to Fauci‚Äôs world.
"How dare you tell @WhoopiGoldberg what she can do with her body ..... (ok, to kill &amp; sell the baby's parts-PP)  YET‚Ä¶ https://t.co/hGv1c4jEn7"
"""I do not recommend that you were a mask"".  Why?  ""The kind you buy at a drugstore is not really effective at keepi‚Ä¶ https://t.co/gJ5pJlajBC"
"Who is paying politicians, ( George Soros and Joe) to leave the border open? Coronvirus is way too keep population‚Ä¶ https://t.co/FsCWS6j8Sy"
They made a Documentary of Fauci??? Wtf? I seriously dislike hearing Greta talk and fake cry. I understand RBG.‚Ä¶ https://t.co/tPOXxauehk
"@JanetPageHill I'll wager Fauci could participate in a press conference with a Nazi armband on, tout the use of Aus‚Ä¶ https://t.co/Jp2FAZiD3u"
‚Å¶@taco_johnston‚Å© Remember the dogs‚Ä¶ Fuck Anthony Fauci: https://t.co/sNcPfnbqkV
#WearAMask #Fauci #COVID19 #Science   #COVIDIOTS #CovidIsNotOver #GetVaccinated   üì¢#CovidVaccine ùó©ùóÆùó∞ùó∞ùó∂ùóªùóÆùòÅùó∂ùóºùóªùòÄ ùóîùóøùó≤ üí™‚Ä¶ https://t.co/5mIQZrEfUB
Cruz: Fauci Thinks Masking Kids While Not Testing Illegal Immigrants Is ‚ÄòScience‚Äô https://t.co/cp6XITt46I
@SeriousFlake Did you see Brandon‚Äôs presser where he ‚Äújoked‚Äù about Fauci being president? Fauci needs to go away. Seriously.
@seanhannity WHY is Fauci not in jail? Did you here Brandon joke about Fauci being president? NOT funny.
"First of all, who gives a crap what Fauci says? He‚Äôs lied from day one. That piece of s**** should be in jail. We a‚Ä¶ https://t.co/EopAprU6oK"
@BonginoReport @dbongino @RandPaul The surprising part is how people are still listening to Fauci...ü§î
"There are so many basic parameters that obviously a lot of people don't grasp.  Fauci, Walensky, CDC/NIH ate doing‚Ä¶ https://t.co/39mpjbVe5Z"
Dr. Fauci and Jen Psaki Tag-Team a Presser That Devolves Into a Mind-Bending Disaster https://t.co/PuJXs4rJKr
"Really, it‚Äôs just good science. https://t.co/vCD3JiDDi2"
‚ÄúThe Real Anthony Fauci‚Äù is unbelievably informative. I just left a place I shall not speak of but I have the audio‚Ä¶ https://t.co/eQnS4mNsWC
@Topps Dr Fauci would be cool
"19 months ago I got into stocks bc of COVID trying to make some extra money. Download tiktok, became tiktok famous,‚Ä¶ https://t.co/LoKyRPkczv"
Although I had no doubt about this -- just hearing Fauci utter those words... #MindBlown  Preferential treatment fo‚Ä¶ https://t.co/CpXsw3JSeO
"Lets see, Josef Mengele killed thousands of people and Fauci killed thousands but lied and denied any involvement i‚Ä¶ https://t.co/RxSyiXyA01"
Fauci advises on holiday plans amid concerns of the omicron variant https://t.co/SffvgX51PP
@tedcruz Fauci is a world renowned scientist. He is a gift to our medical as well as hope for our nation. Senator C‚Ä¶ https://t.co/y0TYRFeXA3
"How many times have y‚Äôall heard in the last 20 years, ‚Äúthey have the HIV cure but won‚Äôt release it‚Äù. Yeah it was Cl‚Ä¶ https://t.co/xFnFdtIpgc"
@Colonial6033 @WTAE Fauci-doctor-Dartmouth. You-difficulty composing a sentence.
So nice to see someone with common sense on TV. Thank you @laralogan for speaking the truth. Fauci is responsible f‚Ä¶ https://t.co/CREhSkzZnn
The only thing unhinged is the Barfington Post's excuses to stick up for Fauci who couldn't find his butt with both‚Ä¶ https://t.co/TOXjkc1RWH
"Fuck Rand Paul, Don't Fuck With Dr. Fauci!  #ResignNow #RandPaul! #LeaveFauciAlone #DontCensorMe https://t.co/i85H9JRftE"
Fauci‚Äôs answer to Doocy about testing travelers but not illegals is outrageous - https://t.co/Tt8Vm72dw5
@nypost Fauci 2032 from wheel chair: we need a morning booster and an afternoon booster.
"People in South Carolina have been living without any restrictions for nearly 2 years, as has most of the south. If‚Ä¶ https://t.co/Nj2g4N7BqW"
@CecilJo19672986 I don't know if Fauci is Mengele; he strikes me more as Leonardo Conti.
"@kylegriffin1 @playbookdc Good, what‚Äôs the point? Fauci gets DEATH THREATS because of the Fox News‚Äô most popular pr‚Ä¶ https://t.co/ghloDzqjSL"
"@wyffnews4 Yes please change your plans. If Fauci and the entire media would just walk off the job, go home and bar‚Ä¶ https://t.co/xSlUm4uemj"
Fauci insists travel bans and restrictions will only be TEMPORARY - but can't answer why flights were stopped from‚Ä¶ https://t.co/tTeCVIewUa
Dr Fauci warns Americans might have to receive COVID vaccine booster EVERY YEAR - but says it's still safe to trave‚Ä¶ https://t.co/dQnIycdzeE
Fauci and Gates right now. https://t.co/gTR7GgRkLF https://t.co/r2P3woqfTC
Anthony Fauci is not Joseph Mengele. He is far worse. ARREST HIM NOW!!!
@hartfelt00 Even fauci himself said it does not stop spreading or catching. Duh
"Anthony Fauci is guilty of mass murder, animal cruelty, espionage, and lying to Congress. ARREST HIM DAMN IT!!!!! https://t.co/MsDZJrwWzr"
@leslibless It‚Äôs absolutely sick and twisted to compare Dr.  Fauci to Mengele.  Shameful.  She‚Äôs minimizing the act‚Ä¶ https://t.co/jfzLfmOT5L
fauci documentary is incredible. what he has done for AIDs is incredible.
"On World AIDS Day, no less. https://t.co/MKrtZa6NAC via @HuffPostPol  AIDS has killed over 700,000 people in the U.‚Ä¶ https://t.co/VbzGtD1ALN"
"Jimmy Kimmel explained exactly why he's done with right-wing ""screwballs"" attacking Anthony Fauci. https://t.co/uLUqWTz5a6 via @HuffPostEnt"
@TylerTracy10 And if this is a pandemic that Biden/Fauci care about stopping the spread....  It's pretty clear they‚Ä¶ https://t.co/EKaVEy8zaM
"@TylerTracy10 Then again, why are we asking Fauci immigration questions?  Isn't that the President and VP's job?"
Boosters are Suicide. Fuck Fauci!
"@FreeBeacon America didn‚Äôt you know that illegals crossing the border do not have  health issues, please remember t‚Ä¶ https://t.co/wWCEk10KLg"
Don't ask #fauci to assist in this ....... He already killed many in those efforts https://t.co/tNh4qrNyul
@jimmykimmel Thank you for speaking up for Dr. Fauci so eloquently. I wish others would do the same.
Nothing like @drsanjaygupta asking Dr. Fauci about policy. Seriously @CNN do better.
"Fittingly, Fauci teams with Obama in ‚Äòsurprise‚Äô visit to DC school to urge children to get the jab - https://t.co/e9ul3nA3Q7"
"The Deadly Reason Fox News' Talking Heads are Calling Fauci ""Doctor Mengele"" Chillingüò± https://t.co/LBpFhxVS0i"
"‚ÄúDr. Fauci has probably done more good for the world than all of us in this room combined,‚Äù Kimmel said. ‚ÄúBut that‚Ä¶ https://t.co/QraQx3VISr"
Biden and Fauci give different answers about possible lockdowns amid omicron variant fears https://t.co/8q6bgzHquD
"Dr. Fauci isn‚Äôt interested in testing illegal entrants to the U.S. for Covid, just airline passengers arriving here‚Ä¶ https://t.co/yc3e7kEmS1"
Fauci 2024. TRUST THE SCIENCE
Then the mad scientist Fauci is scalping the aborted fetuses and attaching them to mice?? What the Hell is that all about?
Unbelievable - more cats are being called Elon and Dogs Doge than naming a pet Fauci lol - Fauci? For what? Lying c‚Ä¶ https://t.co/N1lHhEOP8n
@RepNancyMace He didn‚Äôt have anything to do with that study with beagles. Stop pumping it up.  But did NIAID fund o‚Ä¶ https://t.co/RshR3k3wGq
GOP anger with Fauci rises https://t.co/DV8LaAEdXz via @WSAV
"@Ellie01241 @mswizzle26 @Garbest @BrianJamesESQ Yes he was a wizard. Yes PCR is technological genius. No, it wasn‚Äôt‚Ä¶ https://t.co/VwnWaqm4wa"
@D12996361 @kylenabecker @hockeydonny If we only had more doctors and nurses.  Oh wait that‚Äôs right we fired them f‚Ä¶ https://t.co/RLStRwKFiB
What Is the Truth Concerning Any Long Term Complications With These Covid Vaccines? Is Fauci Being Transparent?‚Ä¶ https://t.co/OUX2NyvqXV
@JSamples1987 @mbstra @FrankT2jr @LorenzoTheCat Git all yer Fauci on fox did ya?
"First Omicron variant of COVID-19 detected in America, Dr. Anthony Fauci announced."
@NicolleDWallace Dr. Fauci said so many times get your booster. And for those unvaccinated GET VACCINATED and shame‚Ä¶ https://t.co/tY4pRfdRo8
Anthony Fauci: Testing Border Crossers for Coronavirus ‚ÄòDifferent Issue‚Äô than Testing International Travelers https://t.co/fL8gLSP32i
üò°üò°üò°üò° Fauci is a puke lying ahole!!!! Trump should have fired him long ago!!!! Why didn't he???? https://t.co/lq4p8RBAsv
"@LoveWins23Again @SenatorTimScott This was very early on in the AIDS crisis, Fauci was a leader in the study of AID‚Ä¶ https://t.co/uL6V3E4MPK"
Anthony Fauci: I Am the Science https://t.co/IIDxUeJiVR
Still waiting on a response from Dr. Fauci on our letter addressing the gruesome and cruel torture and killing of Beagle puppies.
"The deeper I dig into taxpayer funded animal testing, the more horrific it gets. 600 monkeys are captured every yea‚Ä¶ https://t.co/YjYzca1jyR"
"@JSamples1987 @mbstra @FrankT2jr @LorenzoTheCat Fauci isn't indecisive,  he is honest, and giving accurate informat‚Ä¶ https://t.co/rh28dR0TlH"
"#StockMarket isn't tanking because of a variant. It's tanking because of Brandon's and King Fauci's overreaction, a‚Ä¶ https://t.co/gE0oXRSpKL"
@briangerard13 @PhilipWegmann @NoahCRothman You people are just saying get vaccinated without understanding what yo‚Ä¶ https://t.co/I778Xjc4d4
How can anyone still take what that criminal Fauci says seriously? #Fauci #FauciLiedMillionsDied
@gamecocksSecE They can‚Äôt. And they haven‚Äôt. This is all a control deal. And they have been very successful.  There‚Ä¶ https://t.co/NOAT2E4KCQ
@Conserberal @LeonardSkywalk2 @MetalWookiee @GodlessLiz How am I ‚Äòscience-denier‚Äô ? Because I have the critical-thi‚Ä¶ https://t.co/2W8rO1nUaM
@UmangBasuthkar @GodlessLiz @terry2070 When you guys say ‚ÄúTrust the science‚Äù or ‚ÄúI believe in science‚Äù at that poin‚Ä¶ https://t.co/LlssmuLJPR
If Fauci would stop being dumb that would be even better. https://t.co/cBnIsYLgsx
"#America 2022, if we don't take back our country from this medical tyranny!   #Biowarfare is real!   #Fauci‚Ä¶ https://t.co/ICf3xN1moM"
CLOWN WORLD: Fauci Calls for Testing of All People Coming into the Country -- Except Illegal Border Crossers‚Ä¶ https://t.co/wufTZm0QTx
A person in California who had been vaccinated against COVID-19 became the first in the U.S. to have an identified‚Ä¶ https://t.co/XX8CNk6Ce7
@mikepompeo boycott Fauci and Joe Biden!
"News Anchor Equates Fauci To SS Officer, The Angel of Death - Sons of Liberty LIVE at 5 minutes past the top of the‚Ä¶ https://t.co/DaOboucaF9"
U.S. officials confirm the first case of the #Omicron variant in California.  The infected individual traveled back‚Ä¶ https://t.co/Ft1fIK61yO
Dr. Anthony Fauci said that the first person in the U.S. to have the omicron variant was a traveler who returned fr‚Ä¶ https://t.co/fd7i3qMv5K
Dr. Anthony Fauci told reporters that the person was a traveler who returned from South Africa on Nov. 22 and teste‚Ä¶ https://t.co/lbrGx8smfC
Omicron is here. Get vaccinated. Get boosted. Stay vigilant with masking where applicable.   I do feel some optimis‚Ä¶ https://t.co/1kXF1GQiCs
"@roughtradeX @CNN Meanwhile, Tom Cotton was on Fox scoffing at Fauci. I never heard Cotton complain about Scott Atl‚Ä¶ https://t.co/6Q0ZshlUMN"
@redsteeze Fauci is going to give republicans Veto proof majorities at this rate.
"@MariaBartiromo @MorningsMaria @FoxBusiness @FoxNews Hey Maria, please look at @enzolytics they use fully human mon‚Ä¶ https://t.co/VsvrpOkqHs"
"In other words, LeBron and Fauci agree the vaccinations are useless in preventing spread of Covid-19 and the varian‚Ä¶ https://t.co/RxuERkqu81"
"Standing by for Fauci's reference to and mention of, natural immunity. #COVID19 #OmicronVarient #Omicron"
@laurenboebert @RepGosar @NancyMace @RepNancyMace are all responsible creating a threatening environment for‚Ä¶ https://t.co/kdUfo9e0j8
"Dr. Fauci confirms first case of Omicron COVID-19 variant has been detected in the US, specifically in California. @WCBD"
"How many signs do you need, @POTUS ? The next will be the signs above the entrances of the ACTUAL CAMPS! Noone, who‚Ä¶ https://t.co/tyhGAon9cW"
"Dr. Fauci Killed, Tortured, Poor Minority Orphans in the 1980s https://t.co/liP5cFAjlk"
@nft_stealer @speculatore Likely Brandon or Fauci.
EXCLUSIVE: Forgotten Monument to Dead Orphans from Fauci's Torturous and Deadly AIDS Testing Is Located in New York‚Ä¶ https://t.co/6BPOlXCkVj
"Anthony Fauci Doesn‚Äôt Represent Science, He Represents Nazi Dr. Mengele [VIDEO] https://t.co/ZQ2WLgA9rw"
@HowardKurtz @AmericaNewsroom maybe if he compares Anthony Fauci to Joseph Mengele he can find a new home at Fox News.
Another young death of an athlete  We know what the v*x does to the heart &amp; other organs   #Fauci #Omicron #WHO #UN‚Ä¶ https://t.co/8MzkXdK8Nn
COVID was the worst thing that happened to Dr. Fauci. It‚Äôs going to be the end of his job. Nobody paid attention to‚Ä¶ https://t.co/riGXR7x1ba
"Thank you Jimmy! When these 'Eejits' run out of anything intelligent to say they attack people of strength, science‚Ä¶ https://t.co/PPVhR5OCHW"
"@50fabdam @henrymcmaster Fauci already said we won't get out of it regardless. He said we're going to have to live with it, so there you go."
üí•Forgotten Monument to Dead Orphans from Fauci‚Äôs Torturous and Deadly AIDS Testing Located in New York State  üí•Not‚Ä¶ https://t.co/g7AYMo8KdC
@HatredIsLazy I would pay big money to attend a debate between Robert Kennedy and Alan Dershowitz on Anthony Fauci.‚Ä¶ https://t.co/l5VtChVcrZ
#covid19 Dr Fauci did not ‚Äòadmit‚Äô Covid-19 vaccines aren‚Äôt working https://t.co/R7GrpU8I1j via @FullFact
Barack Obama and Dr. Fauci 'Surprise' Children at DC Elementary School to Encourage Kids to Get Vaxxed (VIDEO)‚Ä¶ https://t.co/fGmhlomQud
@greta I doubt it.. not enough for people like @laralogan &amp; company to be educated enough not to invoke the heinous‚Ä¶ https://t.co/VqAoCO5HV0
@TienJoris @CNNPolitics Read up on viruses and explain to me how effective they are. Also look at corrolation of Co‚Ä¶ https://t.co/PdqF2a8HSM
"Denmark is reintroducing restrictions, including vax mandates. As is Russia. However, in both cases they are allowi‚Ä¶ https://t.co/k3tzBkD661"
Fauci has cried wolf one too many times.
Mini-Mengele: Fauci Declares ‚ÄúI AM SCIENCE!‚Äù https://t.co/NqS8h4GW5I via @pamelageller
@helioschild777 @hun_trader @EricMMatheny Another fool who doesn't know what gain of function means or thinks Fauci‚Ä¶ https://t.co/8HJ57Yc8PG
The name Fauci is synonymous with https://t.co/5ju3Ox8Npz https://t.co/oGPw7Mhbxu
People have been dying from illness since time began. We Americans have learned to wash our hands and not touch our‚Ä¶ https://t.co/RflcC4fHbj
#DrugCompanies #Fauci plan https://t.co/xJnHWgYuTM
so let me get this straight... China destroyed evidence of dead animals from a wet market an hour away from the cor‚Ä¶ https://t.co/7SKg4Ql9Zb
@ImSpeaking13 @jimmykimmel monologue goes all in on GOP and Fox and defends  Dr. Anthony Fauci.  Thank you Jimmy for standing up.
@Jentezen @DaystarMarcus @Daystar Lol he should've listened to fauci than voices of his head he gets from getting high out of his farts
Fauci spends millions on ‚Äúexcruciating‚Äù experiments with rhesus monkeys. ]üëâüèª    White Coat Sadist at Work https://t.co/5rrNVNgJbA
"Despite much competition, Logan wins the most disgusting, hateful, absurd statement on Fox.  https://t.co/P0HWi50VYr"
@chillywillers @dogscantwhistle I thought Fauci was a cuss word.
Dr. Fauci unleashes on lying Ted Cruz. Hilarious https://t.co/68fTq4wiC2
Please note that CDC guidelines will be enforced and masks are also required! We hope to see you all there!
The latest strain of Covid-19 might already be in the U.S. https://t.co/1rvfLODYod
"SHOCKING: RFK Jr. Claims Fauci Killed, Tortured, Poor Minority Orphans in 1980s https://t.co/slIHdfCHNC via @gatewaypundit"
@RaheemKassam What does Dr. Fauci-Stein has to say about this.
Lara Logan: Fox News host condemned over Fauci Nazi doctor comments https://t.co/Nu2x3uZ0bU
Saying this little Troll has a Narcissistic Personality Disorder would be being kind. He's more dangerous than that‚Ä¶ https://t.co/kQLyEKEdbE
Pathetic  https://t.co/V4r0V9WUA1
@ZubyMusic Someone needs to tell Fauci...üö®üöîüë©‚Äç‚öñÔ∏èüëã https://t.co/lUXWzZKvLx
"@BretWeinstein @RWMaloneMD Fauci is a vaccine fanatic as his benefactor, Bill Gates. Fauci destroyed the lives of t‚Ä¶ https://t.co/Y3iTCzE7FL"
"Cheer up!  The tools, remedies are here!  Pres. Biden, Dr. Fauci &amp; Dr. Walensky, other health gurus are right.   Th‚Ä¶ https://t.co/JjxkeDHc8D"
"Uncovered 2019 Video: Fauci &amp; HHS Conspire To Unleash ""Virus"" On The People https://t.co/XzoL567Msj"
@FoxNews @SenRandPaul give it a rest. You‚Äôre boxing by your self. Stay in your ophthalmologist lane. Dr. Fauci is n‚Ä¶ https://t.co/4NoHkRJoVt
@JGreenblattADL I think it‚Äôs time for Dr. Fauci to start suing for defamation. That kind of talk is untrue and a ba‚Ä¶ https://t.co/MRSjbKf5zs
Rand Paul and Ted Cruz Respond to Dr. Anthony Fauci's Claims of Political Persecution by Republicans https://t.co/ewSCXe4oEv
I am sooooo tired of Anthony Fauci blathering on every news show about something he obviously knows nothing about.  Fire him!
"SHOCKING: RFK Jr. Claims Fauci Killed, Tortured, Poor Minority Orphans in 1980s  üôèüá∫üá∏üôè   https://t.co/vLG3uPaYxN"
'People all across the world are saying this': Fox Nation host Lara Logan compares Dr. Fauci to Josef Mengele - the‚Ä¶ https://t.co/rM1BrzlDsm
@SteveSchmidtSES @laralogan @rupertmurdoch @FoxNews In Denmark we think that Dr. Fauci is a shining star and saving‚Ä¶ https://t.co/WJT1Zoo4Ys
No panic say Dr. Fauci https://t.co/bLo1vHL54r
Fun fact: Covid is not either of those types of vaccines. To suggest that it is either of those types is a lie. But‚Ä¶ https://t.co/qUu6DYQHMl
@dbongino just called Fauci a lawn gnome and I can‚Äôt quit laughing üòÇ
"""The Wrong Attitude That Will Backfire On The American People""  Blaming Biden For  Pandemic, Price Of Gas, Food, Ec‚Ä¶ https://t.co/K9wkJ8i3D9"
I want to grow up to be science like Anthony Fauci
@CryptoAmerica1 @amyozzy @TJSeraphim @Jim_Jordan Lol. Does fauci or the American govt run the lab? Nope. Fauci never lied
"In a sane world, a journalist spouting such ignorant slander on network TV would be fired and even blackballed.‚Ä¶ https://t.co/flQQtFwhBZ"
@oliverdarcy Dr. Fauci and others in his circle are helping to FORCE a  VAXX that is not out of the trial stage. Re‚Ä¶ https://t.co/9WE6Ue8z1l
"Russian Roulette CAN kill you, but not playing Russian Roulette CAN kill you. Which option is safer? ""Some believe""‚Ä¶ https://t.co/45TmsmvsrQ"
@Ahava_Makuta @GarciaVegaMan Absolutely and you have clearly stated the situation so accurately.   The #Seditious R‚Ä¶ https://t.co/awihlKh5r5
"üëèùêÉùê´. ùêÖùêöùêÆùêúùê¢ ùêÖùê¢ùê´ùêûùê¨ ùêõùêöùêúùê§ ùêöùê≠ #Seditious ùêíùêûùêß. ùêÇùê´ùêÆùê≥  ùêñùê°ùêöùê≠ ùê°ùêöùê©ùê©ùêûùêßùêûùêù ùê®ùêß ùêâùêöùêßùêÆùêöùê´ùê≤ ùüî, ùê¨ùêûùêßùêöùê≠ùê®ùê´‚ùì  https://t.co/HQOBGQDBuk @GarciaVegaMan"
"@CNN If Fauci refuses to give Congress a straight answer, I doubt the truth will be found in response to a Tweet. F‚Ä¶ https://t.co/3npmVH20LU"
I wonder what would have happened to Dr. Fauci if he had shared his delusion of grandeur while Trump was still in o‚Ä¶ https://t.co/PIWMQmgNgc
FNC‚Äôs Carlson: ‚ÄòTony Fauci Has Morphed into an Even Shorter Version of Benito Mussolini‚Äô https://t.co/WuCFtWeMNC
@justmestac @mochiville @RepNancyMace @NancyMace Poor Nanc realizes she was caught straddling #covid fence again so‚Ä¶ https://t.co/MNd93bCcGX
"Paul, Cotton, and Cruz Go to Town on Fauci's Egomania https://t.co/5WQHH5Dyf7"
"Mr Billy Gates, Fauci, the media are beginning to recognise the ‚Äòsizable minority‚Äô of corona sceptics. This is very‚Ä¶ https://t.co/RDCuZauZu8"
"@kylegriffin1 Dr. Fauci is correct, when are the 1/6 anarchists going to be punished for the severity of their crim‚Ä¶ https://t.co/CBbWrPpjA0"
