"@OfficialFJBCoin the hospitals lied to get the fed money for each case, then the MSM to make it appear worse, then‚Ä¶ https://t.co/67XdNLUA9N"
@FoxNewsSunday @MeetThePress @FaceTheNation @CNNSotu Any of you all attempted to get @paraga on?  Might be a good c‚Ä¶ https://t.co/VvrqrQKB0e
Anthony Fauci and the Creation of the Bio-Security State ... üëáüëá https://t.co/A3lHephaKQ  https://t.co/s7j4DiOOgs
"Speaking in an interview with CNN's Kate Bolduan, Dr. Anthony Fauci agreed it's only a matter of time before the de‚Ä¶ https://t.co/s3YK20jzko"
@Hagstrom_Anders Even the reasonable democrats have turned from Biden &amp; Fauci
@Petor706 @nocontextcfb Still more humane than what Fauci did to beagles
"@walsh0313 @stoneboxdirk @WSMV Hey, Fauci said it first! üëçüèº"
Adolf BIDEN and Joseph FAUCI ARE today's HITLER and MENGELE!!! https://t.co/R7vLeYVL0M
This interview is one of his most infuriating.  Fauci has no respect for individual autonomy.   I say he's in it fo‚Ä¶ https://t.co/azodXSoqIZ
@TheRealHEELJODY @LegendaryEnergy @JoeBiden I‚Äôm 90% sure that has trump been re-elected‚Ä¶ Fauci would have been fired within the first month
"@TheRealHEELJODY @LegendaryEnergy @JoeBiden We don‚Äôt know what goes on in those rooms, but rumors have it that trum‚Ä¶ https://t.co/xwFsRCR3JH"
@stoneboxdirk @WSMV Are you kidding? The purpose of the shot is supposed to be to lessen your sickness not prevent‚Ä¶ https://t.co/9GKmFbrVWZ
Fauci on How This Ends #scienceVs  https://t.co/GhP1dhizUu via @PodcastAddict
@TwitterSupport Remember how you banned me for saying this a week ago? Moderna and Fauci are fighting over ownershi‚Ä¶ https://t.co/D61IuEsZpA
@trgreatorex11 @LegendaryEnergy @JoeBiden Trump never fired Fauci . Now think about that.
@JayinWashington Fauci all so said if a person with AIDS touched a  door knob and you touched that door knob you wo‚Ä¶ https://t.co/8KBn9EbPJ1
Fauci‚Äî‚Äîyou are not going to tell me what to do!!!!
"@TheTweetOfGod Fauci ,Say My name you know Who I am, To Hot!!!  aka Bruno mars"
@JasonZacharyTN It seems reasonable in order to keep compromised family members safe. You‚Äôve gone against Fauci fro‚Ä¶ https://t.co/lbGmbrLsgD
@Breaking911 Major W.  We need everyone to get their 3 doses so we can start to get back to normal.  Thank you Fauci and Biden
@ggreenwald   I‚Äôm a huge dog lover like you and say Dr.Fauci needs to go not only for supporting Gain of Function R‚Ä¶ https://t.co/Rkbo7WI9fh
A Meeting of Fauci Anonymous https://t.co/HN9X9BRHx8
PEOPLE STILL LISTEN TO FAUCI? https://t.co/PuAI9KrPyH
POLL: Dr. Fauci says it's a different issue to require COVID tests for flights into the U.S. but not those crossing‚Ä¶ https://t.co/CAvWrhgB8a
"If Fauci will lie under oath, imagine what the megalomaniac has done for clout. In the 80‚Äôs he said someone with AI‚Ä¶ https://t.co/SgkDSplsjm"
"REDEFINING 'FULLY VACCINATED:'  Dr. Anthony Fauci agreed it's only a matter of time before the definition of ""fully‚Ä¶ https://t.co/OSjzFTRqe8"
@Breaking911 Thank you Dr Fauci for being an American hero and thank you President Biden for Operation Warpspeed
"@RWMaloneMD old fart is realy like old fart, keep farting fauci maybe you die by your fart https://t.co/CSfdF5MWcm"
"""I don't see that changing tomorrow or next week, but certainly if you want to talk about optimal protection is...‚Ä¶ https://t.co/2nxymR5Ler"
"Fauci Tells CNN It‚Äôs ‚ÄòA Matter Of When, Not If‚Äô Definition Of ‚ÄòFully Vaccinated‚Äô Changes https://t.co/hZq1mcYoS3 https://t.co/0dTxzYL4Lz"
I still remember that ballgame Fauci...  Why is it that all the people up top who keep on telling us plebs down bel‚Ä¶ https://t.co/Rz6QjlEaOB
Dr. Fauci believes the definition of 'fully vaccinated' will change to include boosters https://t.co/6HNY0IsRWx
"I want to mention that when guidance changes, it‚Äôs not because the scientists were all wrong - it‚Äôs because the vir‚Ä¶ https://t.co/BNyRgPoVH6"
Fauci: Sometimes ‚ÄòWe Have To Put Communal Responsibility Ahead Of Individual Preferences‚Äô And Mandate Vaccines‚Ä¶ https://t.co/Uu5hPla3zI
@townhallcom Dr. Freddy Fauci chirps again‚Ä¶ https://t.co/f9VEdUksWV
@KwikWarren They want president Biden to fail at beating Covid so  science and Dr. Fauci are in the way also.
Commentary: Anthony Fauci and the Creation of the Bio-Security State https://t.co/1AWAkNrssH
It‚Äôs now a cold for most people and still at over 99% survival rate. Lil‚ÄôFauci needs to STFU https://t.co/F8frkILL9C
"Fauci wants his house guests to show him their papers. I didn't know the name ""Fauci"" had Germanic roots. https://t.co/mCDKpL1SEA"
"There are more people than ever seeking boosters as the Omicron variant spreads across the U.S. Right now, experts‚Ä¶ https://t.co/Rr6V4pVeRj"
@DevoutDriller @tilford_hm these lunatics would die for fauci
"@tomselliott ""I doubt that the government will be the main mover of a vaccine passport concept."" - Anthony Fauci (""The Science""), April 2021"
Fauci's agency funded China's bat coronavirus research for years: Judicial Watch report https://t.co/w4H3a0l0bT via @JustTheNews
"If given the opportunity to sit down with Dr. Anthony Fauci, @Dougsbriefcase says, he would ask him ‚Äúto apologize f‚Ä¶ https://t.co/U2jvAC3uk7"
"Can we now say, with a certain degree of certainty, that Fauci and the CDC have created, with Gain Of Function reseach, Covid-19? #FauciLied"
@woods_kathy @RobertKennedyJr It‚Äôs all making sense now. Thank you Mr. Kennedy for speaking out!!! I really hope mo‚Ä¶ https://t.co/xIlvxXz2T1
"If we are trying to figure out if the current vaccines will work, why are we recommending everyone get a booster fi‚Ä¶ https://t.co/rLLmRH9Qwt"
I believe the opposite.  Exclusive‚ÄîMark Meadows: Firing Fauci Right Before Nov. 3rd Election Would Send Message We‚Äô‚Ä¶ https://t.co/xAuY4JzEB9
I have been vaccinated and boosted. But you can see why people are leery of the narrative. We need Fauci to bow out‚Ä¶ https://t.co/Fro2aVNRFP
Good morning. This is your daily reminder that Fauci tortured puppies and funded reckless gain of function research‚Ä¶ https://t.co/p6VhARXbU6
"@jenneraub They don‚Äôt want normal. They are a nobody in normal, this goes all the way up to Fauci. With covid, they‚Ä¶ https://t.co/SDdUKJllNt"
@plwin49 @ifihadastick @BrettKelman @CDCDirector The issue then is the ease with which he lied ‚Ä¶ rather than asking‚Ä¶ https://t.co/zvB9yZQsvT
The MD in South Africa who discovered omicron said weeks ago that it spread fast but it wasn't as bad as the delta‚Ä¶ https://t.co/GAjE7h1sD6
When @PatUnleashed did the scene from the meme George Bailey should have said ‚Äúthat‚Äôs right at a boy Fauci way to go‚Äù
"The default solution for big government types like Biden and Fauci is always more rules, more regulation and less o‚Ä¶ https://t.co/0v4uIY2J27"
Robert F Kennedy's Bombshells Explode In Face Of Fauci &amp; CIA (Video) ¬ª Sons of Liberty Media https://t.co/RWIwfjVRnQ
Irony. Nugent has no problem slandering Dr Fauci and President Obama. https://t.co/eHp2dgoPcJ
Seriously?  https://t.co/iOZoObKczj
Birthing Person Withholds Christmas Gifts Until Son Gets Fauci Jab https://t.co/aZ8pbLeVfN via @YouTube
"@oliverdarcy That kills them, well that walking into the ovens are the gas Chambers,drFauci is killing people with‚Ä¶ https://t.co/XPeiiwvLjU"
"@oliverdarcy My dad was a WWII veteran, she is exactly right he served in Germany and help empty the concentration‚Ä¶ https://t.co/wQpVpMNxKW"
@DeaceProducer #BuySellHold Steve will invited on @billmaher show to talk about Fauci and Covidstan before he‚Äôs invited to speak at CPAC
Write this down - we are not far off from democrats turning on #Fauci and realizing that republicans were right this entire time.
Fauci is a Nazi. Read a history book about Hitler and his s.s. idiots and blood thirsty so called doctors üëø‚ò†Ô∏èüëøüí©ü¶çü§™üòúüòµ‚Ä¶ https://t.co/4xQZyOncZA
Fauci needs to be arrested he is a Nazi. Read your history books about mengelü§Æüê∑üòµüòúü§™ü§¨ü¶çüí©üò† https://t.co/pi4XLj4ThX https://t.co/Pa3JPp05Zi
@rottenbanana101 @RobManess I tried to correct the @Wikapedia__ article but it states it is locked and I don‚Äôt have‚Ä¶ https://t.co/mSC4u8pBhp
@mattyglesias RBG belongs to the group of people whose sudden rise in popularity was purely an artifact of anti-con‚Ä¶ https://t.co/qJy0PH6wNU
"That should have been the strategy from the outset. That is, in fact, what the Pandemic Playbook said to do bf Dr F‚Ä¶ https://t.co/rDibeV1ubt"
@BigOneNoOnions Not if it‚Äôs Dr. Fauci.
We encourage our volunteers to practice safe health and follow CDC guidelines. For a complete list of #volunteer op‚Ä¶ https://t.co/OIevTURCJP
Dr. Fauci Says Omicron ‚ÄòAlmost Certainly‚Äô Less Severe Than Delta Variant https://t.co/jBNqFbK5lN via @dailycaller
@Smcapp @hawley5150 @JackPDog @julesmcgowan01 @olelady6 @trishsroses The esteemed Dr Fauci hasn't mentioned any of‚Ä¶ https://t.co/2XpEtaNLMK
"@TurkReno @GovernorKayIvey so fauci, cdc, who, just to name a few willingly admit the shot does not prevent the spr‚Ä¶ https://t.co/Tx5KMUC1rg"
The complete avoidance of natural immunity by the likes of Fauci and his comrades shows it‚Äôs not about science. It‚Äô‚Ä¶ https://t.co/U0YLmkwVdn
"Dr. Fauci, What Happened to ""Do No Harm""? #MichaelDelGiorno #DrFauci #Oathbreaker #DavidZanotti https://t.co/sxHrluCKZ6"
@hawley5150 @SueWagnerWhite @Smcapp @JackPDog @julesmcgowan01 @olelady6 @trishsroses Apples/oranges?? I could list‚Ä¶ https://t.co/D2P8mD0Ynk
"Omicron 'Almost Certainly' Not More Severe than Delta, Fauci Says #Health https://t.co/YXtnZTuVFf"
"@TowingMikes During the HIV ""pandemic"" DR(?) Fauci promised a vacine.  Ronnie and Nancy lived in WH."
"@1Pammsy And someone should dress better.  We need a commission to look into Fauci, Gates ... their role in GOF and‚Ä¶ https://t.co/q3HAG3yrTT"
Dr. Fauci did not give us Covid it was given to us by the Chinese https://t.co/aKJ9aSrk8E
@pewpewonepew It sure sounded like it!! Fauci be praised!! Oh I mean Saint Fauci!!
Fox News Suspends Lara Logan After Dr. Fauci Complains She Criticized Him. She‚Äôs not wrong. https://t.co/WicLQnoxHv
The important thing to keep in mind when navigating the crazy crypto/NFT markets is that Fauci tortured puppies and‚Ä¶ https://t.co/JCve8WUiu7
How Do You Overhype That?‚Äô: Fauci Objects To Ron Johnson Claim That He Wants To Keep People Scared Of COVID‚Ä¶ https://t.co/MHmyEfQ1Mu
"Dr. Anthony Fauci, is the chief medical adviser to President Joe Biden I thought that was the job of the Surgeon General"
"Dr. ""I Am Science"" Fauci Has All The Answers On CONvid-1984 Containment Until It Involves Illegal Alien Invaders At‚Ä¶ https://t.co/Ud0nvJWNRk"
Fauci's Dead Babies &amp; Mass Graves From The Past (Video) ¬ª Sons of Liberty Media https://t.co/u3VAEnredu
"Anthony Fauci, Bill Gates, Joe Biden, Xi Jinping, Boris Johnson, Angela Merkel, the World Health Organization, the‚Ä¶ https://t.co/gifYzCpTsm"
@SarahDahlgren3 He looks like Fauci.
@BigOneNoOnions That is so gross! I kissed Dr. Fauci on the mouth weirdo.
Look what my son sent me!!! It‚Äôs Dr. Fauci!! I wanted one SO much!! I gave him a big kiss on the mouth. My daughter‚Ä¶ https://t.co/Pg6OtKD2ku
"She's wants Fauci held accountable for animal cruelty,esp to Beagles ! https://t.co/fhJ4LfjTsz"
Fox News Sidelines Lara Logan After Fauci Complains About Her Nazi Doctor Comparison - https://t.co/uZ4wOoTcKs
Special Guest Senator Rand Paul On What He REALLY Thinks of Fauci! #shorts https://t.co/ENL2fIk3Vf via @YouTube
@ShootyMcBeard We can probe them &amp; get away with it since Fauci did
"Just read the Kennedy‚Äôs book ‚Äúthe real Anthony Fauci‚Äù.  With all the crap going on, the last thing  we need is to l‚Ä¶ https://t.co/vbfOlk8tss"
I‚Äôve only seen Fauci in media and we all know media isn‚Äôt real life so‚Ä¶ https://t.co/RXHCHZwOaj
@JamesGunn This is bullshit just trying to take the blame away from China and Dr Fauci.
Fauci is basically admitting for sure the COVID-19 came from China https://t.co/zcm5voDxIM
Fauci encouraged that omicron doesn't appear to be more severe https://t.co/ntO8ztFCyo
GOP Senators Stoke Irrational Hatred Of Nonpartisan Scientist Fauci https://t.co/s1LEu92OFI
Dr. Rand Paul Joins Sean Hannity to Discuss Dr. Fauci's Ever-Changing Covid Guidance  https://t.co/3V7sYwq4Rt
A Frenchman did the science Fauci didn't: Omicron is no delta https://t.co/mtTwc46ZcM
"@bblock29 I'd Love to see a Debate btween Fauci Johnson, bet Ron would Not up for it , not Even a  SPELLING B!!!!"
Why Fox News lets Lara Logan call Dr. Fauci a Nazi ‚Äî and get away with it  https://t.co/4KkFzuoDqZ
"A good day in Purgatorio ‚Äî Dante Throws Shade At The Shade Of Omberto Whose Name Nearly Means ‚ÄúShade,‚Äù Omberto Has‚Ä¶ https://t.co/pRCKeKewpt"
Senator Bill Hagerty (R-TN) says if Dr. Fauci were a true scientist he would be promoting natural immunity over vac‚Ä¶ https://t.co/qdNvRzzGC4
"The variant has over 50 mutations and is considered a ""variant of concern"" by the World Health Organization. https://t.co/rR3bXwTt09"
@EBraeden Yeah Lara used the wrong guy to compare Fauci.  She trying to call out Fauci on his handle of the Virus.‚Ä¶ https://t.co/UxaIRcDe79
Saying if you sit next to someone with AIDS you can catch it..Fauci said that when AIDS first started.  Fauci respo‚Ä¶ https://t.co/c3GG0paVvi
Birthing Person Withholds Christmas Gifts Until Son Gets Fauci Jab https://t.co/D8lFTgvjem
PETA Slams Fauci For Cruel HIV Experiments On Live Animals Lasting Decades https://t.co/Q72SWelKEa
"Watch: Fox News Peter Doocy Sets Up Fauci &amp; Walks Him Right Into A Trap, 'Is There Something To Do To... https://t.co/9zTsAIRCgM"
"Not just Fauci. The entire federal government of the United States is irreparably corrupt, evil, and needs to be ab‚Ä¶ https://t.co/vzpuRMVXs5"
My list of who never to trust again: ‚Ä¢CDC/WHO/FDA ‚Ä¢Medical establishment/most doctors  ‚Ä¢Media -ABC/CBS/NBC/CNN/Fox/‚Ä¶ https://t.co/NAvwKbL20D
Good morning. This is your daily reminder that Fauci tortured puppies and funded reckless gain of function research‚Ä¶ https://t.co/6rvovlhHSH
"Of course they are -- the Fauci ""shot of the month"" club, sponsored by Big Pharma. https://t.co/VIa6QH1di5"
Fauci made mistakes and woukd  not admit them! The Covid shot does not prevent Covid! https://t.co/1LkaZXyyW5
That trained medical professional is more interested in lining his pockets with profits from big drug companies. Fa‚Ä¶ https://t.co/vmYEgKt0dq
"Fox‚Äôs Lara Logan is despicable person, just like Fox is despicable channel. Daring to compare Dr. Fauci with Nazi,‚Ä¶ https://t.co/MAFdpSpry5"
Fauci says early reports encouraging about omicron variant https://t.co/AGSGq4GkXt
Dr. Fauci Isn‚Äôt Taking It Anymore As He Unloads On Sen. Ron Johnson https://t.co/PnQZC0CZBY via @politicususa
@2RoadsLife He would have like he didn‚Äôt fire Fauci
Fauci Says Early Reports Encouraging About Omicron Variant - https://t.co/Pvi0bu0X8C
"@CNNSotu Fauci always gets it, even from a fool."
"Fauci said that the US is re-evaluating the travel ban, a week after he said the ban would give the US time to prep‚Ä¶ https://t.co/hQt4oDnoPw"
@aidnmclaughlin Joseph Mengele would be proud of Fauci
@AlecProgressive You just dropped a fauci meme on a guy born in 79 with a WWII reference (to which my grandfathers‚Ä¶ https://t.co/gCqf6uQkcF
Fauci says early reports encouraging about omicron variant https://t.co/9kXxfUisBP
Ron Johnson didn‚Äôt go far enough. Fauci is guilty of medical crimes against humanity that make Josef Mengele look like Albert Schweitzer.
It just really is very annoying the way Fauci and the media talk about this junk. Let each individual person decide‚Ä¶ https://t.co/QDzrHyNpXD
"Ivermectin works, it's cheap, its effective and it has no side effects. India used it to make the worst COVID19 out‚Ä¶ https://t.co/6dhglRZf7d"
"Even if omicron proves less dangerous than delta, it remains problematic, World Health Organization epidemiologist‚Ä¶ https://t.co/wlylBWHd1B"
ü¶†ü§ûüèº  Fauci says early reports encouraging about omicron variant (from @AP) https://t.co/iVqvMsjbOH
Dr. Fauci finally WRECKS Republican Senator live on air https://t.co/FdL4qdAtpR via @YouTube
"@dcherring All Fauci wants to do is save people, even if he made/makes s couple of missteps along the way.  House M‚Ä¶ https://t.co/spa5JCwxa9"
The Sunday (News) Shows are not real journalism and Fauci is not a real doctor.  The Sunday Shows are a soap opera‚Ä¶ https://t.co/gtWhoe3Xf0
@Breaking911 My #pureblood holiday is gonna be glorious! SUCK ME VIVEK. SUCK ME FAUCI.
@nrskim @savage39qa @DouglasDavisRN @oregon_mom_ I agree with that but not with what Fauci says.
@Motivation724 Fauci. Hands down. Joe is great but listen to the experts
@gnuman1979 It‚Äôs people waiting on what Dr Fauci tells them to do next
Fauci says early reports encouraging about omicron variant https://t.co/k5pMyAITn1
"Your a liar, because I said the covid vaccine helps, but they don't perform the way the drug companies said they wo‚Ä¶ https://t.co/AH9iXCiZGd"
U.S. health officials said Sunday that while the omicron variant of the coronavirus is rapidly spreading throughout‚Ä¶ https://t.co/pZJWFaiBGa
"U.S. health officials say that while the omicron variant of the coronavirus is rapidly spreading in the country, ea‚Ä¶ https://t.co/iYFguCxRbl"
Fauci says early reports encouraging about omicron variant https://t.co/NPgXqQ6Kxr
Fauci says early reports encouraging about omicron variant https://t.co/UdqkeznFNz
U.S. health officials said Sunday that while the omicron variant of the coronavirus is rapidly spreading throughout‚Ä¶ https://t.co/gZ1qNvSiKx
@SenTedCruz It should be 5 years per lie. Fauci would be in prison for the rest of his life.
‚ÄòHow Do You Overhype That?‚Äô: Fauci Objects To Ron Johnson Claim That He Wants To Keep People Scared Of COVID‚Ä¶ https://t.co/GJ7V6UIjNU
@sickendun2death @ksorbs One doesn't have to be an epidemiologist to garner facts from reliable sources.  Certainly‚Ä¶ https://t.co/xZzMWAK2gt
"XI-BIDEN CHINA VIRUS PANDEMIC PLAN THRU THE 2022 &amp; 2024 ELECTIONS. (&amp; YES, FOOL FAUCI &amp; CHINESE MILITARY/OTHERS?)TH‚Ä¶ https://t.co/kloq17gqgh"
Omicron variant found in almost one-third of U.S. states https://t.co/khwGm9U5eC https://t.co/k7PqipfA7p
Fauci has been wrong on everything.  Why is @POTUS still using him?
"Kimmel on GOP ‚Äòscumbags‚Äô smearing Fauci: ‚ÄòTo scare Grandma, they need fresh villains‚Äô https://t.co/KIUeWR85xK"
Jimmy Kimmel Gets Really Mad About Republican ‚ÄòScumbags‚Äô Attacking Anthony Fauci (Video) https://t.co/9n5ExX8noW
"When even fauci and indie sage are cautiously optimistic for better outcomes, I‚Äôd say Thats a win and a good thing"
"Watch: Fox News Peter Doocy Sets Up Fauci &amp; Walks Him Right Into A Trap, 'Is There Something To Do To... https://t.co/FeUz7zzW3Y"
Listen I love joe as much as the next guy but come on. I‚Äôm not defending fauci here because he‚Äôs also the same guy‚Ä¶ https://t.co/DEDL7nHzfh
"@MZHemingway @MediaBuzzFNC yes, mollie. you tell them about fauci‚Ä¶ i was almost ready to turn FOXnews off for an ex‚Ä¶ https://t.co/wEldLVmf9Y"
Ron Johnson brutally flattened by Anthony Fauci for claiming he 'overhyped' the Covid-19 crisis https://t.co/TZehWSLMwe
@sir19631 @ChadTwoCrows @ksorbs Is that you fauci?  that is so dumb
Ron Johnson brutally flattened by Anthony Fauci for claiming he 'overhyped' the Covid-19 crisis https://t.co/xoTfuZ3kfS
@LTLZAK4242 @RealSaltySlim @fuctmind Get real. Fauci has been a know nothing bureaucrat since the 80s as a failure‚Ä¶ https://t.co/tkX0rcDfe8
PETA to Fauci: Killing Monkeys in HIV/AIDS Experiments Must Stop https://t.co/T96Vi7BK8C
"Anthony Fauci says 'Wuhan strain,' which ignited a firestorm for admitting the 'racist' origin of COVID-19 https://t.co/Vm7tSHJUdQ"
Uncovered 2019 Video: Fauci &amp; HHS Conspire To Unleash ‚ÄúVirus‚Äù On The¬†People https://t.co/EjT9fAp5Ee
@atensnut @ranenmatheus @NirradN @MarcFink222 @FearlessMomma34 @ShanPatriot @Misshu333 @GillilandLiza @swillsy3‚Ä¶ https://t.co/2NMZ19FQpT
Raise your hand and retweet if you trust Dr. Fauci over Joe Rogan.  ‚úã  (should be a very obvious one)
Fauci: 'Every Reason To Believe' Boosters Protect Against Omicron #omicron #covid_19 #vaccinebooster protects https://t.co/yJFipT2pT9
@josecarreras1 Fauci have saved countless lives How many Lives has Trump saved (0) But he hid the Virus and THOUSANDS  DIED B.C. OF IT!!!
"So i convinced my mom and dad to get boosters, even though my dads trust has been broken in public health due to fa‚Ä¶ https://t.co/rmwWLFhykE"
@LTLZAK4242 @RealSaltySlim @fuctmind Why? He didn‚Äôt fire Miley‚Ä¶.damned sure didn‚Äôt fire Fauci &amp; he let Wray run the‚Ä¶ https://t.co/ktO3kibKV8
Just ask yourself why The Democrats would make #Fauci the highest paid Government official.  Not just a highly comp‚Ä¶ https://t.co/Z1qSipJnFF
"The Cuomo Bros, Alec Baldwin, Jack, &amp; now Don Lemon!? Did I just get served a bunch of birthdays this year? Whos ne‚Ä¶ https://t.co/Z1WCccD9T6"
"@seanhannity Sean - Many Attempts To Call Have Failed/ Consider:  Fauci Is A Murder - Not An Accessory, But A Promo‚Ä¶ https://t.co/caoowrCnCf"
@johncardillo Is the lesson that Fauci just loves masks?
@criticalban_d @lgbtqDOC doctor Fauci Lord MD PhD father üò´ said to mask up
I‚Äôm a BROKEN BROKEN RECORD. Been telling people about BULLSHIT being BULLSHIT since J2020HEAR ME?NO! Fredo?YESüëÜüèªYou‚Ä¶ https://t.co/ILlQmwm2wl
"üö®FINALLY‚¨áÔ∏èthe NIH WEBSITE, it‚Äôs LORD FAUCI‚Äôs scheme #1 Hospital Treatment: Remdesivir, @over $3k a pop-Gives the pa‚Ä¶ https://t.co/hEMdpN0282"
Dr. Fauci LASHES OUT After Getting His Feelings Hurt by Fox News - https://t.co/KJqB8kBuFQ
@carolgargus @ABCPolitics Real America is done with #covid19. The only people who don't understand that Fauci and Biden.
@ChrisRothenber1 @ABCPolitics Real America is done with #covid19. The only people who don't understand that Fauci and Biden.
@balzoutwv @ABCPolitics Real America is done with #covid19. The only people who don't understand that Fauci and Biden.
@nellie812 @ABCPolitics Real America is done with #covid19.  The only people who don't understand that Fauci and Biden.
Dr Fauci &amp; The Truth Exposed On Film! Must Be Shared! https://t.co/MfXQHOS2xo
@Ronalbg @WHO Real America is done with #covid19.  The only people who don't understand that Fauci and Biden.
@franciscofromh @WHO Real America is done with #covid19.  The only people who don't understand that Fauci and Biden.
@rapplerdotcom Real America is done with #covid19.  The only people who don't understand that Fauci and Biden.
@Surgeon_General Real America is done with #covid19. The only people who don't understand that Fauci and Biden.
@ebottcher Enjoy the RATIO...Your boy Fauci was behind this too.
"If Dr Fauci represents science, why isn‚Äôt he speaking up about natural immunity?   Listen to more of my conversatio‚Ä¶ https://t.co/tsDCi8HFCo"
Senator sparks anger by claiming Fauci is ‚Äòoverhyping‚Äô Covid ‚Äòthe exact same‚Äô way he did with AIDS  https://t.co/YrzS9Ej9N2
Correctly CNN Chris Cuomo fired him for his role with his brother but Tucker on Fox can compare Fauci to Mussolini‚Ä¶ https://t.co/DODDemmMGU
@laralogan looks like FOX owns you bahahahahahaha https://t.co/T4sjTge1EB
"@pewpewonepew ‚ÄòCold‚Äô is just another way of spelling covid, so says Science Fauci"
@AlwaysVoteRed17 Fauci has always been about controlling us. We need to know how much money he gets from the vax patents and Big Pharma.
@AlwaysVoteRed17 I don‚Äôt even think Fauci believes it. He is there for the money and notoriety.
"@reachjulieroys What initially radicalized this poor soul? I mean, I remember when this Yale-educated guy would hos‚Ä¶ https://t.co/E93Etg6oyf"
I‚Äôm losing count of the boogeyman trying to destroy conservative America  Is it Democrats Joe Biden Muslims China F‚Ä¶ https://t.co/pNOQrkqtA8
"Fauci and gates helped create it. Obama and Biden gave the $1.8 mil to China to build the lab , they are all guilty‚Ä¶ https://t.co/BCs0AZ6aul"
Blame Fox News -- Not Fauci -- For His Reported Refusal To Appear On Murdoch Network https://t.co/1xHpqrzb3e
"The White House's chief medical adviser, Dr. Anthony Fauci, says he believes the virus crisis will never come to an‚Ä¶ https://t.co/36idiHBvST"
@NIH Dr. Fauci needs to stop talking. Just stop. We shouldn‚Äôt be relying on you.
"Fauci Dons Funny Hat, Declares Himself To Be Pope Of Science https://t.co/3ky9JfjY9f via @TheBabylonBee"
WEARING A MASK AND GLOVES TO PLAY FOOTBALL IN AN OUTDOOR STADIUM IS A BIT OVER THE TOPM IS DR FAUCI GOING TO THE GA‚Ä¶ https://t.co/8hUCSAbipr
@TiffanyDCross ask about the RFKjr book saying the vaccines are just a big pharma power grab and Fauci is a fraud.‚Ä¶ https://t.co/aYcEKq14xX
GOP Senator accuses Dr. Anthony Fauci of ‚Äúoverhyping‚Äù HIV on World AIDS Day - cityXtra Magazine‚Ä¶ https://t.co/da9e2VUFoB
We must continue to shed light on the hypocrisy of Dr. Fauci. Thank you @brad_polumbo and @HannahDCox   https://t.co/mwg4SbY0Tz
@disclosetv Considering the health consequences to lockdowns would require critical thinking unlike Fauci and Burks‚Ä¶ https://t.co/gsDMutHWiC
@ChristinaPushaw @ebottcher No. That's what Fauci said in the 80s. ü§¶üèº‚Äç‚ôÄÔ∏è
@ebottcher This was literally the advice that Fauci gave but keep trying homey.
"@drourkeevans @BarackObama Either Gates or Fauci said, ""obviously if we want to know about the long term side effec‚Ä¶ https://t.co/xMqOhLGbfJ"
Good morning. This is your daily reminder that Fauci tortured puppies and funded reckless gain of function research‚Ä¶ https://t.co/yqjnMfOQWR
Independent fact checkers have corrected this to read: We haven‚Äôt proven that vaccines are safe or effective for an‚Ä¶ https://t.co/bjiVFjBqUu
Let me help you out. Joe Biden is the President. He defeated The Orange Devil in the election. Dr. Fauci is the one‚Ä¶ https://t.co/7PeOI5AQlU
"@heyitspixel69 Add a hose to their face from the car exhaust. ""Be ok, all of that on your face will filter pure oxy‚Ä¶ https://t.co/XiEKCfKjC3"
"Bombshell: ""Secret Island Of Monkeys"" Run By Fauci To Conduct Cruel Animal Experiments That Enrich Big Pharma ¬ª Son‚Ä¶ https://t.co/cDqOQQ6Cqg"
"Interitavley and from within. You will catch a noose brother fauci, might wanna stick your hand out............... https://t.co/I02ifGWVK9"
@mail_american More like 50 years! Fauci is a snake in the grass! Very dangerous!
"Brilliant! @JimmyKimmelLive is an American hero, just like Doctor Fauci! https://t.co/KsLbwUVYcR"
@altonbrown @Bounty Poor dog. Was this another Fauci experiment?
"Can‚Äôt reply? Oh, well.  Despite his own claims, Tony Fauci is not the scientific method.  These shots do not preven‚Ä¶ https://t.co/BqJAGaiN7t"
Fauci calling getting vaxed ‚Äúgetting boosted/boosting‚Äù is an olive branch to gen z
Who‚Äôs calling the shots at this point? Fauci or Biden?
"@SenatorHagerty No, it's your deliberate attempts to undermine Fauci that are the problem. Do you really think the‚Ä¶ https://t.co/xsxH21pM3Y"
What he has done to Anerica is absolutely preposterous and evil.  https://t.co/do1p2iFfTq via @theblaze
'RACIST!' Dr. Fauci's terminology for original strain of Covid-19 has caught some attention https://t.co/szJXNyycvM
"How do you fight back? Well here it is ... Lawsuits in every local city, county, state against the criminal perpetr‚Ä¶ https://t.co/ZSzRfARUcA"
@Supreme900 @AlexandraLevi20 Rogan has tens of millions of listeners weekly. He advocates for proven mitigation and‚Ä¶ https://t.co/mYiItwZnOE
Fauci says booster shots likely give cross protection against 'wide range' of Covid variants - CNBC https://t.co/pjpUp4my90
@laralogan @dbongino @NomikiKonst @NirradN @MarcFink222 @FearlessMomma34 @FuVaccines3438 @ShanPatriot @Raynes232‚Ä¶ https://t.co/oVHaFYQXKH
"‚ÄòGOP Sen. Hagerty: Fauci Has ‚ÄòDiscredited Himself,‚Äô Made It ‚ÄòDifficult‚Äô to Trust Him | @BreitbartNews  https://t.co/MqEfJjzorw"
Dr. Anthony Fauci pulled no punches while responding to Fox Nation host Lara Logan comparing him to¬†infamous Nazi w‚Ä¶ https://t.co/JxTC5jWpZo
"Truth Bomb Podcast -- the rational opinions of a regular American unafraid of leftist kooks..., by @GregHBlog‚Ä¶ https://t.co/iobvYNUzvo"
@Supreme900 @AlexandraLevi20 Joe Rogan has saved more puppies than Fauci . Look that up !
The disinformation we‚Äôve seen coming from Dr. Fauci has crushed the American public‚Äôs confidence in what we‚Äôre hear‚Ä¶ https://t.co/KcOQoyKHqy
@treemanflorida @TimRunsHisMouth I can‚Äôt believe Fauci hasn‚Äôt been prosecuted for lying under oath..
"@WhiteHouse Thank you, Dr. Fauci, for your service and guidance through this most difficult time!"
Ted Cruz is once again attacking Dr. Anthony Fauci and spreading misinformation. There‚Äôs a serious side to what the‚Ä¶ https://t.co/yLIjPwyV6x
"For those who think researchers such as Fauci are above reproach, think again... hhttps://www.science.org/content/a‚Ä¶ https://t.co/xKIZArM47g"
@MarshaBlackburn Am interest what financial gain is Dr. Fauci or family receiving from selling out us americans..ca‚Ä¶ https://t.co/AR08NcZXlw
Fauci calls out Fox News for letting host compare him to Nazi doctor: 'Astounded' https://t.co/WNXESIkS8z
Angel of Death Anthony Fauci Wants Fox Nation to Deliver Lara Logan's Head on a Platter for Josef Mengele Compariso‚Ä¶ https://t.co/ne5v5Vx2AK
"Just a reminder that your personal physician knows more about your medical history than Dr. Fauci or any pundit, po‚Ä¶ https://t.co/vpH0xftunk"
Dr. Pepper understands that the #CovidVaccine  does not prevent the catching &amp; spreading of Covid. How come Dr. Fau‚Ä¶ https://t.co/kXvL9i9pm6
"Thank you, @laralogan, for relentlessly telling the truth... Keep it up, Patriot!  Oh, and #Fauci is a Nazi. https://t.co/vFIWwDmtVX"
"#GOP #Senator #accuses Dr. #AnthonyFauci of ‚Äú#overhyping‚Äù #HIV on #WorldAIDSDay More than 700,000 #Americans alone‚Ä¶ https://t.co/hHnN7dgb8B"
#TedCruz Is the #Disease. The #Conservative  #senator is once again #attacking Dr. #AnthonyFauci and spreading‚Ä¶ https://t.co/IizZ8sAx52
Fauci finally said what we‚Äôve always known: this was the Wuhan virus. https://t.co/U0QnqwiN17
"""SERPENTS....DECEIT &amp; LIES!"" Health officials in Michigan said a business owner is spreading COVID-19 misinformatio‚Ä¶ https://t.co/1ZwlXZZeQZ"
"Rand Paul Calls for JAILING of Fauci, Gives Sentence Recommendation - https://t.co/libTpcXf9z"
"@nrskim @savage39qa @DouglasDavisRN @oregon_mom_ Actually, she‚Äôs not.  Stop believing Fauci"
Don't see Fauci's name on this list...https://t.co/KLXPRFSjUX
"Watch: Fox News Peter Doocy Sets Up Fauci &amp; Walks Him Right Into A Trap, 'Is There Something To Do To... https://t.co/9zTsAIRCgM"
"Given Fauci‚Äôs direct responsibilities in the deaths of hundreds of thousands, Rogan only needed to save one person‚Ä¶ https://t.co/QESVkZAAa7"
"@libsoftiktok You‚Äôd think we‚Äôd all learn about the idealization of humans Cuomo brothers, Trump, Clinton, Bush, Oba‚Ä¶ https://t.co/Uf4p2DbyKG"
@guano_col @seanspicer Fauci said cloth masks don‚Äôt work. Look it up.
"@RupertPupkin895 @LightningTech3 @RedNhappy4 Your Fauci adherent ""experts"" also don't believe Early combination the‚Ä¶ https://t.co/1xFn9L8ej7"
"@laralogan @laralogan investigative journalist? Bahahahahahaha. Just a little fact check, influenza never killed 80‚Ä¶ https://t.co/sBo00jS3qm"
Fox host escalates attacks on Fauci after comparing him to Mengele https://t.co/vrjxxLd6ZP
Good morning. This is your daily reminder that Fauci tortured puppies and funded reckless gain of function research‚Ä¶ https://t.co/vNC5uzvhH5
@DI82589 @RealMattCouch Facts from a lying government that wants nothing more than complete control and no freedom‚Ä¶ https://t.co/TlQV4Y7msB
FAUCI IS A FOOL.  WORSE HE IS CRUEL. AND HE IS A CRIMINAL! https://t.co/mzdrru6ge0
Viral Moment: Biden Jokes That Dr. Fauci Is President   https://t.co/hRGpji9ap4 via @YouTube
I'd say the NWO can eat my ass butt I'd rather not catch the newest virus Fauci funded gain of function on. https://t.co/Rwenok5n92
@RealMattCouch The Rotten Tomatoes reviewer score for the Fauci movie
@Kody_Kox @ACTBrigitte You tweeted at me dude. Now just enjoying watching you deflect from your inability to defend‚Ä¶ https://t.co/jR5QiGW3EF
Anthony #Fauci should be in federal prison for his crimes and misdemeanors. He would be if he was not being protect‚Ä¶ https://t.co/6J0Sty06AW
Fuck Fauci
@Kody_Kox @ACTBrigitte Still waiting to hear what Fauci has gotten right. He said we‚Äôd have herd immunity at 50% va‚Ä¶ https://t.co/88uxIV1APP
@seanmmitchell Kim Jong-un Fauci Katie Perry  I like diversity.
"Fauci, Gates, et all ... time to face the music. Article has live links to file lawsuits in local courts against th‚Ä¶ https://t.co/ivGrVZXpm9"
‚ÄòDid ‚Ä¶ did he just say this?‚Äô Joe Biden‚Äôs little joke about how much time he spends with Dr. Anthony Fauci raises m‚Ä¶ https://t.co/wWjObKrZSs
"Senator Bill Hagerty: If Dr Fauci Represents Science, Why Isn‚Äôt He Speaking Up About Natural Immunity |‚Ä¶ https://t.co/rYPyfvcbPw"
"I think Joe Rogan should replace Fauci, at this point. Many lives would be saved. https://t.co/Einmc9YyYH"
@4Patrick7 How in the name of all that is moral is Fauci still relevant?
@chrislhayes WHEN IS THE CHRIS HAYES vs DR FAUCI BASKETBALL GAME??  We all witnessed the promise in real time and h‚Ä¶ https://t.co/3UhjIZpO7V
@PeterHotez You (nor Fauci) deserve none of this type of harassment and threats. But you bear the additional weight‚Ä¶ https://t.co/UFSKp6fE5F
Dr. Fauci Explains How Unvaccinated Republicans Allow COVID Variants To Flourish - cityXtra Magazine‚Ä¶ https://t.co/BmNBA5pSbh
"#Fauci, the satanic dwarf, should have been stuffed-and-cuffed, YESTERDAY.  ü§° üëà"
"Lebron‚Äôs false positive has some people finally questioning the covid numbers, which is just a crazy conspiracy, ri‚Ä¶ https://t.co/BnAakm8oGm"
If Trump would've fired Fauci and been Re-elected I believe the pandemic would've been over by now.
@ktrhnews @MichaelBerrySho Sorry -- he was POTUS... The only one who stopped Trump from firing Fauci is Trump.
Rand Paul: ‚ÄòFauci Should Go to Prison for Five Years for Lying to Congress. https://t.co/NR5fkt5Mso
Y‚Äôall remember when Fauci told us that Covid started because someone in China ate a bat sandwich and everyone just‚Ä¶ https://t.co/hAU49shX1V
Are you re-considering holiday plans due to concerns about the new omicron variant? https://t.co/0dGtt0rFxl
"Today‚Äôs @clayandbuck talks Fauci‚Äôs lies with @tedcruz, the Mississippi abortion case with Governor @tatereeves, &amp; c‚Ä¶ https://t.co/8zh1gTBdba"
@JTowlen @RandPaul Fauci is also the guy who thought that you could get HIV from a cereal box.
@JarettsHa We knew that Fauci maid a lot of contradictory and false statements and he didn't come clean about the Wuhan lab funding.
@JarettsHa I will never understand why President Trump didn't fire Fauci.
@MadSquire @kim_4VOLS @BigBoyVol @josh_aslinger We‚Äôll all be dead before the pups are weaned anyway. Fauci told me so.
"Freudian slip? Perhaps, but individual liberty remains at risk as long as Fauci is anywhere near the reins of power‚Ä¶ https://t.co/Dg3ieNtAil"
Biden and Fauci can kiss my forever unvaxxxinated ass
"Vaccinated + infected neutralized even SARS 1.. get boosted, please. CDC and fauci need to put urgency behind telli‚Ä¶ https://t.co/hWAnrkmREJ"
Fauci wants to force Americans to be vaccinated as if there is some great resistance to vaccination. Truth is the o‚Ä¶ https://t.co/zME0w0CZlD
Fauci and Biden are neo-fascists. America is sleepwalking into totalitarianism. Disobey them whenever possible. That way freedom lies.
@JarettsHa Who is going to hold Fauci accountable?
"You can‚Äôt make this stuff up.   Good question, Mr. President. Who is in charge ‚Äî you or Fauci?"
@LaffersNapkin @jenneraub @smarterparrot I don't know that Fauci is the only person of influence though. He seems m‚Ä¶ https://t.co/8OGt6I1sqM
@jenneraub @smarterparrot I think Fauci is played up too much by both sides.
"Can someone explain to me how this clown still has a job?!  If it weren‚Äôt for the #MSM, he would have faded into ob‚Ä¶ https://t.co/DJu2MVvMLj"
"@Starshinesun Fauci is a government bureaucrat, not a scientist."
The only way to get off this hamster wheel is to climb your own ass off it. The people running the hustle are never‚Ä¶ https://t.co/7ftJmtqsDi
‚ÄòIt‚Äôs Not Hard To Figure Out‚Äô: MSNBC Analyst Says Republicans Hate Fauci Because They Don‚Äôt Want COVID To Go Away‚Ä¶ https://t.co/IVm2UMCMs2
@ClayTravis @clayandbuck Clay getting rejected by Fauci üò¢ https://t.co/JrkRtDKUrv
"@Sonyamenefee @FearlessMomma34 @FuVaccines3438  Thank You both for following me. I'm so troubled. Amanda, we have g‚Ä¶ https://t.co/KvD18vx60b"
@Maia131313 @hodgetwins @KingJames I just got over covid and pneumonia brought on my covid‚Ä¶ I‚Äôm UNVAXXED!!! I survi‚Ä¶ https://t.co/lk67uJUhww
Apparently Lord Fauci- who declares himself to be SCIENCE itself- seems to feel those hundreds of thousands and now‚Ä¶ https://t.co/h5BOLVEM1i
Seriously do not trust Fauci any further than he can throw a baseball‚Ä¶‚Ä¶ https://t.co/1XkBXT5Y8W https://t.co/SufCNuxO2o
Dr. Fauci also rejected an invite on @clayandbuck saying he didn‚Äôt have the time. He‚Äôs a partisan hack and should h‚Ä¶ https://t.co/BAelAURIKJ
"The Deadly Reason Fox News' Talking Heads are Calling Fauci ""Doctor  Mengele"", by @Thom_Hartmann https://t.co/miINFoSDyC"
Little Tony Fauci is a liar.   @TBradshawShow is an idiot. https://t.co/BampoK8nwv
"@JoeConchaTV Fire Fauci! This is not ""science""."
@drsanjaygupta Dr Gupta please report on the DEAs-CDC harm to pain patients please report what  the‚Ä¶ https://t.co/x7guysKecm
Why didn‚Äôt Fauci or @pfizer @moderna_tx https://t.co/XuPHmGEz4d. tell us this?  Horowitz: Studies show an aggressiv‚Ä¶ https://t.co/qALHt3YRjL
@RealTina40 @jenniferpgoff This was democrat done to blame it on Trump because they wanted him out the CDC holds th‚Ä¶ https://t.co/HTm6vyB56d
Fauci isn‚Äôt profiting off of this? Absolutely hilarious. The dude has his own Disney + documentary lol. https://t.co/lyrrBXNFa4
NBC/MSNBC analyst John Heilemann tells panel of bobbleheads that Republicans criticize Fauci because they don‚Äôt wan‚Ä¶ https://t.co/k3OuIzZ2mG
"I dont remember another former president sticking his nose into things like obama is doing, anyone else remember??‚Ä¶ https://t.co/TiszKCsntj"
Dr. Fauci's got some 'splainin to do https://t.co/6Jr3raV83M
1) COVID will never go away. 2) Red states already aren't listening to Fauci until we have to fight to keep our fre‚Ä¶ https://t.co/kOJWsUZEtW
Candidate Dr. Oz: Fauci 'J. Edgar Hoover' of Healthcare https://t.co/A95qCnEX63 via @Newsmax
"@tomselliott Even Fauci says this is endemic, rather than pandemic. MSNBC needs to get on board"
"‚ÄúIt doesn‚Äôt make a difference how beautiful your guess is, it doesn‚Äôt make a difference how smart you are, who made‚Ä¶ https://t.co/jC35OcrdBj"
Makes me think of Fauci... https://t.co/BOcbcJT66F
"""The network--which has frequently referred to Dr. Fauci as a 'twisted, gnome-like creature whose ghoulish perversi‚Ä¶ https://t.co/NKrunYvH13"
@jr_bohl @wrongnowshutup2 Yep.  I think was science before Fauci
Dr. Fauci wish list. üëáüèªüëáüèªüëáüèª https://t.co/jePzVbzKUL
@MaxPowerRocks Great..here we go again‚Ä¶I can only imagine how Dr FAUCI must feelüò´
"@kylegriffin1 @playbookdc Why in the world, would Dr Fauci do interviews on a propaganda network like @FoxNews. He‚Ä¶ https://t.co/9VdakSS967"
"The REAL Anthony Fauci with Robert F. Kennedy, Jr. https://t.co/U2NGk7fbzw"
"THIS IS PREMEDITATED MURDER by the pharmaceutical industries and accessories to murder by DRs, Nurses, Media, Pharm‚Ä¶ https://t.co/MwdGa3ribn"
Sen. Rand Paul: Fauci should go to prison for 5 years for lying to Congress.
@Gormogons Xi Fauci  Biden Pelosi  AOC Cuomo (either of them) Newsom
Good morning. This is your daily reminder that Fauci tortured puppies and funded reckless gain of function research‚Ä¶ https://t.co/wrB5d7VyGb
@FoxNews It was stunning but not surprising to watch Dr Fauci backtrack on his use of the word ‚Äúeveryone‚Äù when ques‚Ä¶ https://t.co/IN3w8YDO3N
Lots of people just don‚Äôt need a vaccine.  Exclusive ‚Äî Sen. Rand Paul: ‚ÄòVaccine Hesitancy‚Äô Is ‚ÄòMostly a Response to‚Ä¶ https://t.co/l4neL5E25E
Ron Johnson accuses Dr. Fauci of 'overhyping' AIDS in the 1980s https://t.co/I7eyppTj51
Dr. Fauci Explains How Unvaccinated Republicans Allow COVID Variants To Flourish https://t.co/6ReDpG2FGB via @politicususa
Dr Fauci warns Americans might have to receive COVID vaccine EVERY YEAR | Daily Mail Online https://t.co/sVysQY3tX4
"Uncovered 2019 Video: Fauci &amp; HHS Conspire To Unleash ""Virus"" On The People ¬ª Sons of Liberty Media https://t.co/6Y51w94tnN"
"Anthony Fauci Doesn‚Äôt Represent Science, He Represents Nazi Dr. Mengele [VIDEO] ¬ª Sons of Liberty Media https://t.co/5ZlcLiXV9a"
"VERY SADüëáüèª&amp; could have been avoided had Fauci, BIG PHARMA &amp; Govt,(who they‚Äôve partnered w/since 2015 on mRNA-in the‚Ä¶ https://t.co/G4HJSsFHUG"
@Lach810 @NirradN @FearlessMomma34 @BoDavidson7 @ChickletOff @swillsy3 @JordanBrace8 @michelle_vd_703  Back in the‚Ä¶ https://t.co/aWF4DtAVWr
"@Sloths7777 If Fauci recommended it, I would."
Lara Logan responded to backlash over her comparison of Fauci to a Nazi war criminal by further attacking the medic‚Ä¶ https://t.co/5S5Ig4YnmB
@RidleyDM @TonyBurnetti @ElleMandell @angrybklynmom Just fauci hasn‚Äôt helped with cdc messaging is what I mean
@RidleyDM @TonyBurnetti @ElleMandell @angrybklynmom Yup thanks to fauci
Did you hear what Dr. Fauci said on the news? Fauci said anyone flying into the USA should be vaccinated. Newsman a‚Ä¶ https://t.co/GGMLpKY7h1
"After all this time, lies, and misinformation, Biden continues to let Fauci run the show."
"I mean, Dr. Fauci has already been working on it for over 40 years. I guess we're suddenly gonna have the solution‚Ä¶ https://t.co/SaKDtnnljs"
@Tamzilla_52 @CowboyBen23 Trump's lasting accomplishment: Federal court appointmentsüëè  Trump's biggest failure: platforming Fauciüò†
It was from us ya'll. Fauci is low key saying it. Lawyer speak.  #CNNTownHall
@grandmundi @KnoxCampbell Neither Fauci nor the Moderna CEO should ever be taken at face value anyway.
"@Tamzilla_52 @CowboyBen23 Yes, and it's not only the imagery that's sick. The notion that Fauci has sacrificed anyt‚Ä¶ https://t.co/kVPIcajYB6"
@mksc77 @memaw110 @RealCandaceO Dr. Fauci: everyone entering the country needs to be tested for covid. Except for a‚Ä¶ https://t.co/FBaWtPvahn
"Sen. Blackburn to Newsmax: Fauci 'Around Too Long,' Should Retire to Florida  Senator, please, YOU should retire to Florida immediately."
When is the American public going to hold Dr Fauci accountable for his actions? This travel ban is insane. Lets hea‚Ä¶ https://t.co/hzeG45zzmc
President Biden all but ruled out the potential for new lockdowns as the omicron COVID-19 variant takes hold inside‚Ä¶ https://t.co/XvfrGLOKih
So ‚Å¶@brianstelter‚Å© fired his nanny because she didn‚Äôt want the Fauci injection (as reported by Tucker Carlson).  Wh‚Ä¶ https://t.co/dvAIBEQlCM
@ggreenwald Fauci : I'M SCIENCE. QUESTIONING ME IS LIKE QUESTIONING SCIENCE  Reality : There is no Science without‚Ä¶ https://t.co/3NULxuQWRm
"Hmmm. Me thinks the media, Brandon and Fauci have been LYING TO US! https://t.co/2wT0sJIkWs"
In my 48yrs of life I believe Dr. Fauci may be the most dangerous threat of freedom I‚Äôve ever seen. Awful. He must go!!!
"It is troubling to me that three of the top five best sellers in Amazon's ""Science &amp; Math"" books section are Robert‚Ä¶ https://t.co/wdQyXttvKa"
"@Phillygirl741 @Lhop963 @SarcasticCupcak The way Fauci is worshiped, I would not be surprised if Trump got death threats had he said that."
This is so damn stupid.  We won‚Äôt be able to get on a plane without a mask till there is a Republican in the White‚Ä¶ https://t.co/KkrGUB528c
Fauci is advocating for experimentation on ppl w/o their informed consent. Adverse events data is being whitewashed‚Ä¶ https://t.co/7Cpukb7x3D
"Dr Fauci Said ""I'm trying to save lives""   Don't in the last days it say Evil will present themselves as Good?"
"@jwpatx1485 @FreckledLiberty My Initial post that freckle comment on was about the REPUBLICAN party allowing Nazi,‚Ä¶ https://t.co/fyvH3w4vcq"
@VinceCoglianese Fauci appears to be incapable of explaining anything.
"Guy is such a moron. And if you want me to go out of this world painfully, have Fauci say the word ‚Äúmitigation‚Äù bef‚Ä¶ https://t.co/PeSc92sJjf"
Dr. Fauci: everyone entering the country needs to be tested for covid. Except for all the illegal immigrants. That‚Äô‚Ä¶ https://t.co/PImVjUp1Vf
"@FreckledLiberty Just curious how are you counted on the Census??? Also, why are defending a party that promotes MT‚Ä¶ https://t.co/v5ebLfNDzz"
@nelsnyc @BradHuston Which Fauci represents! ü§£ü§£ü§£
I wonder what bron is finally waking up too? Biden sucks? Liberals suck? China sucks? Covid is bullshit? The vax is‚Ä¶ https://t.co/glH0uOjwXm
"Americans will get more riled up about Fauci testing on dogs than they will about ruining actual human‚Äôs jobs, live‚Ä¶ https://t.co/dVb7EN32qO"
#Fauci stop spreading fear... you don't have the authority to regulate America!
Dear @CNNBusiness: She's right &amp; we AGREE Get over it He did the crimes He's damn lucky he's not doing the TIME! YE‚Ä¶ https://t.co/n15RnbqVCx
"Fauci has a hidden gift. Whenever he speaks, he scares everyone and crashes the economy.  When Trump was president,‚Ä¶ https://t.co/ksTQjGuxke"
@egguseggboy Oh my Fauci... Don't tell me you're one of those sheeople who really believes in this crap! Wake up.
Fauci just gave a press conference that sounded like we had just been attacked so he could tell us a vaccinated per‚Ä¶ https://t.co/1FrTlzpWaF
@claren This sums up #Fauci pretty well -  https://t.co/iKA5enK8Nz
Fauci said so. They‚Äôve got to keep California shut down. https://t.co/Y5BcA7SkZQ
"Fauci: I‚Äôm Advising Biden On New Testing Rules For Everyone Entering U.S., Border Crossers ‚ÄòDifferent Issue‚Äô‚Ä¶ https://t.co/HlTj2MUrS5"
@TheFirstonTV The latest reason I don't trust Fauci at all.
"@MarshaBlackburn Today seems to be Fauci Fauci Fauci day. Did you give up on China China China""? Or just holding it‚Ä¶ https://t.co/lcWJz3G3d9"
"@SarcasticCupcak I honestly believe he would have been impeached again over Fauci, and possibly convicted, too. The‚Ä¶ https://t.co/QJ29VfG38b"
@MarshaBlackburn Oh look Blackburn trashing Dr. Fauci for her own political gain. Very Christian.
"Fauci is such a little weasel I bet he got bullied in school everyday, Good. https://t.co/VR9On32cDe"
"Ironic that Fauci is giving a briefing on National AIDS Day, an epidemic that wouldn‚Äôt have killed so many people i‚Ä¶ https://t.co/ABHf1HwMXf"
"Fauci wears a mask into the briefing, Carries it out of the room and back into the WH hallway.   It‚Äôs theater."
GOP anger with Fauci rises #NewsBreak https://t.co/SickLdCowp
.Fauci: ‚Äúif we had the overwhelming majority vaccinated‚Äù  Also Fauci: ‚Äúover 70% are vaccinated‚Äù  Wondering what con‚Ä¶ https://t.co/dK4ZzXoBYg
Fauci is advocating to let illegal immigrants brush off COVID restrictions while American citizens are placed under‚Ä¶ https://t.co/9cSe5GtTYx
".Watching Fauci in the press briefing, I have one thought: he has no idea what he‚Äôs talking about, and he‚Äôs making‚Ä¶ https://t.co/hkuvmsWKjZ"
Fauci: US identifies first omicron variant case https://t.co/ekjJMdyniD
EXCLUSIVE: Forgotten Monument to Dead Orphans from Fauci's Torturous and Deadly AIDS Testing Is Located in New York‚Ä¶ https://t.co/OEkISFKGoh
@MarshaBlackburn Fauci is a wonderful dedicated man.  Leave him alone!
Republicans Pile on Fauci After His 'I Represent Science' Remarks https://t.co/zJPUEEnTtl via @Newsmax
"First confirmed case of Omicron coronavirus variant detected in US, Fauci https://t.co/KXPDVzWerP via @JustTheNews"
"First confirmed case of Omicron coronavirus variant detected in US, Fauci https://t.co/KXPDVAdPQp via @JustTheNews"
Get rid of #Fauci already
"@florian_krammer What I want to know is What did Fauci know, and When did he Know It????"
Fauci‚Äôs strategy from the beginning: https://t.co/7lUZt7bGkp
Doocy asks about people being checked for COVID before entering the country:   ‚ÄúWhat about people who don‚Äôt take a‚Ä¶ https://t.co/j9Vh64zigZ
Dr Fauci needs a garter belt during pressor since the Main Steam Media patrons are really getting whipped up the mo‚Ä¶ https://t.co/oKIIByt1GV
"Ummmm, soooo, did the people who are coming out of SA have the #OmicronVarient before they left home, carried it th‚Ä¶ https://t.co/QZfvkVCmqB"
"Oh no, it‚Äôs here!  Fauci (a.k.a. Parton Saint of Science) says this is the one that‚Äôs going to get us all, and this‚Ä¶ https://t.co/qx51oJzgCK"
@BrianKarem Great question for Dr. Fauci.  Thank you for asking it.
Fauci is full of shit.  The press is even worse for not asking the right questions
When did we hold a vote for Emperor Fauci? #EmperorFauci
It's such a refreshing change to see an unmuzzled Dr. Fauci speaking from the White House lectern. America needs to‚Ä¶ https://t.co/FNrTLHNRA4
Why is Fauci still allowed in the press briefing room?
Ex-Kansas health chief says he was 'Fauci'd' out of his job (from @AP)  ‚ÄúThe shameful treatment in the Trump admini‚Ä¶ https://t.co/BjTcXTigsk
@jimmylin1 @johnpeltier @hughes_eilir Willful ignorance because it will cost trillions worldwide to improve ventila‚Ä¶ https://t.co/N9WD2mzGMU
"Sen. Blackburn to Newsmax: Fauci 'Around Too Long,' Should Retire to Florida https://t.co/uIy2UWq8ph via @Newsmax"
"Fox journalist slammed for comparing Fauci to Mengele, 'Angel of Death' | World Israel News https://t.co/UFh9HHYQgg"
Fauci after saying he represents science: https://t.co/Vo3Fd2iyaD
@sarahbeth345 Fauci's next NIH funded experiment.
wonder what variant fauci and crew will be working on now that omicron is not a concern
@MyNameisDawn2 Yes. Pretty much everything he went through the wife‚Äôs Uncle went through.  Basically the family was‚Ä¶ https://t.co/1Llz3G4v36
@ant_911 Fauci is Ken Copeland then.
Obama and Fauci are shilling vaccines to children https://t.co/GKpkTlOizp
"The Deadly Reason Fox News' Talking Heads are Calling Fauci ""Doctor Mengele"" https://t.co/9BPl9HuuWU"
Sen. Rand Paul to Newsmax: No One Should Have the 'Power' Fauci Wields | https://t.co/i1Oh6bXyFc https://t.co/HduJmxIh5c
"@WKRN I would like the same anger the GOP has to Dr. Fauci to, also, go to Trump for admitting to Bob Woodward that‚Ä¶ https://t.co/7cdXmYmUXM"
DeSantis Responds To Biden &amp; Fauci For Not Ruling Out Lockdowns: Won‚Äôt Let ‚ÄúMedia-Driven Hysteria‚Äù Dictate Policy https://t.co/JrpYrKzMT9
@mtgreenee @WheelerDuane I hate to say it MTG but I agree 100% with you. If you read up on what #FireFauci did to t‚Ä¶ https://t.co/wf4ByYbbf9
DeSantis Responds To Biden &amp; Fauci For Not Ruling Out Lockdowns: Won‚Äôt Let ‚ÄúMedia-Driven Hysteria‚Äù Dictate Policy https://t.co/SGdXJ7p3cB
GOP anger with Fauci rises https://t.co/CrmVX6eWkL
@RandPaul @foxandfriends ü§∑‚Äç‚ôÄÔ∏èHe is untouchable. I understand that you have tried to expose the lunacy of ‚Äúgovernmen‚Ä¶ https://t.co/O0rfkPYrha
GOP anger with Fauci rises https://t.co/eThsqWGtU0
We had to appeal to a family friend to embalm him. Local funeral homes refused.  He died of Pneumonia because Fauci‚Ä¶ https://t.co/kihtPVvdhf
@CarsleyGolf Tony Fauci is going to say something stupid everyday.
We buried an Uncle with AIDS in 1986. He had hemophilia and died before blood supply screening.  The things Fauci d‚Ä¶ https://t.co/V5sAiSOXWa
‚ÄòMoral Decline‚Äô: Fox News Blasted for ‚ÄòDepraved Indifference‚Äô After Using Mengele and Mussolini to Attack Fauci - c‚Ä¶ https://t.co/1gcsvDzHzO
@JacksonLahmeyer Freddy Krueger Fauci https://t.co/9jySr1H132
Many people are saying @laralogan may have cut off circulation to her brain.  #Fauci #Mengele #GOP
@WillRicci We would believe you. Same goes for Fauci. These are bad people. They eventually will fall.
@DoN0tEat @jklmd123 @jljcolorado @CDCgov Willful ignorance because it will cost trillions worldwide to improve vent‚Ä¶ https://t.co/ECrITIMOQQ
What‚Äôs Fauci‚Äôs take? https://t.co/7eIhBgjgRF
"#Fauci needs to be held accountable for lying to Congress and the #American people. AND ""I represent #science"" is t‚Ä¶ https://t.co/wesicxawJQ"
Tucker Carlson calls Dr. Fauci ‚Äúan even shorter version of Benito Mussolini.‚Äù https://t.co/XIgQdwvSXK
Investigative reporter Lara Logan on Fox News compares Dr. Anthony Fauci with the notorious Nazi doctor known as ‚ÄúA‚Ä¶ https://t.co/wXCaubHxB3
"@shunkheem The problem in places like Boston is policymakers deferring to CDC, whose mission is to be as cautious a‚Ä¶ https://t.co/v8p0oOmCJT"
Fox's Lara Logan has been denounced by several prominent Jewish groups and the Auschwitz Museum after she compared¬†‚Ä¶ https://t.co/Agy6dF5mqA
Honest question: How is #Fauci not in prison? He's been lying to the American people and pocketing millions for alm‚Ä¶ https://t.co/4p0MSM7XCv
"Tom Cotton Slammed After Suggesting That Dr. Fauci Is Not a ""Public Health Professional"" https://t.co/91AXPgRNrq via @politicususa"
Anthony Fauci is merely the latest micro-tyrant groping for John D. Rockefeller's dream of monopolized healthcare.‚Ä¶ https://t.co/zMqYMgFiqh
"Uncovered 2019 Video: Fauci &amp; HHS Conspire To Unleash ""Virus"" On The People ¬ª Sons of Liberty Media https://t.co/6Y51w94tnN"
"i KNEW i had seen Fauci somewhere before! And in this role, he can basically play himself! https://t.co/jKwMwxy7pz"
lara logan mengele comparison draws feigned outrage. Where was the 'outrage' when the demented left kept comparing‚Ä¶ https://t.co/aPg4tPrcX8
@OccupyDemocrats Um NO!!  I‚Äôm nearly 3/4 czech‚Ä¶ and I‚Äôm also polish.  Fauci apparently missed the memo.  You don‚Äôt‚Ä¶ https://t.co/0vzbMUAH2I
@Jim_Jordan Fauci should not be given a stage. He only wants a photo op. He has no business spreading fear or given a voice.
"‚ÄùCDC, FDA NIH and Fauci doing more harm than good‚Äù https://t.co/9q4DQg6knz"
@TimRunsHisMouth @KweenJosie Who said Fauci and the NIH aren‚Äôt Chinese slaves?
hay Dr fauci stick you mask up your ass.
More D-RAT hypocricy &amp; stupidity.üòÇ https://t.co/TYjlXnS0hj
@Swimerchic96 @DmitryUvanov @ArthurSchwartz @RaheemKassam Obviously you weren't around when AZT was killing gays by‚Ä¶ https://t.co/NV4CrC4qyu
@mksc77 @memaw110 @RealCandaceO Hospitalizations in Michigan are the highest they‚Äôve ever been despite 93% of senio‚Ä¶ https://t.co/tror7qMmUR
"When was the last time ""Doctor"" Anthony Fauci treated a patient?"
Robert Kennedy Jr on Fauci.  MUST LISTEN: https://t.co/P73Y2sgTRI
#Omicron #LeakyVaccines ü§∑‚Äç‚ôÇÔ∏è 2031 there‚Äôll be papers written about the covid leaky vaccines that not only killed 10‚Ä¶ https://t.co/CEudIqK4Nc
@whoyoulookfor @SilverDollar48 @BrettKelman @Tennessean So we‚Äôre all the death certificates forged by Bill Gates or‚Ä¶ https://t.co/Yin4wOw84E
Obama is no longer pretending Biden is in charge.  He‚Äôs taking on Presidential duties  https://t.co/5dz9c0B0RH
Families at a pop-up COVID-19 clinic in southeast Washington got a surprise as former President Barack Obama and Dr‚Ä¶ https://t.co/vGyOqcEK0U
"@DrEricDing I live in the rural south, so I voted no on releasing early, incomplete data. People here still won‚Äôt w‚Ä¶ https://t.co/tv4AinJByc"
@CajunBlueAZ1 @tlccourville Step away from the MSM and Fauci research for yourself and use just an once of common s‚Ä¶ https://t.co/33QU9zbhT1
"@StellaParton I heard Fauci earlier today say that when in indoor locations around others (like in airports), you s‚Ä¶ https://t.co/VrZIqDD4vP"
Anti-Defamation League and Auschwitz Museum condemn Fox host for comparing Fauci to Nazi doctor who performed medic‚Ä¶ https://t.co/ovBPd781GF
This guy truly thinks he is the Lord and Savior. It is disturbing @WilkowMajority @ClayTravis @BuckSexton #Fauci https://t.co/IrDcyvjaYo
@GrumleyManus @CeciliaMurdoch @RubinReport Can anyone tell me exactly what this vaccine does to your body long term‚Ä¶ https://t.co/ThkNTwM9Tt
"@lovessheldon31 @Moms4LibertyWC @Reuters I am jealous of anyone that flies, especially in service to our country. S‚Ä¶ https://t.co/0B0dA8XT6E"
Are we still listening to Fauci? Really? https://t.co/de6RkqTudE
"I checked out Fox News for a minute yesterday, heard a dumb joke about Biden delaying a speech, probably due to ""Hu‚Ä¶ https://t.co/SxK1eqvXWy"
"@stopthestupiddd Dr. Fauci, 79, has worked for Fed gov't since 1968. Director of National Institute of Allergy and‚Ä¶ https://t.co/z9dq3qzYI1"
@atrupar He politicized it way back when he started his campaign for president. He falsely claimed he would not hav‚Ä¶ https://t.co/UgjkHrya0x
Auschwitz Museum condemns Fox host Lara Logan for comparing Fauci to Nazi doctor | US World News |‚Ä¶ https://t.co/Bac6VP9LSv
Exclusive FAUCI Interview: SCIENCE Is The LAW! | Louder With Crowder https://t.co/aKIgLRllB3 via @YouTube
@Topshelfbigfly1 @nolefan954 @libsoftiktok @KylaInTheBurgh Im luckily unable to get the vaccine. She‚Äôll never see t‚Ä¶ https://t.co/xyu1M19H6w
Wonder how many Doctors and healthcare workers we're losing while we are now faced with 2 new covid variants. But h‚Ä¶ https://t.co/mZ0YtjGlps
"Please, God, I earnestly pray. üôè Ted Cruz brands Fauci 'most dangerous bureaucrat in history of US' https://t.co/Nh2eAMvp4P via @MailOnline"
"@ianmSC @ClayTravis Excuse me, I hate leftists, but I hate liars even more. Fauci never said the target for vaccina‚Ä¶ https://t.co/4FtnnxavJw"
"SHOCKING: RFK Jr. Claims Fauci Killed, Tortured, Poor Minority Orphans in 1980s https://t.co/UwLQo7zFQi via @gatewaypundit"
@Biscuitman13 @Albert181818 So sorry for your Dad. But very excited to hear about your Participation in the Moderna‚Ä¶ https://t.co/cx9gSpBzoZ
@ABC He lied to congress plain and simple. Fauci should be questioned and stand Trial just like anyone else
"@LucyLipiner @HenMazzig @oliverdarcy I‚Äôm not a Fauci fan / he‚Äôs arrogantly mishandled this, enabled school closures‚Ä¶ https://t.co/WYxhjnfWHh"
@SenTedCruz @MailOnline Make Fauci accountable!
Auschwitz Museum condemns Fox host Lara Logan for comparing Fauci to Nazi doctor https://t.co/27WEzbcxO8
"@jpam57979932 @tedcruz He was going for the long, long game for world domination. They need stop going after Fauci."
"@CrystalsChaotic When Omicron hit the news this weekend, before anyone even knew anything about it the Gov of NY st‚Ä¶ https://t.co/zY949PCvUL"
@GOP when are we going to hold Fauci accountable for all his crimes starting with lying to you. https://t.co/4DY71PifSz
"Fauci Blasted For Remarks About Cruz, Calling GOP Senators Liars: ‚ÄòSomething A Cult Leader Would Say‚Äô  https://t.co/lCYR10FWUz"
Dr. Anthony Fauci laid out steps Americans can take to combat the newly identified omicron variant of COVID-19.  https://t.co/1PF0IIE379
"@stopthestupiddd From onset your ppl, like bureaucrat Dr Fauci have lied, suppressed real Drs w real patients who'v‚Ä¶ https://t.co/Fgq1gZJ2fo"
Covid is a global elite bio-weapon to take control of the western world population. A few business players from Chi‚Ä¶ https://t.co/qXjmkCy0vx
"We need to sue Fauci and Gates and lock them up.  until we play offense, it will not happen. https://t.co/y1u0kBuR6U"
Is anyone else keeping up with what's going on? Twitter Friends?  https://t.co/FWBOc26sxL
"1) Dr. Fauci is NOTHING like Mengele 2) NO ONE ""across the world"" is saying this 3) You're a clown @laralogan https://t.co/tTsBaMCFmv"
