"If your Family does this, you need a new Family..... Fauci: Relatives should require each other to 'show evidence t‚Ä¶ https://t.co/UvhFBbcPhp"
"@Jim_Jordan Oh yes they do Jim, they still listen to Fauci."
"Fauci is Nielsen as the umpire in The Naked Gun, and coofers are the crowd. https://t.co/SSz6IEhV1S"
"@NIHDirector Covaxin delay again by external force of Pfizer, Moderna and Patron Fauci. All alike Colombian cartels‚Ä¶ https://t.co/GCWz32CEEJ"
Fauci: We May Know Next Week if Omicron Evades Immunity https://t.co/4aaaZa2O3d
Because fauci is not the only evil person in the Federal government. The federal government is full of creeps. Fauc‚Ä¶ https://t.co/j6vLjeNU88
@VegasKit And how much has Dr Fauci made on his investments in the vaccines?? ü§¨
@JDShuttlesworth Thank the Fauci
"@RadioFreeTom @zeynep Tom, this is where you go wrong. You trust experts, basically ppl w/ degrees, many who don‚Äôt‚Ä¶ https://t.co/dsXZ9PCJsh"
"@folding_laundry Well Fauci was involved, so whatever we ""know"" is immediately cast into doubt."
"@hardmoneymag ‚ÄúHold on a sec, let me conf call with Dr. Fauci and Joe, need to confirm what they are going to say about Omicron‚Äù"
Listen to Senator Ron Johnson‚≠êÔ∏è expose creepazoid Dr.Fauci and learn facts about therapeutic drugs and drug induced‚Ä¶ https://t.co/B6ChrloBvt
"@GoldrichRichard Not only did Fauci change the meaning of being vaccinated, but he's trying to change the meaning of freedom."
"Dr. Fauci, pls move to Australia or Austria.  We believe in freedom not forced vaccines. https://t.co/ojdcK45JAn"
Dr. Fauci and Bill Gates masturbate each other to videos of professional athletes falling over from heart attacks.
"50yrs ago Fauci would have been-- dimed out  ""Sometimes You've Got to do Things That Are Unpopular That Clearly Sup‚Ä¶ https://t.co/LPjKxB0z5u"
"Fauci is exactly the type of person Madison, Jefferson, &amp; Adams feared; a  petty, little, unaccountable, bureaucrat‚Ä¶ https://t.co/PV7zw8F1IJ"
"@Hawk__I__Pierce ""Doctor"" Fauci should be in Prison!!!"
"Being vaccinated doesn't means at all you can't catch Covid or pass it. Yet people do not understand this, even Fau‚Ä¶ https://t.co/iONNkIHuC6"
Eventually the definition of being vaccinated will be if you took a booster or multiple jabs. Pure insanity. https://t.co/MLAJjehga4
"#Fauci Pushes #Forced #Vaccines, Dangerous &amp; #Ineffective Untested  https://t.co/iGUAsw9B2p https://t.co/AmcDj0xalq"
"@DrEricDing My biggest concern is that b/c US only sequences 2% of all cases, whatever data comes out on Omicron wi‚Ä¶ https://t.co/Q9YLBPrVGK"
"@LauraMiers Oven broke 2 months into pandemic, bought 2 convection ovens w/ no contact delivery, super fun trying t‚Ä¶ https://t.co/LTua9cWc5u"
"The ""fully vaccinated"" are about to become the ""unvaccinated."" https://t.co/pFLqcIpkwH"
"This disgraceful @POTUS does not care about the American people and to act like a puppet to Fauci is sickening, Fau‚Ä¶ https://t.co/aOgnv35DsV"
"Dr. Anthony Fauci agreed it's only a matter of time before the definition of ""fully vaccinated"" against the coronav‚Ä¶ https://t.co/vHIoF95sWw"
How many times will the definition of ‚Äúfully vaccinated‚Äù change?  https://t.co/kwQwm5uFc5
None of your BeesWax #Fauci #lockupFauci https://t.co/3j0eZPVSiu
So I always wondered what the one world religion would be that is spoken about in Scripture‚Ä¶Anyone think it‚Äôs Covid‚Ä¶ https://t.co/hT6IIYZfi8
@Liberty_Chip @LeChatNoire4 @De4nLove @Leo_Puglisi6 That tree was acquiring natural fire immunity. Which is much mo‚Ä¶ https://t.co/Rmsktz0I7r
These commies will never stop their desperate desire for full control over our lives. They don‚Äôt want us to be free‚Ä¶ https://t.co/TYLIfEnvhH
@Breaking911 Fauci needs to eat a bag of Richards
"@ankurchandra123 @DrJBhattacharya History will not treat the lockdowns, masking, Birx or Fauci kindly."
"The ""news"" is blaming a homeless guy with a lighter.  Hmm, do homeless vote in America ? We know they don't die fro‚Ä¶ https://t.co/VGsQAVnoGI"
Dr. Covid Fauci and his daily idiotspeak. So funny.   When does this shyster go to prison? https://t.co/CVO21DzgUY
@vip_katelayne I got the Fauci Covid chip which updates the CDC of my whereabouts at all times plus can be updated‚Ä¶ https://t.co/AoZ0eeixjU
"DR. FAUCI: ""I would prefer, and we all would prefer that people would be voluntarily getting vaccinated, but if the‚Ä¶ https://t.co/ZzDgMMXubh"
Bill Gates weird ass needs to join Fauci in GITMO https://t.co/bxxXYBZhSN
The Fauci Who Cried Wolf - Ann Coulter https://t.co/SrVeRRHSN6
Fauci only goes on news outlets that echo his talking points. He can‚Äôt stand up to scrutiny. If he believed what he‚Ä¶ https://t.co/J8rq4RlImX
@stillgray Actually... Too many of us like being told what to do.  That is why people like Fauci are so powerful. Too many sheep.
Well worth the time.  Who‚Äôs the Real Anthony Fauci? https://t.co/DySippYetV
@RWMaloneMD It really is time for him to step down.  But he won‚Äôt. And Biden won‚Äôt fire him because he‚Äôs too Trump‚Ä¶ https://t.co/JyfGcZhz8o
@DrEricDing @VincentRK @ConvSix Fauci said it‚Äôs not as severe as Delta‚Ä¶calm down.
"How Dr. Fauci and Other Officials Withheld Information on China's Coronavirus Experiments (Newsweek - Nov 22, 2021) https://t.co/vyPBfQDb7k"
@EternalRiteWing @KellyRek @thrashima @thelamplighter7 @Occidentaljihad @c_cgottlieb @RebbeTakes @johnaconner‚Ä¶ https://t.co/NNdKR9gYRB
@thehill Fauci. Sir . Santa clause is a fantasy though it was based on a real character and he is dead!! CjdistmS i‚Ä¶ https://t.co/tBbsn1yMHh
"No matter what, the snake fauci is NOT welcome and WILL NOT be entering my home! I do not let Murders in my house.‚Ä¶ https://t.co/zcndmrdIyK"
A few moments with Dr. Fauci at the end of this video by the Department of Health and Human Services from 2009.  We‚Ä¶ https://t.co/k9ZzoFXelu
@EmmaSayle it's all tyrannical! I never took that vaccine and my natural Immunity just gets stronger and stronger t‚Ä¶ https://t.co/KZz55Uv2Jt
@ConcernedNurse6 Many are genuinely brainwashed. They actually believe the MSM &amp; Fauci that the ‚ò†Ô∏èüíâ provides longer‚Ä¶ https://t.co/vai9IGjtdX
"@IKantEvenToday Fauci himself said it wasn't a threat, but today we are back to this crap..how are this drug compan‚Ä¶ https://t.co/NvvhD4CDuX"
@thedispatch @greggnunziata This is sort of like the Fauci problem. Democrats are being reckless if they let Schiff‚Ä¶ https://t.co/cffQwMYDTF
‚ÄúI trust the guy who‚Äôs trailer just exploded from making Meth than I do Fauci.‚Äù - @LandauDave on @scrowder  #Omicron #OmicronVirus
Dr. Covid Fauci needs to be 'fully incarcerated' for committing the fraud of the century. https://t.co/2g47waclJH
@7Veritas4 Rand Paul will replace Dr Fauci‚Ä¶üôÑüôÑüôÑ
"@StenyHoyer I ""got the shot"" in Indian Head last week. Not because ""King Fauci"" told me to, but because my older si‚Ä¶ https://t.co/lNeCJfuY0i"
"@RandPaul Faux Liberty, and you are in league with Authoritarians?  President Biden and Dr Fauci represent a health‚Ä¶ https://t.co/OgY75WTCQS"
"@argusleader Because he's lost credibility, Fauci needs to leverage the  gravitas of the Muppets and Santa to snooker the unvaccinated."
Judicial Watch - Judicial Watch: New Fauci Agency COVID Records Reveal Information about NIH Research into the Coro‚Ä¶ https://t.co/fcwQKZiydi
@MonicaCrowley Fauci again begins by encouraging voluntary vaccination action. For a so called ‚ÄúPhD‚Äù you are pretty‚Ä¶ https://t.co/yO3tEPcSDc
"Fauci: In Order to Feel 'Comfortable,' Vaccinated People Should 'Ask and Maybe Require' Christmas Guests to Provide‚Ä¶ https://t.co/z4TUOwIpob"
Anyone else done with gain of Fauci yet? #Fauci https://t.co/NtkM01bvI7
"Omicron variant ‚Äòalmost certainly‚Äô less severe than delta, Fauci¬†says https://t.co/3joWYVhgAi"
How is this man still in charge of the COVID response?   Why has Dr. Fauci not been fired?   Do Congressional inves‚Ä¶ https://t.co/fBlUmhaui2
Fauci should mind his business https://t.co/ONM9sAZzyG
It is past time for Dr. Fauci to retire. https://t.co/0D4s8waIUw
Well good thing the courts recognize that the US Constitution supersedes dictator #Fauci desire https://t.co/bsGJGYwotk
100% of everything #Fauci has said is a lie. https://t.co/cm7fl35jpK
"@CamTheKing @kaitlancollins Yeah, so? Life's complicated. How is this an issue with Fauci's honesty again?"
What idiots go along with this crap?  https://t.co/Ig4nGY63B7 via @gatewaypundit
@McPwned @CamTheKing @kaitlancollins Who said that? Who exactly are you saying lied? Fauci certainly never said 2 i‚Ä¶ https://t.co/0Dz7cB6qbL
Please one click email Fox News executives and tell them to put Lara Logan back on the air immediately. She‚Äôs one o‚Ä¶ https://t.co/OljXMNwlYN
Please one click email Fox News executives and tell them to put Lara Logan back on the air immediately. She‚Äôs one o‚Ä¶ https://t.co/i5PkzA5tOt
"Why isn‚Äôt Fauci asked about the treatment of animals? He‚Äôs absolutely crazy, a killer. https://t.co/9K5TgshTUD"
@OnlineMathsT @peter1978 @UKActionteam Funny that because that's exactly what I said in my original tweet. Where I‚Ä¶ https://t.co/JoiQ8B8rXf
@CamTheKing @kaitlancollins Is later in the year not the future? The analogy breaks down because the virus isn't a‚Ä¶ https://t.co/AxVw3kykwT
"So I have all 3 Pfizer Vaccines, I should be good to go and can take off my Mask Right??? #Fauci https://t.co/x8xhEjXgzj"
Fauci and the fear mongers are moving the goal posts again.  https://t.co/psqUxhlgUl
"Breaking News: The same people that want Dr. Fauci prosecuted, and will vote against vaccine mandates are vaccinated"
"@DavidSteadson So US CDC 2020, we literally heard the same messaging at an official briefing from Fauci, Birx, et a‚Ä¶ https://t.co/pAFQNOUtK0"
@TyJohnsonNews Tyrone just reads the headlines and doesn‚Äôt exercise due diligence and actually research‚Ä¶. I trust D‚Ä¶ https://t.co/PGzAId6ero
@DACDAC4DAC Fauci can't use harmless to stay relevant.
@SecBecerra @HHSGov All well and good but you‚Äôre forgetting the patients that use meds responsibly. CDC guidelines‚Ä¶ https://t.co/xEuHC4F431
"@BrettKelman @RMCarpiano ""The Real Anthony Fauci: Bill Gates, Big Pharma, and the Global War on Democracy and Publi‚Ä¶ https://t.co/xiE9xhL04D"
"We've reached the point where the vaccine (18,000 dead) is more deadly than the latest mutation of the Fauci virus‚Ä¶ https://t.co/Oueef3pSim"
At least the Godless have Fauci
@andrealynn_rn Thank you Andrea!  First rule of viruses... they need the host (you) to live in order to survive. Ki‚Ä¶ https://t.co/qZjVZQgCcn
"Line up and get your drugs. Super Fly, the ‚Äúpusher man‚Äù is here. #CovidVaccine #Fauci @CDCgov @US_FDA @CDCDirector‚Ä¶ https://t.co/sRo48wfJtB"
@phillyrealty I don‚Äôt think #Fauci has much or any clinical experience.
@phillyrealty Fauci is the biggest pumper. #COVID19 #covidvariant #OmicronVirus #OmicronVariant #Fauci
The only way to stop Omnicrom is by agreeing to mail in ballots for the rest of your life   -Fauci   üòâ
@PauloforTruth even murdered children abused https://t.co/hAfOdTsHUQ
@megan_lynnlee I guess we have just been lucky. Only a little soar throat once 8 months ago. Our kids are back in s‚Ä¶ https://t.co/qQHjr2LTmp
@AdamParkhomenko Who will Fox blame? A. Biden B. Antifa C. MSM D. Liberals E. Fauci F. Immigrants G. All of the above
@traumamom4 The CDC Guidelines are a cruel &amp; miserable failure. It's time for PROP to take moral responsibility for‚Ä¶ https://t.co/vCFXe6xMK1
@TinyWriterLaura The CDC Guidelines are a cruel &amp; miserable failure. It's time for PROP to take moral responsibilit‚Ä¶ https://t.co/QmohqiS77N
@mama_c6 The CDC Guidelines are a cruel &amp; miserable failure. It's time for PROP to take moral responsibility for th‚Ä¶ https://t.co/zzes2AexPf
@CMerandi The CDC Guidelines are a cruel &amp; miserable failure. It's time for PROP to take moral responsibility for t‚Ä¶ https://t.co/89EEQ4iybu
The Real Anthony Fauci | Book by Robert F. Kennedy Jr. | Official Publisher Page | Simon &amp; Schuster #Fauci‚Ä¶ https://t.co/Du7xrdf5Cm
The Real Anthony Fauci | Book by Robert F. Kennedy Jr. | Official Publisher Page | Simon &amp; Schuster https://t.co/TVjlnP5flS
@ibdgirl76 The CDC Guidelines are a cruel &amp; miserable failure. It's time for PROP to take moral responsibility for‚Ä¶ https://t.co/Eyoh0NbywI
@Katamac1967 The CDC Guidelines are a cruel &amp; miserable failure. It's time for PROP to take moral responsibility fo‚Ä¶ https://t.co/NfPJ5yAJFl
@Cyanytlas The CDC Guidelines are a cruel &amp; miserable failure. It's time for PROP to take moral responsibility for‚Ä¶ https://t.co/SnhN3jyJL7
@professorannab @Walgreens The CDC Guidelines are a cruel &amp; miserable failure. It's time for PROP to take moral res‚Ä¶ https://t.co/gegi3NNvcY
@ibdgirl76 @CDCInjury The CDC Guidelines are a cruel &amp; miserable failure. It's time for PROP to take moral responsi‚Ä¶ https://t.co/OAbYoewp6V
@jbwatterson The CDC Guidelines are a cruel &amp; miserable failure. It's time for PROP to take moral responsibility fo‚Ä¶ https://t.co/DCxqIFBSbR
@ForensicMHSA The CDC Guidelines are a cruel &amp; miserable failure. It's time for PROP to take moral responsibility f‚Ä¶ https://t.co/9nFCPcqUxn
@caitskirby The CDC Guidelines are a cruel &amp; miserable failure. It's time for PROP to take moral responsibility for‚Ä¶ https://t.co/zpzbNnWUWb
Hmmm interesting   Fauci says Omicron is 'almost certainly' not more severe than Delta https://t.co/5FlbNBilyY via https://t.co/cACThIOWQv
The good doctor has a record of shading the truth to benefit himself.   Media Lambastes Sen. Ron Johnson for Speaki‚Ä¶ https://t.co/gOQBprA1ni
Today‚Äôs kids are tomorrow‚Äôs adults so Big Pharma got to make #CovidVaccines work now; or face mistrust &amp; low engage‚Ä¶ https://t.co/ULX0KOW5JZ
"@Tan_gandolfo @wojespn Each mutation is getting weaker‚Ä¶ check the SCIENCE. like real science, not Fauci"
Show this to Bill Gates and Anthony Fauci‚Ä¶ oh I forgot to mention Brandon.  https://t.co/aC63a7BsFC Elon Musk says‚Ä¶ https://t.co/nsYio19Yur
@catturd2 Wuhan lab not bat virus a insult  to the American  people to pretend this came from a bat this came from‚Ä¶ https://t.co/2s9muLtt4V
@EpsilonTheory @Biomaven Too bad Fauci and Biden aren‚Äôt two of them.
I legit lose sleep over Kary Mullis. Mullis tried to warn the people of Fauci for decades and then he dies right be‚Ä¶ https://t.co/oVySpkxNcd
None yet in our ICU üôèüôèI found this on NewsBreak ‚Äì the #1 local news app used by 45+ million people: Omicron variant‚Ä¶ https://t.co/C8M3kXdJsF
@Northcoast01 @Furado_101 @newscientist They talked about herd immunity and biden fauci clearly said you are not go‚Ä¶ https://t.co/27PN26sacV
@AConcernedPare2 @sarahbeth345 They listened to Birx and Fauci.
'Don't Impose #Fauci-ism On The Whole Country': DeSantis Comments On Omic... https://t.co/Yxc85770Qd via @YouTube
‚ÄúI trust the guy who‚Äôs trailer just exploded from making Meth than I do Fauci.‚Äù üòÇüòÇüòÇ @LandauDave @scrowder
0h 4 Omicron-ing out loud‚Ä¶ stop believing every word that comes out of Fauci‚Äôs mouth‚Ä¶ He cannot tell the truth any‚Ä¶ https://t.co/c2Z7wLdaXy
I knew that when I heard doctors in South Africa say it didn't seem more serious than Delta. ü§∑‚Äç‚ôÇÔ∏è thanks for fillin‚Ä¶ https://t.co/dsVZcETiez
@DonaldJTrumpJr @joerogan Seems to fit.  Trusting Joe Rogan over Dr. Fauci is like hoping that your drug dealer doesn't give you laced blow.
"@GypsySoul1_0 It's a little song I just wrote called ""go eff yourself Dr fauci"" I expect it to shoot to number 1"
...are getting it. And the whole time TRUMP WAS SPOT ON. You know fauci funded the creation of covid for gain of fu‚Ä¶ https://t.co/Kx5LAPcd9n
@NIH @CDCDirector @CDCgov @WhiteHouse Lara Logan is right! Fauci is Joseph Mengele‚Ä¶a sociopath‚Ä¶only difference‚Ä¶Fauc‚Ä¶ https://t.co/zfy40NzYaM
@bobl185 Except Fauci is not as smart.
None yet in our ICU üôèüôèI found this on NewsBreak ‚Äì the #1 local news app used by 45+ million people: Omicron variant‚Ä¶ https://t.co/qQQH2nGl8i
My Birthday Message To a World in Turmoil -- Stop trying to conquer a #virus that #Fauci created by doing what he s‚Ä¶ https://t.co/RdwzhFXPYL
"@DrScottBalsitis Unfortunately, Birx, Fauci and Walensky have one track minds. To them, only covid counts. Damage d‚Ä¶ https://t.co/csF1Nx32FK"
@rupertmurdoch @BillGates man fauci is a superstar he‚Äôs bigger than Joe said other day was precursor true he is wil‚Ä¶ https://t.co/CYu9LCenPA
@rupertmurdoch @BillGates just really beating us down with fauci cramming his down our masses throat you guys really think he‚Äôs that great?
@ilovedonrickles Why? Because they just don't. But don't ask Birx and Fauci to admit it!
Crystal Clear Science Shows Fauci and Other Government ‚ÄòScientists‚Äô Should Have Promoted Vitamin D to Combat Pandemi https://t.co/D20ok0BV0Z
Omicron: Just in time for the holidays. (This is why our family is skipping the holiday train ride with friends des‚Ä¶ https://t.co/7wwk8rUyVr
@pizzapicklespur @deNutrients @KelvinW40709444 @dymchwel @RightsSpiritual @KrystianMarek11 @Anonylyzer13‚Ä¶ https://t.co/SQS61cD9rZ
The complete avoidance of natural immunity by the likes of Fauci and his comrades shows it‚Äôs not about science. It‚Äô‚Ä¶ https://t.co/j7pEU9wj5v
@Aikonsteve @ohchaosparadox Really.  https://t.co/uU4mKzkl1R
Fox News Suspends Lara Logan After Dr. Fauci Complains She Criticized Him https://t.co/MyyRYzmENs
@laralogan disappears completely after a disgraceful attempt to pander to Trump's base in order to regain some rele‚Ä¶ https://t.co/BkuBla6MbS
"@kr3at Way to twist words - Fauci did not claim that.  Actually, he went out of the way to say that it‚Äôs too early‚Ä¶ https://t.co/2NTIQjf5ky"
AHA &gt; fauci.  Ty thats all.
"When the GOP read Animal Farm, they thought it was an instruction manual. GOP: Trump deserves a lot of credit for d‚Ä¶ https://t.co/t9YvHg3aBo"
@newsmax Maybe Fauci can drum up a new variant for Mr. CHINA angry man.
"I ask this every freakin day. He had the guts to fire Comey, but not Fauci? I will never understand that.   The mom‚Ä¶ https://t.co/H8RvB3xuvy"
"@TomiLahren Because Fauci really needs the üí∞, right Tami ???  Fauci has been instrumental in the fight against AIDS‚Ä¶ https://t.co/ByPNefNFdL"
"COVID-19: Indications Omicron is more transmissible than Delta variant, Boris Johnson says - as Fauci suggests it i‚Ä¶ https://t.co/h2bGNabvGj"
@skyhorsepub I have read The Real Anthony Fauci. Mind-blowing.   We have to fear to totalitarianism and corruption‚Ä¶ https://t.co/GPiVC9FzpR
Here‚Äôs the thing about the media reporting that omicron will be ‚Äúmild‚Äù based on things like Fauci saying the severi‚Ä¶ https://t.co/NgEfHdK7gp
@RastaRedpill We are done with Fauci. Would you like him for a while. He no longer seems American and he would be happier in a a new home.
@Trydus Yep. Tony is the Reason for the Season!üòÇü§£ https://t.co/lbykYFelgu
New take on an old classic for Fauci https://t.co/HfNL02cbXo
Fauci: How to decide if holiday parties are Covid-safe with omicron https://t.co/9jW9mrYSLd
@markeology Hahahah that is such a great idea. But more variants???? That is so scary üò± Would be so awesome narrated by Dr. Fauci!!!!!!!!!
"News item fro https://t.co/cTY7zCaH9D: Dr. Anthony Fauci says Omicron is ""almost certainly"" not more severe than De‚Ä¶ https://t.co/RAmB1BUQBU"
@RandPaul Time to ask Fauci a few more questions. https://t.co/Ig1tk8HZ3G
Breaking News: Dr Fauci announced that Omicron only kills shorts.   #stocks #omicron
@imurhucklbrrry Why? Because that is what Fauci wants.
Guaranteed with Fauci in charge. https://t.co/2df7JZewau
@CryptoWhale Fauci needs to be removed
@HeyBooBoo16 Another reason why lord fauci and his accomplices must be held responsible.
"""If you test positive for #Covid19 (#CCPvirus) take action right away, don't wait."" The exact opposite of what Dr.‚Ä¶ https://t.co/kphQlr8SP6"
"The plandemic isn‚Äôt killing everyone we know‚Ä¶ like the media, Fauci &amp; this fraud admin says it is.  Resist the lies &amp; tyranny."
"@irothenbaum @VAKruta Like I said, there has been NO big push from Fauci and others on obesity. It‚Äôs an asterisk at best."
@cascadecrimson @PeterHotez I had a similar encounter with a vet friend. He served in Iraq &amp; suffers from TBI. He f‚Ä¶ https://t.co/pbG6gaYEyZ
@TonyArm1956 @LindaNTx Fauci DIRECTLY fostered and led the ban on hydroxychloroquine early on in 2020. This move al‚Ä¶ https://t.co/zJnPdBqBqY
.@ATT Is your company violating CDC guidelines! #TikTok https://t.co/dRTywybADa
@FoxNews Which side is comparing a life-saving vaccine to the Holocaust and calling Dr. Fauci a notorious Nazi-era‚Ä¶ https://t.co/MU4QQoRhFp
@irothenbaum @VAKruta There‚Äôs been a ‚Äúbig push‚Äù from Fauci on obesity wrt the pandemic? Kindly show me all the ways?
These poor souls have been so scammed and brainwashed by the tyrants pushing these garbage shots. It is truly heart‚Ä¶ https://t.co/zcxExRRfEy
"You would think after the pandemic slaughtered so many fat people, there would be a bigger push for folks to go out‚Ä¶ https://t.co/1wMJR9aDWB"
"Could it be possible that while Fauci knew that the lab leak occurred, he may have approached Trump to tell him we‚Ä¶ https://t.co/9i0LX8uUQ6"
"Can dr fuck face fauci just vaccinate the shit out of this cunt until she is dead ?    Really, her value to civiliz‚Ä¶ https://t.co/dLDBev8ghS"
Why or just why would a person of Fauci's caliber deal with people with half of his education because he cares.  Be‚Ä¶ https://t.co/lNQtC1ZsdP
"Watch! Candace Owens RIPS Dr Fauci to SHREDS with One EPIC WORD, Gets A ... https://t.co/ErySGGtAVp via @YouTube"
@BBlues50 Fauci will soon be in prison.
Fauci did 'immeasurable harm' with premature warnings on omicron: Pavlich  https://t.co/CMRvpHsc24
Fauci thinks he is God
Birthing Person Withholds Christmas Gifts Until Son Gets Fauci Jab https://t.co/eYUFV4flvm via @YouTube
@jlo5588 @AlexandraLevi20 What is the science??  Fauci???ü§£ü§£ü§£
I trust Kreskin with my health more than I trust Fauci https://t.co/7Xb5UNoOvH
@tedcruz  Cancun Cruz is continuing to try and use smoke and mirrors to hide his own impenitence.  This is the head‚Ä¶ https://t.co/VIYeoALrpQ
Fauci did 'immeasurable harm' with premature warnings on omicron: Pavlich https://t.co/qNgOhogyBs #FoxNews
Fauci did 'immeasurable harm' with premature warnings on omicron: Pavlich  https://t.co/VdR0yf3SH1
"Throwback to 10/20/20 how the vaccine increased the risks of HIV transmission is unknown, a conference convened by‚Ä¶ https://t.co/GfqkdqlUKS"
Fox News Disappears Lara Logan From the Air Following Fauci Attack https://t.co/5wTHt1re2d
I trust Dr. Fauci! https://t.co/YLEdiWcMQm
"After Comparing Anthony Fauci to Nazi Doctor, Lara Logan Disappears Off Fox Airwaves https://t.co/o2cidM567I"
Fuck Fauci  !! https://t.co/9DHdipan0X
Sen. Ron Johnson Drops a Truth Bomb - Says Many Americans Died From Covid Because Fauci 'Sabotaged Early Treatment‚Ä¶ https://t.co/Ze7aXY5hLZ
@Jim_Jordan The @GOPLeader @JudiciaryGOP @@LeaderMcConnell @GOPChairwoman @GOPSenate  @GOPHouseOfRep you better lea‚Ä¶ https://t.co/kqgFbqL2L5
"Rand Paul Issues Blistering 12-Word Statement About Anthony Fauci, Accuses Him of Lying to Congress via‚Ä¶ https://t.co/bWuxrklOAK"
@MootsVaMoots @aidnmclaughlin But Fauci is like mengele.  what are you talking about?  Fauci funded the creation of‚Ä¶ https://t.co/FiUlxDdai3
@tedcruz It‚Äôs silly.  The vaccinated are the ones going to the hospital!   They are doing way way to much and look‚Ä¶ https://t.co/0ZSkhQDR0E
@thevincedao Or when Fauci Claus brings them their 7th Booster Shot for Sciencemas
"@markallanbovair I heard Fauci say if you are vaccinated and in a room with an unvaccinated, you should wear a mask. ü§∑‚Äç‚ôÇÔ∏è"
@MartinKulldorff @katrosenfield This is a BS article. There always has to be a degree of absolutism in public healt‚Ä¶ https://t.co/4aAiDVhuu7
Yet we continue to follow the #BlindMouse #Fauci #COVID19 #ScottAtlas  https://t.co/m5GYtO0CIC
#Fauci can‚Äôt put a mask on me. #trustscience #fakescience https://t.co/oM0NqkK3nC
@PrgmaticPolitic @blake_pitts13 @BAMeyers11 @MollyJongFast US Fed Govt contracts pay more than private or States co‚Ä¶ https://t.co/h8cobrNDfV
@PrgmaticPolitic @blake_pitts13 @BAMeyers11 @MollyJongFast Heard on TV 80% of Adult US pop is vaccinated. But now F‚Ä¶ https://t.co/3kscCBgGQp
"Oh no, Dr Fauci talking again and all I hear is blah, blah, blah."
"@RitaJon64141618 @sweetleaner He‚Äôs not worried, Pfizer stock &amp; Anthony Mengele Fauci have him covered."
"So Fauci, the guy who funded the research on HOW TO MAKE COVID MORE DEADLY is going to tell you how to act during t‚Ä¶ https://t.co/2XOIa7J9Kw"
People died because treatments were suppressed   https://t.co/1ZaSFoa9Ae
I find it interesting that people around world will immediately believe anything that someone with the name ‚Äúscient‚Ä¶ https://t.co/yJkRcQ3Xc8
OUR BLOOD AND HIS GUTS: Anthony Fauci and the Creation of the Bio-Security State. A new populist sp‚Ä¶ https://t.co/BPBUzkNo5I
@RandPaul Fauci is the root cause of the pandemic. His contract with the Wuhan Lab for gain of function experiments‚Ä¶ https://t.co/EwXd9wsxb9
@Guns_Velez @jackmurphylive A lot of people who voted for him agree with me. He will have a hard time courting them‚Ä¶ https://t.co/HwU9H45AZc
Comrade Ron Johnson is spreading his bullsh_t again!  Overhyping AIDS? Fauci calls Sen. Ron Johnson's comments 'pre‚Ä¶ https://t.co/tENoBeubl3
"Dr. Anthony Fauci says early data appears to show that the #omicron variant does not make people more sick, though‚Ä¶ https://t.co/S9YZr6vB2K"
It is utterly unbelievable that Frankenstein Fauci isn‚Äôt in handcuffs along with him minions! Crimes against humani‚Ä¶ https://t.co/b6eqAeUVzA
"@GeneforTexas Why would #Fauci go to the border @GregAbbott_TX , that‚Äôs literally not his job. He‚Äôs doing his job,‚Ä¶ https://t.co/UKMmlAPUwn"
"If Fauci and Biden get their way, America will never go back to normal.   It will be an endless cycle of variants,‚Ä¶ https://t.co/R1vvOoY3pB"
Fauci: Early Omicron data from South Africa 'encouraging' - Business Insider https://t.co/WYge4uZlIR via @GoogleNews
@ACLakeMD Remdesivir study in Africa was discontinued ~5 years ago bc of high mortality rate. Fauci pulled a rabbit‚Ä¶ https://t.co/2cB7qWLG19
Fauci suggests South Africa travel ban could be short-lived https://t.co/zW0ovNUisP https://t.co/P3BFFoxvva
Fox News is a massive disappointment. Why are they protecting Fauci? https://t.co/hnesZZPjMD
@PrgmaticPolitic Dude try to keep up You don't think aborted Fetus tissue are not used in Govt Funded Research in M‚Ä¶ https://t.co/62wFC7jY0Q
Wow! FOX News Sidelines Lara Logan After Dr. Fauci Complains About Her Nazi Doctor Comparison https://t.co/3chDNUrViN via @gatewaypundit
@samantha_subin @corystieg @CNBCMakeIt Here‚Äôs how to decide what to do: ignore anything Fauci and the media say.
Fauci encouraged that omicron doesn't appear to be more severe https://t.co/snDbD7I7IN
"Seriously, how many intelligent republican politicians, by their own words and actions, do you know who has the cap‚Ä¶ https://t.co/vM1zIkPZ0o"
@jot_au @kylegriffin1 @CNN Yes it is. Get informed. Look in the AIDS virus and Fauci‚Äôs role. A little digging and y‚Ä¶ https://t.co/bEgFC6z9Qx
@RobotShlomo @demonscythsynth I don't trust most doctors because they're wrong.  Only 1 out of 5 of them are more t‚Ä¶ https://t.co/mbNPXrjmk2
I thought Dr. Fauci is a medical doctor. Is he Dem doctor?
@blake_pitts13 @PrgmaticPolitic @BAMeyers11 @MollyJongFast I'm all for #MyBodyMyChoice but I'm not for paying for s‚Ä¶ https://t.co/raFPiNwIx2
I see a parallel with fauci and Dr.Mengle https://t.co/rJHUPWfvRB
Dr. Fauci should stick itüíÅüèª‚Äç‚ôÄÔ∏è https://t.co/2jcfyePcjO
"One thing we know about Fauci, if he is speaking, he‚Äôs lying! https://t.co/MpTMRq0ZfN"
Wow! FOX News Sidelines Lara Logan After Dr. Fauci Complains About Her Nazi Doctor Comparison https://t.co/H6jNAe6dw2 via @gatewaypundit
"Why would our garbage NIH, FDA, recommend vaccinating kids! It‚Äôs utter lunacy! Why are they mandating such bullshit‚Ä¶ https://t.co/R7nK6FodaF"
@just_mindy Fauci seems more like the false prophet to me.
"A #PandemicOfFear. ‚ÄúOverall, I‚Äôd say that we‚Äôve had a pandemic of fear. And fear has affected almost everybody, whe‚Ä¶ https://t.co/dTw8pfyTdE"
Coming up on #TDRLIVE: Start your day here: Michigan school shooting aftermath; Fauci on the omicron response; week‚Ä¶ https://t.co/xbMBj9XIwd
They undermine and ignore science. Maybe b/c Fauci is science?? https://t.co/iQjwk7hrZU
Soak in some Vitamin D and you‚Äôll be just fine. #F***Fauci
@chrissaccoccia1   Chris hope you watch Dr.David Martin in Cowboy Logic show where he Reveal Dr Fauci Crimes Agains‚Ä¶ https://t.co/hr4WqLTN4x
"U.S. HAS 4.2% WORLD'S Pop. But has 20% of all C19 deaths!  ""If you look at Dr.Fauci's record,it's  really extraordi‚Ä¶ https://t.co/OnEGwgubHY"
I like seeing Fauci finally dropping the gloves a bit. https://t.co/cgkXduIPYZ
Birthing Person Withholds Christmas Gifts Until Son Gets Fauci Jab https://t.co/yXwS7Fc1RD via @YouTube
Fauci's Biowarfare Titanic Is Sinking: https://t.co/BWIpAia38n
@giiannib @katieappleseed7 Not a newsletter. Just a blog. Haven't been writing lately. Too tired with too much to d‚Ä¶ https://t.co/ZJ67Rm8qk2
Wow! FOX News Sidelines Lara Logan After Fauci Complains About Her - Simply Patriot https://t.co/grSPVt6bV7
Dr. Fauci: Early Data On The Severity Of Omicron Variant Is 'Encouraging' https://t.co/uQ63Zg9qCS
I lost many family members during the Holocaust &amp; condemn Fox News‚Äô Lara Logan for comparing Dr. Anthony Fauci to N‚Ä¶ https://t.co/CISnwDkwM7
JUST IN: Jim Jordan Hammers Fauci Over 'Science' Comments: 'This Is What Scares Me' https://t.co/GBMa99VBkp
"@BillHanage Individuals were conditioned to distrust, reinforced from disinformation, nothing sig being done to add‚Ä¶ https://t.co/XKc7U6RMu9"
@MeghanMcCain I don‚Äôt trust words from this woman who still constantly bashes Dr. Fauci and others attempting to sa‚Ä¶ https://t.co/HZVMAxCsD4
If lord fauci had ever acknowledged for a minute that therapeutics like hydroxycholoquine and ivermectin were helpf‚Ä¶ https://t.co/vyeqILnuMi
For Fox  take no action after dingbat Lara Logan compared Fauci to Josef Mengele confirms that Fox promotes Anti-Se‚Ä¶ https://t.co/3MMAsl2Mnm
"CNBC - First data on Covid omicron variant's severity is 'encouraging,' Fauci says @CNBC https://t.co/C07cgqsMao"
"Ministry of Truth, memory hole version: Fox News Disappears Lara Logan From the Air Following Fauci Attack  https://t.co/UxKtVaT3kt"
Fauci dumbfounded by GOP senator's false accusation https://t.co/UWerfh0Ujz
@AlexisBadenMaye It‚Äôs pretty obvious Fauci sees himself as untouchable.   If you can get away with Genocide once ...
"Hey @att  - we‚Äôd like the pandemic to end, how about following @cdc guidelines! https://t.co/1fCsiEK24K"
"The White House's Chief Medical Advisor Dr. Anthony Fauci¬†said on Sunday that early data was ""encouraging,"" but cau‚Ä¶ https://t.co/mYs8uu24TW"
"Fauci Says End to Pandemic Is in Sight, Thanks to Vaccines By Tim Loh November 12, 2020, 8:36 AM EST"
@EddieRe87325498 Little Lord Fauci did that. He's been killing people and torturing animals for decades.
"Another way for Frankenstein Fauci to kill more people faster! They pushed this garbage and banned ivermectin, does‚Ä¶ https://t.co/Brq26I1gEh"
Dr. Fauci Isn‚Äôt Taking It Anymore As He Unloads On Sen. Ron Johnson   https://t.co/gMEtc1wPbf via @politicususa
@GeorgePapa19 No respect for Rand Paul. Absolute respect for and trust in  Dr Fauci.
@ellisdewald3 @kylenabecker Your buying into the fear mongering that our government pushes. It is a fact the Fauci‚Ä¶ https://t.co/7UsRz8n5KV
"Another so-called ""variant"" that will impact almost no one. Americans are moving on, leaving the political elites a‚Ä¶ https://t.co/WJn3MRtVkz"
"First data on omicron Covid variant‚Äôs severity is ‚Äòencouraging,‚Äô Fauci¬†says https://t.co/5V82tjeed4"
@Sarah_76_US @ChuckCallesto Because Trump and Fauci are working for the same boss.
Is Dr. Anthony Fauci poised to be this generation's Josef Mengele?
"Top Health Officials Share Optimism, Concern On Omicron Variant Of COVID  ""Thus far, it does not look like there&amp;#0‚Ä¶ https://t.co/o1yKTes13K"
U.S. health officials said Sunday that while the omicron variant of the coronavirus is rapidly spreading throughout‚Ä¶ https://t.co/7PWCK9Iixf
@DeppermannTerry @777DEAN777 Did a Google search on adverse vaccine reactions. Sure about that?  Look at your list‚Ä¶ https://t.co/NozH5uye21
"Wowwww is the Best Info Dr.Martin say about Crimes of FAUCI @SebGorka ,@DineshDSouza ,@jfradioshow ,@GeorgePapa19‚Ä¶ https://t.co/nqsHrIYUCU"
Dr. Fauci finally WRECKS Republican Senator live on air https://t.co/zJ7STbDIpi via @YouTube
Milk that Virus ü¶† Fauci &amp; Friends‚ÄºÔ∏è https://t.co/1dGag58Pup
Fauci says early reports encouraging about omicron variant https://t.co/s1GQeoNpae
@SenRonJohnson @alex_delany1 Replace Fauci with Trump and you're correct.
Fauci not only help kill thousands of Americans but hundreds of thousands in world  Sen. Ron Johnson Drops a Truth‚Ä¶ https://t.co/MKJym6R2vW
@ckolchacksghost @gatewaypundit Fauci's mangina got hurt.
"@AymanMSNBC @VinGuptaMD @AymanM Btw, I remember the day Fauci said not to wear masks also and it's always in the ba‚Ä¶ https://t.co/D2h8MWcNNO"
"Anti-vaxxers hate Dr. Fauci because he uses actual facts &amp; science, unlike Faux Noise. #VaccinesWork #Vaccine https://t.co/RGY5w48Bxu"
I'm back after 7 days in Twitter jail for criticizing Fauci
We debunked the myth that Fauci was conducting experiments on puppies. I guess the TFG cultists just ignored that information.
@BlumkinPie @DavidColeStein Trump didn't mandate masks or vaccines. Tried to weaken the incompetent and dishonest F‚Ä¶ https://t.co/qCqLpXhILY
@jkempcpa AOC would be tone-deaf IF she actually said that.  But coming from an outlet with opinion pieces  mocking‚Ä¶ https://t.co/OUqo0qjzs9
@HappyCycler Or Fauci or school boards or the CDC or... or... or...
@seanhannity Blame China and Fauci
Coronavirus: Fauci calls Republican ‚Äòoverhyping‚Äô claim ‚Äòpreposterous‚Äô   https://t.co/5LGas8lQ4Z
@mtshadowfilm Who plays Scrooge? Fauci?
"@atrupar As an infectious disease expect, why does Dr. Fauci need to visit the border?"
"U.S. health officials say that while the omicron variant of the coronavirus is rapidly spreading in the country, ea‚Ä¶ https://t.co/zMLnl6i1wM"
"Who has the authority to fire Fauci?  I can think of a much better use for his inflated $400,000 a year salary..."
@wyskippy @LizClaman Fox Nation clown Lara Logan comparing Fauci to Mengeles
Dr. Fauci finally WRECKS Republican Senator live on air https://t.co/eZ3zTvAxXo via @YouTube
"@DrOz Nope! You contributed to the division by not supporting Dr. Fauci, you know, the expert in epidemiology and l‚Ä¶ https://t.co/SL564MoJ8S"
"Anthony Fauci says 'Wuhan strain,' which ignited a firestorm for admitting the 'racist' origin of COVID-19 https://t.co/7aF8kF9w6J"
"Don Surber: You called Trump Hitler, we'll call Fauci Mengele https://t.co/tN8AXpP0v1"
Fauci on GOP senator: How do you respond to something as preposterous as that? - CNN Politics. Ron Johnson is a dum‚Ä¶ https://t.co/LL7y2uHCMt
"Senator Ron Johnson Says Many Americans Died From Covid Because Fauci 'Sabotaged Early Treatment Using Cheap, Avail‚Ä¶ https://t.co/yl7Cn0HwC9"
Dr. Fauci LASHES OUT After Getting His Feelings Hurt by Fox News - https://t.co/83N3Y3CKh7
@atrupar These people are so disingenuine.  Abbott knows that Fauci has no business being at the border.  He doesn'‚Ä¶ https://t.co/hcTROUp43z
"@atrupar Does Abbott want Fauci to personally administer vaccines at the border?  Or in other words, WTF?"
@calsandy Fauci doesn‚Äôt seem too concerned so far
Fact Check: This can't betrue? Fauci is a criminal? Fauci lied and obstructed Justice? Fauci committed Malfeasance‚Ä¶ https://t.co/xnrxm0wCa4
Dr. Fauci Isn‚Äôt Taking It Anymore As He Unloads On Sen. Ron Johnson https://t.co/10Sdh4m5CX via @politicususa
@FareTheeWell19 @AliciadoesM All of a sudden Fauci appears Christlike
"Senator Ron Johnson Says Many Americans Died From Covid Because Fauci 'Sabotaged Early Treatment Using Cheap, Avail‚Ä¶ https://t.co/0vvHU7n6iB"
"The Omicron variant of the coronavirus has spread to about one-third of U.S. states, but the Delta version remains‚Ä¶ https://t.co/P630A5yKD6"
"‚ÄúThus far, it does not look like there‚Äôs a great degree of severity to it,‚Äù Fauci said. ‚ÄúBut we have really got to‚Ä¶ https://t.co/iGbOSkExvf"
Millions and millions of people who want a chance to get even with Fauci and every politician who enabled him in hi‚Ä¶ https://t.co/XJDK41xOQ5
Fauci says early reports encouraging about omicron variant https://t.co/JFUE15G13q #Health
"I TRUST FAUCI LIKE I TRUST HILLARY, PSUCKY, BIDEN, SHIFFTY, KUMALA, GHISLAINE, EPSTEIN, PELOSI,ROMNEY, COLLINS, MIL‚Ä¶ https://t.co/5DzDjQg05c"
Fauci says early reports encouraging about omicron variant - ABC News   https://t.co/6X63fmTbFM via @ABC
@atrupar cc @WHCOS  Can you *please* stop trotting Dr. Fauci out? He isn't a good messenger for the cause anymore.
@patriottakes I‚Äôll go with fauci thanks.
Omicron variant found in nearly one-third of U.S. states https://t.co/gsCHS6KaJh
@BlowhardEsq Feel like there‚Äôs a reason US media doesn‚Äôt talk about. Is it strategic? Something relating to US /Mex‚Ä¶ https://t.co/Z07bhJ2vAK
@SpaceLaserSoros @redsteeze Fauci is COVID. He‚Äôs the reason for all this
@JenHenning3 @Motivation724 Fauci cost lives with his incompetence.
@Majormac1 @KThomasEllis @Thenina77 @Jim_Jordan @RandPaul @tedcruz @SenRonJohnson @GOPLeader @LeaderMcConnell You‚Äôr‚Ä¶ https://t.co/0zJcxECvew
@DavidLund6 @jordanbpeterson A much better way is to advice everyone -especially POC - to take 4000 iu of vitamin D‚Ä¶ https://t.co/Mw27Gw4rbU
"No one knows, we‚Äôre calling it narcissistic mind virus! It‚Äôs incurable! Fauci has it too! https://t.co/MOV2OQAhoJ"
Fauci says early reports encouraging about omicron variant https://t.co/VHLYYVT28C
"He knows he‚Äôs circling the drain right now, him and Frankenstein Fauci, the wheels are obviously coming off the bus‚Ä¶ https://t.co/eQoV4SnHff"
"Dr. Fauci will be on our tree in 90 minutes or so.... üéÑüéÖüéÑüéÖ @ Merchants Square- Williamsburg, VA https://t.co/vIH8h38qML"
@Jennie_SC1 @9livez1 @RealDoctorT @CleeseRaymond @Q_Estrada @RepublicanRehab @desjardins7 @ReganLieutenant‚Ä¶ https://t.co/arrxjgSZAP
@SenRonJohnson You can blame Fauci all you want. You‚Äôre trying to convince your supporters it‚Äôs his fault while tel‚Ä¶ https://t.co/TQgEhAApNf
"@dmedina463 @DonaldJTrumpJr @joerogan Maybe you should do some research on your God, Fauci. He's not the holy one e‚Ä¶ https://t.co/4BNaltToSi"
@benryanwriter @guardian @MartinPengelly As blowhards bleat contextless about Fauci‚Äôs ‚ÄúI represent science remark‚Äù‚Ä¶ https://t.co/J8KuslD8IC
Rand Paul Rips Fauci: ‚ÄòLive Your Life and Ignore This Man‚Äô https://t.co/fjk0CPhZCw Never forget: Fauci is as respon‚Ä¶ https://t.co/EFuuyYeGw5
U.S. health officials said Sunday that while the omicron variant of the coronavirus is rapidly spreading throughout‚Ä¶ https://t.co/VmATy1756D
Ever wonder why the govt changed its definition of vaccine in 2021? Because the (Covid vaccine) is not a vaccine. V‚Ä¶ https://t.co/IkkusFmK3o
@ForrstJames @RyanGigous @RevShark Fauci is the Fear-monger in Chief..just doing his job.
"The Frightening Secret Of Anthony Fauci‚Äôs Survival He's lied to the public, to Congress, lied about the lies, and e‚Ä¶ https://t.co/6MB3ZOLaCu"
Fauci dumbfounded by GOP senator's false accusation - CNN Politics https://t.co/qkuOMKtYNK
"Notice the USA, Canada, and Australia are not on this list! Why? Because of Fauci! He filling his pockets and his e‚Ä¶ https://t.co/BOVF3PXESU"
"@laderafrutal I bet you feel like Fauci reading a Facebook page called ""the Medicine Center"" who says vaccines are bad."
Fauci says early reports encouraging about omicron variant https://t.co/5QlKwQkesb
@Independent Fauci needs to be put in jail for crimes against humanity &amp; as such needs to be stopped as he‚Äôs a very dangerous human being.
TFW Fauci's prison time is being negotiated by based libertarians. https://t.co/R1HHXrb0tq
"He has narcissistic mind virus, so does Frankenstein Fauci! It‚Äôs incurable! https://t.co/UBdjAGVFyG"
"She‚Äôs suffering from the new deadly virus, narcissistic mind virus! Fauci and Gates have it too! https://t.co/AdUTZO6APR"
Thank you Dr. Fauci. https://t.co/VQhofDn5zi
"@MAK__trading Hopefully we don't get at the end of the day:   ""first case found in &lt;enter any country here&gt;""  PFE,‚Ä¶ https://t.co/vbXewys2wn"
"Like him or not, Dore is an important source for Inconvenient Truth. ‚ÄúDemocrats TURN on Merrick Garland Over Jan 6‚Ä¶ https://t.co/VEZevlHAxb"
"‚ÄúThat Garry, shortly after abandoning and publicly repudiating his view that COVID was made in a lab, received subs‚Ä¶ https://t.co/fwxLd6brdM"
Fox News Disappears Lara Logan From the Air Following Fauci Attack https://t.co/uUr0lXTZcU via @mediaite WHY should‚Ä¶ https://t.co/iyeKy1hB7d
"@marwilliamson They have an imprisoned audience already, a delusional and fearful public ready to stampede any dire‚Ä¶ https://t.co/Z1DSAvWCUE"
@atrupar What surge?  What good would that do to have Fauci present? He's a virologist not a bureaucrat.
"‚Äú[T]hus far the signals are a bit encouraging,‚Äù Dr. Fauci said of Omicron on CNN  ‚ÄúIt does not look like there‚Äôs a‚Ä¶ https://t.co/lMsitOKbxt"
Truly a WTF moment. Why would Dr. Fauci be at the border? I guess they rant just to try and keep themselves relevan‚Ä¶ https://t.co/NGm1djx5lX
"Fully vaccinated family members can celebrate holidays without masks, Fauci says - WISH-TV | Indianapolis News | In‚Ä¶ https://t.co/4uXtg2FGbx"
@BJamaste @LorenzoCastane3 Since Fauci is responsible for the funding of gain of function as I believe has been pro‚Ä¶ https://t.co/nkaqV06vfk
Constipated News Network doing the Fauci shuffle #CNNSTFU https://t.co/dXgwNdL4jT
"@rjarrettjr @DonaldJTrumpJr @joerogan Ralph, please utilize your right to refuse treatment from all doctors who respect Fauci."
@DonaldJTrumpJr Sign up to perpetuate the pandemic because Donald Trump has demonized Fauci.
@obibluraven @TAGIII @GeorgePapa19 Ok mang sure Either way have a good day. Not a big deal don‚Äôt take it to heart w‚Ä¶ https://t.co/zAaG6MLUxK
"@Phil_Motta Is he, or is he a career politician of 40 years, and the highest paid person in government? Ill give yo‚Ä¶ https://t.co/yDxccxMeLU"
@obibluraven @TAGIII @GeorgePapa19 Enjoy your life and it‚Äôs not that serious but we will have a great court per ses‚Ä¶ https://t.co/7KiIGGELGG
@obibluraven @TAGIII @GeorgePapa19 The truth will come out soon enough and your questions will be answer. He‚Äôs goin‚Ä¶ https://t.co/v8VSMkjrQR
@JVR926 Fauci? Not in a box. Not with a fox. Not in a cab. Don't trust his jab.
"yet again the two people most likely responsible for the pandemic that's killed nearly 800,000 Americans go on TV a‚Ä¶ https://t.co/gEJj1zbTMd"
@DeppermannTerry @777DEAN777 You're advocating misuse of images/video while simultaneously complaining about that l‚Ä¶ https://t.co/fKJ6y7MbC6
"Sen. Johnson says 700,000+ deaths are ‚Äúoverhype‚Äùby Dr. Fauci, I wonder what will be a reality for him, 1,000,000+?"
@obibluraven @TAGIII @GeorgePapa19 Excuse me miss I do understand the coronavirus molecular structure. What the med‚Ä¶ https://t.co/64SinBZzhr
#DrDeath #Fauci when he experimented #AIDS drugs on black #orphans in #NYC? When you're #wicked you lose your youth‚Ä¶ https://t.co/Xr5iVBySeC
"Dr. Fauci, who claims to be a man of science, does not care about covid coming over the southern border. Why? He's a Democrat."
Just think. Your tax dollars funded Tony Fauci and his brutal experiment ripping out the vocal cords and forcing Be‚Ä¶ https://t.co/sodxesYJsk
@RonFilipkowski How do you explain that good meds for Covid 19 were ‚Äòdisregarded‚Äô when they could have helped so ma‚Ä¶ https://t.co/ogieFajsaY
"@Motivation724 Fauci thinks represents science, Joe is honest and does pretend to represent anyone/anything. Tough choice."
@awkwardmama107 @salty_sundays @PapiTrumpo Fauci---get it right.
"Fauci says officials feel ‚Äòvery badly‚Äô about African travel ban, will reevaluate¬†policy https://t.co/iGG8sTNZNG"
@jean_walch @KAMurphy1952 @DrJulieAMiller @phyllis_fu This is what has happened in my extended family. There is NO‚Ä¶ https://t.co/RBksNOjmsE
"Hey stupid Greg Abbott, that is  your job not Fauci's. But your too busy screwing Texans over. https://t.co/VowCpEXjfi"
"It‚Äôs been a year since the vax rollout. Imagine if a year ago Fauci had said, ‚ÄúHere‚Äôs the plan: we are going to rol‚Ä¶ https://t.co/yNWiH0Uep5"
@BRING HER BACK! Fox News Disappears Lara Logan From the Air Following Fauci Attack #SmartNews ‚Å¶@JudgeJeanine‚Å©  https://t.co/KFuYqyawCg
WALSH ENCOURAGES US 2 learn about Paul Marik.  DR.MARIK IS d MOST published critical care MD in medicine.  READ HOW‚Ä¶ https://t.co/RfLVc2eOkY
@atrupar Does Abbot understand Dr. Fauci isn‚Äôt border patrol??
Shut up Fauci https://t.co/HyJty50E0c
"The problem is, no matter how hard Fauci smacks down willful ignorami like Johnson, no matter how right Fauci is vs‚Ä¶ https://t.co/EbJairqLTt"
@SenRonJohnson @POTUS Over 750k people have died from AIDS and over 600K from Covid. How dare you belittle those wh‚Ä¶ https://t.co/heOllrmPHT
@TedResign @SenTedCruz Guess you missed the point.  Fauci LIED UNDER OATH to Congress.
JUST IN: Jim Jordan Hammers Fauci Over 'Science' Comments: 'This Is What Scares Me' https://t.co/yQvAca6uq1 via @YouTube
New Video Emerges of Dr. Fauci Discussing Universal Flu Vaccine From 201... https://t.co/RDPabZmjr7 via @YouTube
"Before the world comes to an end, Revelation 12 seems to predict a great fight against this Antichrist, which Chris‚Ä¶ https://t.co/Dl85zLLd92"
@DavidlBennettII @bjones306 @ChristinaPushaw @ebottcher Well people choose to talk about him anyway. Thats the real‚Ä¶ https://t.co/qiXVYmaRJk
"@jeremy_hugh @DonaldJTrumpJr @joerogan He‚Äôs saying he doesn‚Äôt trust Fauci, and Fauci doesn‚Äôt equal science lol"
"@DonaldJTrumpJr Andtomoney Fauci, still cashing in at the peoples expense"
JUST IN: Jim Jordan Hammers Fauci Over 'Science' Comments: 'This Is What... https://t.co/08CdZYfizv via @YouTube
And so does the American beagle that fauci the global MURDER /animal torturer https://t.co/nVqqA0vmb0 https://t.co/JGR9wGPuHo
@Reed_Coverdale The U.S. will always have some dumb fauci like character that harms
@TimJDillon im really surprised they didnt pick Fauci.
"No, no, #fauci and @BillGates need to get paid for killing us. https://t.co/0CdjLBoUgu"
@DDarrelDouglas @MiserlyGerm @RepThomasMassie Thanks to Dr. Fauci @NIH Ebola cases all but ceased. Imagine if we fo‚Ä¶ https://t.co/lDfqFzZW6b
Fox News Disappears Lara Logan From the Air Following Fauci Attack https://t.co/EWDXvtsVGk
"FOR TRUMP TO BE BACK IN THE WH, FOR ALL  POLITICIANS WHO ARE BOUGHT &amp; PAID FOR TO BE OUT OF OFFICE, FOR FAUCI TO TA‚Ä¶ https://t.co/pBHVtWwqTY"
WATCH: Sen. Rand Paul tells Americans to 'ignore' Fauci and 'live your life' | The Post Millennial https://t.co/Cs0PR26Yt8
@mmpadellan Yes yes yes. Good thing he and Dr Fauci know exactly who they are and have a sense of humor about it. I‚Ä¶ https://t.co/V5lBgLBu1H
"@RealLoriJT  Can you send me the Fauci clip, on aids I thought I book marked but I can't find it."
"In some States, you can be fined if you chain your dog outside. Meanwhile, Fauci can pay Researchers to torture dog‚Ä¶ https://t.co/acO7qn2YH4"
"@ChrisMasterjohn ""Gates ... took Fauci alone into the library and said to him...""  How the hell can you or anyone k‚Ä¶ https://t.co/VUWSxF2ysN"
@ebottcher Goto YouTube and watch Fauci talk about children with AIDS. He spread disinformation and infants/childre‚Ä¶ https://t.co/eUGZUdvPyd
@SenTedCruz Ok. You work on getting those congress people who aided in Jan 6 punished and we can look into fauci.
"This Short Video Humorously Reviews the Whoppers We've Been Told About ""Guess What?"" #Fauci #BillGatesBioTerrorist‚Ä¶ https://t.co/sgQTBwQC7L"
"@PennywiseMn @iMadgen01 üòÇüòÇ ""Don't listen to what your Dr. told you! Listen to me, 'random I love Biden in my bio pe‚Ä¶ https://t.co/X5z56yVvOM"
You can't hide Fauci https://t.co/1qJE8aEdOg
I ALSO THINK FAUCI IS MORE TO BLAME THAN CHINA.  HE PAID CHINA TO CAUSE THE VIRUS TO BE A BIOLOGICAL WEAPON.  I SAY‚Ä¶ https://t.co/YLRJ4D20Ie
Fox News Disappears Lara Logan From the Air Following Fauci Attack https://t.co/4Xmd34MGHw
"@ebottcher You do understand that lord Fauci did this to America, don‚Äôt you?"
"@NiallGillies @BakosAttila6 üòÇ  According to Fauci, HE is science.... you Trust Fauci? A guy who has 100% lied about the Wu from Day 1!!"
"@ORIONEX4 Fauci is laying on a couch in the Psychiatrist‚Äôs office &amp; the Psychiatrist says:  So, these variants you‚Ä¶ https://t.co/YZavNColz9"
@iMadgen01 Horrible.  Biden and Fauci are trying to force this vaccine on people. Both should be arrested. Praying you will be ok manüôèüèª
Since Fauci came on board in 1968 Americans went from 6% chronic disease to 54% in 2006.--- RFK Jr.
"@AJCGlobal @laralogan Perhaps you should research Fauci and his horrific, tortuous experiments on Black &amp; Hispanic‚Ä¶ https://t.co/BZa6GzU8mO"
@bblock29 Dr. Fauci is demanding an on air apology or he might bring legal action. Called it slanderous and disgust‚Ä¶ https://t.co/WfWNekUEab
@Phil_Motta @OmegaEikon @realchasegeiser I am saying that the effects of the vaccine are not what was promised to u‚Ä¶ https://t.co/pi7YHPIkqJ
I couldn‚Äôt agree more with Dr. Fauci! https://t.co/9U44ZIUIz4
"Jim Jordan Drops TRUTH BOMB: ""When Was Dr. #Fauci #Elected to Office?"" https://t.co/tNSO0gTdAr via @YouTube"
@_evelynrae Stupidity is abundant! While Bill Gates and Fauci get richer with a vaccine that doesn‚Äôt work and a vir‚Ä¶ https://t.co/ZuunHwKfzg
"@cetk4 @drmelissasell Darn, Christine, why? Did you buckle under from all the lies told by the CDC and Fauci?"
Dr Fauci ‚Äòwe don‚Äôt know‚Äù about Omicron variant  The US‚Äôs top medical adviser has warned there is still a lot to unc‚Ä¶ https://t.co/qMyGgpxV3A
@ZemanLynnZ Her point is ... don‚Äôt be a cool-aid drinking lemming to Pharma and Fauci!
@NovartisGene not if fauci and planned parenthood have anything to do with it https://t.co/hAfOdTsHUQ
"@vitamina_africa Ditto, go soothe your programmed peanut brain and turn on your TV, get your daily allowance of CNN‚Ä¶ https://t.co/s79pi1rhay"
@WSJatLarge @ScottWAtlas @gerardtbaker @FoxBusiness I read Atlas's new book A PlagueUponOurHouse. Finding out what‚Ä¶ https://t.co/MXyr02zJob
@lastrece39 @PearlAmici @irishson19161 @mtgreenee Stems from Fauci claiming AIDS was airborne contagion
"@WashTimesOpEd @ckchumley Fauci is a tyrant. He may have always been that way, but this is a revealing time."
The clip at 8:20 in this video shows all that needs to be shown as to what a effing fake Fauci is.  Why are you com‚Ä¶ https://t.co/bgDCf9nUa9
"Klain is emblematic of everything wrong with this administration. Solution: Throw him and his lot out, starting wit‚Ä¶ https://t.co/lThdzPuCOk"
@MiltonJ48033208 @MinnesotaVoice @RepThomasMassie Yea OK I'll take my chances  FDA &amp; CDC are run &amp; funded by big ph‚Ä¶ https://t.co/zClQt5KExX
"Rand Paul on Fauci: Live Your Life, Ignore This Man ‚Äî ‚ÄòLet‚Äôs Hope He Can Be Gone as Soon as Possible‚Äô https://t.co/vbwlueWiTv"
36MIN INTO D INTERVIEW MARTENSON talks about doctors giving Remdesivir 2 C19 pts despite knowing it wud be a death‚Ä¶ https://t.co/mMjbmOk1Qf
@ebottcher That‚Äôs a #fauci poster
"@PersiaPhotos No, but this explains why Fauci has propagated it so widely.  ü§°"
Fauci | National Geographic Documentary Films  I'm currently watching this documentary on Disney+. I'm finding it h‚Ä¶ https://t.co/8tSxLzkzCW
@Lukewearechange @Cernovich Fire Bureaucrat Fauci and Hire Dr Joe Rogan!
@JimmyKimmelLive I am here to offer you a deal  I will continue to (accurately) describe Fauci as responsible for m‚Ä¶ https://t.co/CLagf4I5T9
"Fauci LIES, Says He &amp;quot;Never Liked The Idea Of Forcing&amp;quot; Mandatory Vaccinations https://t.co/t5X1MvUpnE"
@notdrfauci Fauci speaks for Fauci. And that‚Äôs about it
@jd_endsley And yet people ignore facts for Fauci‚Äôs fiction.
Fauci is absolutely preposterous and disgusting! And he does come across like a Nazi! Trying to lock everybody down! https://t.co/D3O5qSRacR
"@bdomenech Agreed, also Dr. Fauci needs to stay in his laboratory lane and stay there. The politician lane is overly crowded"
"Just to be clear, regarding questions concerning why the CDC and Anthony Fauci continue to recommend boosters and v‚Ä¶ https://t.co/Gg8g5WBLK7"
"Mengele, MD without a conscience, does it remind you of our medical expert, Fauci? He clearly has no conscience! https://t.co/3cFPAybwjJ"
Surgeon General Shir≈ç Ishii. Probably Dr. Fauci's idol or at least one of them.
@seanhannity @RandPaul Dr.Fauci are you harboring fears of masking up from your youth with in family or med. school‚Ä¶ https://t.co/ui27XNagRc
What was Dr. Fauci saying at this time Erik? üôÑ https://t.co/ogl7UqfEBh
"The dire truth about Fauci, the real Dr Death! https://t.co/WQ9jsytoOO"
"Fauci is suffering from a terminal case of Narcissistic Mind Virus, there is no cure, it‚Äôs fatal! https://t.co/tnao4IaoH7"
"On 8/9 I asked Dr. Fauci ‚ÄúIs there a potential omega variant out there that becomes deadlier still, doctor?‚Äù He res‚Ä¶ https://t.co/Rp9IqpXpPN"
Fuming Fauci slams Fox News for not punishing Lara Logan over ‚Äòunconscionable‚Äô comparison to Nazi doctor -‚Ä¶ https://t.co/GRzarDu5C2
"Poor man. Worst thing that can happen to a parent. And kids don‚Äôt need this, unless they are compromised in some wa‚Ä¶ https://t.co/vUc8BDzeBo"
Dr. Fauci warns COVID can‚Äôt be ‚Äòeradicated‚Äô okey-dokey There's no cure for the common cold We get that A cold is a‚Ä¶ https://t.co/DaFp8WyWoR
I LOVE Dr Fauci!! #LeaveFauciAlone https://t.co/Je4Q38qyFm
@Vicesignal Thanks for the response but did you get the chance to see the video I posted this morning with Fauci ex‚Ä¶ https://t.co/jUPYiNMFx0
It‚Äôs now a Cold? Doctors are telling me it‚Äôs more like a 2-day Hangover. But Biden &amp; Fauci are still wanting you to‚Ä¶ https://t.co/oQZMD5K5Or
@MarkWal06578936 @YeOldeWordSmyth @BigCat_63 @EastCoastalDB @ebottcher There were zero masks worn during HIV. Howev‚Ä¶ https://t.co/qCuemCm6NR
@Cactusrose5 @Trashmin_BiB You apparently don't see the difference in attacking a comment/action and are being like‚Ä¶ https://t.co/C9GeFgycUk
@DonaldJTrumpJr @joerogan Who‚Äôs Anyhony Fauci?
@dremilyportermd Yes she is. And so is her staff  And imagine about the millions of Americans who will cheer this a‚Ä¶ https://t.co/x7m5uKKClK
"5 Defensive ETF Bets as Omicron Enters the United States  The highly mutated new COVID-19 variant, omicron, has fin‚Ä¶ https://t.co/IVryi232KL"
@desjardins7 @RealDoctorT @ReganLieutenant @WHurensohn @texasangler1968 @UseLogicPlease1 @CleeseRaymond‚Ä¶ https://t.co/W0vJRxj1EJ
@ebottcher You do know that it was Fauci who pushed this fear‚Ä¶right?
Fauci explains that ppl who become infected w/ Delta covid can carry as much virus in their nose as do unvacc peopl‚Ä¶ https://t.co/Bh7cOoOc8X
"On World AIDS Day, Sen. Ron Johnson said the 1980s crisis was 'overhyped' by Anthony Fauci https://t.co/4Sozr6foML via @journalsentinel"
"@MeghanMcCain Unemployed Meghan has way too much time on her hands. All she does is obsess over VP Harris, Dr. Fauci and the Cracker Barrel."
"I have no idea who @joerogan is, but anyone is more trustworthy than Fauci. https://t.co/p4Lz1yC5eX"
@RandPaul Fauci‚Äôs little‚Ä¶‚Ä¶. says what ü§î https://t.co/7MYKoWTu9b
@cliftonaduncan Fauci had his mask loving  hands all over the aids  out break
@jbh2564 The time to do that was months ago.  They have doubled and tripled down on it now.  Maybe they could make‚Ä¶ https://t.co/UPRTleTf5C
"""suggesting that somehow Dr. Anthony Fauci is akin to Nazi war criminal Josef Mengele, known for his gruesome medic‚Ä¶ https://t.co/r7lfhKKyWh"
@UriahRaymond @thedailybeast You have produced nothing that contradicts this. Dr. Fauci has said nothing that contr‚Ä¶ https://t.co/sDJcfffzyX
Rand Paul is a buffoon who is jealous of Dr. Fauci‚Äôs REAL MD.    https://t.co/oKh4pDzF6G
"@ali_gooner ‚ÄúThey, They‚Äù üôÑ What a surprise, you‚Äôve not only dodged my question, you‚Äôve provided me with a link when‚Ä¶ https://t.co/QbpMucAEb1"
@ebottcher One old picture doesn't mean much. I can't remember ever seeing anyone wearing masks over AIDS. If any d‚Ä¶ https://t.co/aPZeAMQEMG
I hope you read Mathew Crawford‚Äôs new piece #4 on sub stack. We now have a diagnosis for Fauci ‚Ä¶.narcissistic mind‚Ä¶ https://t.co/QmEA1qTpx2
No one in America is currently as divisive as Fauci. For that reason alone he should step down. He‚Äôs not helping th‚Ä¶ https://t.co/ff9po35eHr
Narcissistic Mind Virus! Now we have identified what disease Fauci has. Thank you Mathew Crawford for you work and‚Ä¶ https://t.co/ZWRZUmLlhN
The truth hurts! https://t.co/jqMNMqZkHB
@thehill Fauci is the modern day Josef Mengele üëÅ
"Apparently, the use of ‚ÄúFauci‚Äù and ‚ÄúCOVID‚Äù as pet names rose this past year. https://t.co/sdOB1ZAcDy"
I would let Dr. Fauci rail my girl no questions asked because of what he‚Äôs done for society
@AnnRudbeck No but we have Fauci who never presents data and is wrong about everything. Let‚Äôs just keep Fauci he‚Äôs‚Ä¶ https://t.co/B1PRUMs482
5 Years In Prison For Fauci https://t.co/Ff7woVZg1X
"Rand Paul NUKES Fauci, Wants Fauci In Prison For 5 Years https://t.co/wsnZ11GXtS"
@laralogan heard you compared Fauci to a Nazi doctor üòÇü§£üòÇü§£üòÇü§£ spot on!
@DeenaB79 Check One America News.  They have an interesting video with Fauci and other science leaders from 2019.  They all should burn! üî•
@ebottcher Are you saying Fauci sucked at his job back then too? I agree.
Introduction to The Real Anthony Fauci https://
@Agent_Kibi @mason4922 Names for drinks: Dead Vaxinator Dirty Delta A Ventilator  Smooth Fauci  ......
@JackLombardi At this point? I think at ANY point‚Ä¶ I trust a toddler with a crayon in an art gallery more than I trust Fauci.
Dr. Fauci calls COVID the 'Wuhan strain' during Fox News appearance ‚Äîso feel free to call it WuFlu or China Virus  https://t.co/zQ5gQGumK6
@Jim_Jordan Fauci‚Äôs role is that of an advisor but yet he often complains that his demands were not implemented by‚Ä¶ https://t.co/22AlANH7wE
@ebottcher Because this was another health crisis that Fauci was in charge of. He botched that too.
He‚Äôs my Italian homie. Stop dissing Dr. Fauci. @drfauci420  #WearAMask https://t.co/0e5sOn6wJM
Senate's Dumbest Republican Pretty Sure Dr. Fauci Overreacted To AIDS Too #SmartNews  https://t.co/o60hkvKDHC
"@theblaze @CR Those dog experiments are awesome, Fauci!!"
#Fauci claims to be the voice of science.  Science is¬†a systematic &amp; logical approach to discovering how things in‚Ä¶ https://t.co/TMCRRLmYPn
@AlwaysVoteRed17 animal abusing Fauci is only concerned about what he thinks makes him look good and how much air time he will get.
"Fauci: We Haven‚Äôt Proven that Vaccines, Boosters Protect Against Omicron Variant  https://t.co/PUMsK0sOrS"
