"""People should, if they invite people over to their home, to essentially ask and maybe require that people show evi‚Ä¶ https://t.co/dDyap4w6AH"
@LeadStoriesCom This fact check and fact checks about Covid misinformation are from democrats they don‚Äôt follow sci‚Ä¶ https://t.co/qtYi3PyMT5
@Kw3sX @Nell7619 @KwikWarren Ideology doesn't have to do with peoples take on Fauci in most cases lol? I'm not okay‚Ä¶ https://t.co/zBIAH8vpiC
@KwikWarren Cults gave to have a villian. Rand Paul chose Fauci...
"@Mynorthwest Not 1 omicron hospitalization or death for the past 4 weeks!  Don‚Äôt worry, the Fauci Variant is coming next!"
"@JudyWoodruff @NewsHour @SenJohnThune New variant Omicron is turning out to be a dud, much to the chagrin of libera‚Ä¶ https://t.co/p5Lh8lPBqH"
"The same old situation, a new variant, answered with the same old ""advice"" that failed to prevent this in the first‚Ä¶ https://t.co/KBBOnQ4AEq"
"Dr. Anthony Fauci, meanwhile, added that the emerging evidence suggests Omicron may be more transmissible than prev‚Ä¶ https://t.co/IichiTNbpW"
"‚ö°Ô∏è ‚ÄúAnthony S. Fauci, MD and school superintendents on COVID-19 as we look to 2022, the latest on the omicron varia‚Ä¶ https://t.co/jUrdDpGCHO"
@TPostMillennial Wasn‚Äôt it in April 2021 Fauci flat out said there would never be mandates and that the American sy‚Ä¶ https://t.co/OBe3GpYJQl
@LibStinky Well Fauci is a lot of people‚Äôs Personal Jesus
@TIME Fauci hands down!
Give Fauci a trailer down in the river.~:&gt; https://t.co/VqawZ7IHbR
@Breaking911 Fauci. Why are you not jabbed then?
"Dumbest Tweet of 2021 Championship. Round 1, Match 5: Mary ‚ÄúFauci lied, people died‚Äù Miller vs. Marco ‚Äúfatherlessne‚Ä¶ https://t.co/FVhjdTjddR"
take me back to simpler times when the most controversial joke you could make was calling the vaccine the ‚Äúfauci ouchie‚Äù
When Fauci breathes easy so should you. https://t.co/5XRRPyFDQB
"@mrdavidwhitley i have a vax card i had to get for some travels a few years back. hep, typhoid, polio, yellow fever‚Ä¶ https://t.co/bMNJY0xiE4"
@sarcasticGenX He even looks like Fauci
@RationalLeft Trust Fauci over Ted Cruz
"@CBoTheEggman @Bryan_Hawn @ScottAdamsSays The kind I pay. Not the kind you get for ""free"" from the government. Go d‚Ä¶ https://t.co/OTnee4VWzj"
@CBoTheEggman @Bryan_Hawn @ScottAdamsSays I did consult my doctor. He thinks Fauci should be brought up on charges‚Ä¶ https://t.co/uFXSSWz1C8
"@Jim_Jordan the crime rate spike started in 2019, inflation is a global issue, not an American one, and...what abou‚Ä¶ https://t.co/fXrsdg601X"
"biden, fauci, inslee assume the worst with omicron instead of making rational, scientific decisions and have begun‚Ä¶ https://t.co/4CRZeTjSGn"
"Dr. Kary Mullis, Nobel Prize Winner, maker of the PCR test, Tried to Expose fauci &amp; the AIDS Controversy for 30 Yea‚Ä¶ https://t.co/dsrQxVCWkM"
My dream:   JUST IN - Fauci arrested on crimes against humanity. https://t.co/dXfxgqqLFk
"@TIME So disgusting that Harry and Megan were even a thought when considering candidates for your person, (persons)‚Ä¶ https://t.co/tGS3slHZnt"
Respect is gained through good work. Let‚Äôs take a closer look at this Fauci character. Where and how is he coming t‚Ä¶ https://t.co/qLEigEhMCI
"If you believe anything Fauci says then I pray you find help, because you are probably scared into dementia."
@DrEliDavid Fauci hasn't done science in decades. He's a beauracrat.
Maybe Gov Inslee will get the message and start opening our communities back up. Time to move on people. #COVID19‚Ä¶ https://t.co/JqROS0kfCl
"@NIAIDNews Dr. Fauci, thank you so much for being the face of the Covid response over the last two years! Your hone‚Ä¶ https://t.co/AEbmlnEP7T"
@YashaCarpentier @IHaveAClub @rondeaulivia @freyas_house @AmericaFirst_tk @mrigazio Early 2019 Fauci says it has no‚Ä¶ https://t.co/OTyYhM5Cr3
"Watch! Jim Jordan ENDS Dr. Fauci's ENTIRE CAREER in an EXPLOSIVE SPEECH,... https://t.co/Y7kI2oHJQ1 via @YouTube"
"This is what they‚Äôve been saying all along in South Africa, which has has very few hospitalizations due to the viru‚Ä¶ https://t.co/P35rHutVMV"
@AmandaLeftCoast @Trydus Please don‚Äôt refer to Fauci by his first name. Some of us don‚Äôt want to see the name ‚ÄúTony‚Ä¶ https://t.co/QtEj0HQyFY
"Wow so much to unpack here. ü§¶üèø‚Äç‚ôÇÔ∏è Let's just set the record straight: Jesus is God. He saves, heals, and transforms‚Ä¶ https://t.co/Wv3vJlPYOD"
Watch Brave Congressman HUMILIATE Dr Fauci in Congress https://t.co/raoeIu4Hhx via @YouTube      This is the time t‚Ä¶ https://t.co/5XDnV6I5zl
"@imawahine2021 And yet they have used EVEN THIS as a ‚Äúculture war‚Äù issue,demonized Fauci, and made mask mandates ab‚Ä¶ https://t.co/Cmfh8twpTf"
"@TomiLahren Isn't it company policy at your company for it's employees to be vaccinated?If you really are,why worry‚Ä¶ https://t.co/Zq9ChPvl3i"
"@ManTruthLegend @atrupar @GeorgeFareed2 @AaronSiriSG No, they died bc we ignored early intervention measures &amp; neve‚Ä¶ https://t.co/ICU3NGSzsH"
"@ElectionWiz Now to confirm, let me go ask a Fart, which is certainly more trustworthy than Fauci."
@DdotJAY30 dr fauci calls it the science
"Fauci: #Vaccine ""critical"" in handling #Omicron variant https://t.co/Opdi7qtqZV"
Dr. Fauci shows slides that show the growth and dominanceof #omicron in South Africa. He said younger people are ma‚Ä¶ https://t.co/7bRqazX6LP
@CNBCMakeIt Poop you fauci you not telling me what to do!
#Fauci is a fraud. https://t.co/ZWmIkgmU9S
Scott Atlas On How Everything Media Says About COVID Is Wrong And Why Trump Didn't Fire Fauci https://t.co/Pf3Q9QX69Z
@annbauerwriter Demote Fauci or put him on administrative leave with a gag agreement. Replace Walensky. Blame it all on Trump.
"I think we should listen to Anthony Fauci carefully, and take his concerns seriously. https://t.co/jk6wTHoiSo"
"When a platform chooses provably corrupt, false science, such as parroted by Fauci, over a major national medical o‚Ä¶ https://t.co/R97sPEBaZP"
@CentristInPort2 I would love to know HOW Trump made Covid Political?? The ONLY thing I think he did wrong was hire‚Ä¶ https://t.co/qREegIsLJc
@autocorrect2_0 The same people that ridicule your faith want you to ‚Äúbelieve in Fauci‚Äù and ‚Äúbelieve in science.‚Äù S‚Ä¶ https://t.co/GuJpD5Sdtu
"All you have to do is accept Fauci into your heart, and you will have everlasting immunity. https://t.co/kpqa7qZUEX"
@beginsequence @IlluminatiD3cod Sad. :( Sounds like what the left does in a way with their whole Fauci cult. At lea‚Ä¶ https://t.co/bM54JahsPt
Fauci abuses The Science¬ÆÔ∏è to promote The Transactions¬ÆÔ∏è and get as much of The Cashola¬ÆÔ∏è as possible.  Fauci belon‚Ä¶ https://t.co/arRJUEdKW2
"""HE'S A N√ÅZ√ç DOCTOR"" Jim Jordan HUMILIATES Dr. Fauci in Congress https://t.co/mPjwAPT4BO via @YouTube.     Now tell‚Ä¶ https://t.co/a1mMvJ3z2r"
"""Fauci's ignoring of natural immunity will probably go down in history as the worst public health decision made pro‚Ä¶ https://t.co/lqh7yq7oBG"
"@PeterStrok It no longer matters what Powell says, it's what Fauci says"
Fox Anchor Subtweets Lara Logan By Trashing Comparison Between Dr. Fauci and Nazi Doctor Josef Mengele https://t.co/gIbUBJcdI3 via @mediaite
"@Mattsita14 Yes, but Dr Fauci sed it was perfectly acceptable."
"@votemichelleppc DON""T BELIEVE ME research this ""DR"" Fucai stated in 82 that AID's is as contagious as the common c‚Ä¶ https://t.co/DSD18H0m0L"
"@ToneVays DON""T BELIEVE ME research this ""DR"" Fucai stated in 82 that AID's is as contagious as the common cold  wh‚Ä¶ https://t.co/V9YH7JURw4"
"DON""T BELIEVE ME research this ""DR"" Fucai stated in 82 that AID's is as contagious as the common cold  when are all‚Ä¶ https://t.co/ucyvuoXmIp"
Senator Ted Cruz asked the DOJ to prosecute Dr. Anthony Fauci for lying to Congress. At the same time the Senator C‚Ä¶ https://t.co/Uga41xdaY9
"@POTUS is 80 years old. At that age, you can't be a:  Pilot (age 65) FBI agent (57) Foreign service worker (65) UN‚Ä¶ https://t.co/NDtoi3eeb1"
Nobody wants an uninvited party guest and Omicron is no different. Here are tips from Dr. Fauci to keep you safe th‚Ä¶ https://t.co/OFk8BVxatL
@small_essex @r_y_a_n__t @HarbyRoberts @JamesMelville Except Fauci didn't say what you claim he did. The rest of th‚Ä¶ https://t.co/ja8oy4QjRx
@tturnt1 @Oberon_Karrde @thekodadog @craftcordmom @POTUS The media vilified early outpatient treatment (pool cleane‚Ä¶ https://t.co/JBCWUmIYyn
"@toddeherman Fauci is not in Court. Sens. and Reps. are not prosecutors.  Their job is to ask specific, knowledgeab‚Ä¶ https://t.co/P1sp2LLyDx"
@jimmykimmel Thank you sir for sticking up for Dr. Fauci. You were right to say that the good doctor has been a pub‚Ä¶ https://t.co/E4XlynQ0kt
"@ProfEmilyOster #Corruption. 95% confidence it's corruption, 5% - bureaucratic ineptitude. Did anyone try to ask Fauci what's up with that?"
@small_essex @r_y_a_n__t @HarbyRoberts @JamesMelville Why in heaven's name would you get your health information fr‚Ä¶ https://t.co/kVREEXeByj
Mish: Fauci And Biden Are Medical Hypocrites &amp; A Political Disgrace https://t.co/zBKD72gHLz
"Watch: Fox News Peter Doocy Sets Up Fauci &amp; Walks Him Right Into A Trap, 'Is There Something To Do To... https://t.co/YfQOYmmeNS"
"Hey Tim, mind letting me know what of my work you find dishonest, or what has broken your brain to the point you'd‚Ä¶ https://t.co/ZDPa7qLR5S"
"@chasm_city @WADeptHealth If they would give consistent, reliable, sensible and reasonable information I wouldnt be‚Ä¶ https://t.co/qxttmGlpRf"
"@aew4_life @cmachado925 @daundeadpyro @AEW @UBSArena I don‚Äôt, and I acknowledge when he‚Äôs been wrong. But I underst‚Ä¶ https://t.co/pEVHpENHgA"
@aew4_life @cmachado925 @daundeadpyro @AEW @UBSArena Do you have experience in the medical field where you can say‚Ä¶ https://t.co/k37R4FWaDV
@DonnaLynnNH HERE is WHY RFK Jr 1 min on Vaxx reality and why Fauci The Media &amp; Big-Pharma all IGNORE Ivermectin an‚Ä¶ https://t.co/7A85Ca0VQN
Wisconsin Christian GOP Sen. Ron Johnson Says Fauci ‚ÄòOverhyped‚Äô COVID-19 Like He Did AIDS https://t.co/H5TbdyE4Uh
"i'm down to drag fauci for his response to aids, but not for ""overhyping"" it https://t.co/dJGyXHcoAK"
"What does Ron Johnson think killed over 700,000 people . He is so freaking stupid I don't know how he keeps getting‚Ä¶ https://t.co/tbBYkqqqzf"
"Fauci Says Omnicron 'May Not Be A Big Deal,' It Will NEVER END https://t.co/BJpuqApjvm via @YouTube"
Rand Paul FIRES BACK at liar Fauci https://t.co/DY6uM8qYOt
"What is hype is the complete squelching by Fauci and the CDC/WHO cartels of any debate,any pause. No, bring on smir‚Ä¶ https://t.co/EsFUUQAol2"
@TicketOut Yep. I said last year covid is a religion; Fauci is high priest and that vax is the sacrament
@maryderrickart @kylegriffin1 @GOP It must be incredibly painful for someone as intelligent and educated as Dr. Fau‚Ä¶ https://t.co/bWg5g8Aczt
@2012mrdz It's obvious he loves Fauci.
Sen. Ron Johnson Drops a Truth Bomb - Says Many Americans Died From Covid Because Fauci 'Sabotaged Early Treatment‚Ä¶ https://t.co/ezpheq79o3
@SenRonJohnson Omg you are Unbelievable. Trump and GOP recommended you try ON THE HUMAN BODY HCQ ....... Wrong Blea‚Ä¶ https://t.co/8miEN8bwPh
"@MattRayTalk By the way Matt, it is NOT a lie about   Doctor Fauci. His very first Gov. Gig after being hired by Re‚Ä¶ https://t.co/XA81NWHmb3"
"‚ÄúHow do you respond to something as preposterous as that? Overhyping AIDS? It's killed over 750,000 Americans and 3‚Ä¶ https://t.co/5BdDWarhe8"
"Fauci on masks, USA Today 2/18/20  https://t.co/EBtv2OoRYy https://t.co/yRXkyjZI6n"
"Data on Omicron‚Äôs severity is ‚Äòencouraging‚Äô, says US health chief https://t.co/dZ9pdx11z6   Anthony Fauci is confid‚Ä¶ https://t.co/XzsP44iUFA"
"@lsferguson How many charges of negligent homicide and murder 1 charges will fall on Fauci, Biden, Harris (+}."
"‚ÄúThus far, it does not look like there‚Äôs a great degree of severity to it,‚Äù Dr. Anthony Fauci said. #FOX13 https://t.co/jUICHtBDEr"
@Trevor9111 Fauci funded gain of function research for SARS in the Wuhan lab because it was too dangerous to get aw‚Ä¶ https://t.co/4YKd6tmnZd
"FACTS MATTER: Fauci Lied, Official Complaint Filed  https://t.co/xcLleLIiD9"
Fauci says early reports encouraging about omicron variant https://t.co/U4quTY3Fer https://t.co/51pMnxQDod
@domenicadelia22  Wow! FOX News Sidelines Lara Logan After Dr. Fauci Complains About Her Nazi Doctor Comparison‚Ä¶ https://t.co/cNsZEb8EFu
Logan Targeted Over Nazi Comparison between Mengele and Fauci ‚Å¶@YashaCarpentier‚Å©  https://t.co/gDrUBOsKk2
"@BrandiKruse Omnicron has mild symptoms, you know, like the flu. This was stated today by Fauci.   I‚Äôm in Idaho at‚Ä¶ https://t.co/sOnq4O7KMU"
"Fauci is probably more trust worthy when it comes to the best ways to torture beagles, but I‚Äôll give @joerogan the‚Ä¶ https://t.co/kboS5JPrM2"
@kelly_rdc Fauci didn't release the virus
@LexWatterson2 @AdmiralSex @ElijahSchaffer The cdc covid protocol kills
"@laralogan Lara, who likes Fauci so much she compares him to Mengele, her ideological idol, explains why the AIDS d‚Ä¶ https://t.co/71hBYDyKEN"
@thehill What does Fauci say we must do? Idk what to do. I need him to hold my hand through this process
@BedardCathy @4YrsToday More COVID deaths in the first 11 months of Biden's term than the entirety of Trump &amp; 2020.‚Ä¶ https://t.co/V4XIjvYGIC
"Reports from South Africa, where it emerged and is becoming the dominant strain, suggest that hospitalization rates‚Ä¶ https://t.co/HdPXD3wwas"
"‚ÄúThus far, it does not look like there‚Äôs a great degree of severity to it,‚Äù Dr. Anthony Fauci said. #FOX13 https://t.co/tN3gjGiKvH"
@DonaldJTrumpJr @joerogan That says far more about you than it does about Fauci. Not something I would be saying.
"U.S. health officials say that while the omicron variant of the coronavirus is rapidly spreading in the country, ea‚Ä¶ https://t.co/nXv7P0aOSp"
@Motivation724 JOE ROGAN! I wouldn't trust Fauci w/ anything ever. He's told many huge lies that cost people their‚Ä¶ https://t.co/NCQ6ZaIGnV
@KING5Seattle We need more information before drawing conclusions about Fauci‚Äôs competence.
@atrupar Why would  Dr. Fauci go to the border? This is STUPID!
@Motivation724 You obviously choose Fauci based in on the pics that you‚Äôre using.
"""Contradictory statements stated with authority are classical gaslighting tools: they prevent the victim from being‚Ä¶ https://t.co/0OZViLrRNr"
Omicron variant found in nearly one-third of U.S. states #SmartNews Good Luck Everyone! https://t.co/Wz7xFiGzUP
@Lillian_DJT2020 https://t.co/YvSyc0DPlW   This panel discussion focused on what they perceived as the need for a u‚Ä¶ https://t.co/6W9NpmCnrz
"Headlines everywhere: Fauci ""The Signals are a Bit Encouraging"" &amp; Omicron's severity is 'encouraging'  The publishe‚Ä¶ https://t.co/2GEFr5iq31"
Omicron cases now found in one third of US states. Fauci says he hopes the travel ban on southern African countries‚Ä¶ https://t.co/jj6jhfSFsp
Dr. Anthony Fauci said scientists need more information before drawing conclusions about omicron‚Äôs severity. https://t.co/TcUsjZCXvZ
@TheSundayShow @CapehartJ I‚Äôm shocked not everyone knows about this: https://t.co/NooSMZrgl6
"@Motivation724 Rogan of course.  An independent truth-seeker.  For heaven's sake, people, read Robert F. Kennedy's‚Ä¶ https://t.co/8zlmCxcPlu"
"@TheSundayShow @CapehartJ What happened with AIDS was the OPPOSITE of overhyped. As I recall, activists criticized‚Ä¶ https://t.co/worTVxDH3x"
"@chanastrobabe I agree, but still am not sure which side you are on!  Anti-mandate or pro?  There can be delusion o‚Ä¶ https://t.co/NfM2ny9tKd"
@Motivation724 Fauci but only because I have so little trust in Rogan  Rogan is a grifter &amp; Fauci is mostly just in‚Ä¶ https://t.co/L88aXy7LzH
@tahitisurfshop @rick_pittman Have the audio book now &amp; the paperback on the way. Can‚Äôt wait to have time to listen‚Ä¶ https://t.co/ui0dGisnrN
@NJTommci Here is a video for you then after scroll to read full article https://t.co/YvSyc0DPlW. Do your DAMN RESEARCH
"I believe beyond reasonable doubt that Dr Fauci was responsible for the release of the manufactured, Chinese biolog‚Ä¶ https://t.co/4XM0MfBc4j"
And Johnson thinks Fauci hyped COVID...@RonJohnsonWI are you crazy? Or just corrupt? https://t.co/HthqnkO2CQ
@atrupar What Fauci overhyped was what can be done. He made false promises about vaccines effectiveness. He lied ab‚Ä¶ https://t.co/Tdy2RpQ8ad
"Retweeting this Kimmel moment from @Dreamzville Thanks Susie Q. Dr. Fauci is Dr. Mengele...WTF. These dangerous, ig‚Ä¶ https://t.co/yL0DqYywv3"
@DonaldJTrumpJr @joerogan Dr. Fauci doesn't deal blow so of course you don't like him
"NIH owns hundreds of vax patents &amp; profits from the sale of products it regulates. Top officials, incl Fauci, recei‚Ä¶ https://t.co/vlzbNm3AqL"
@therecount And exactly WTF does that have to do with Dr. Fauci?
"2/2 (Note: The FDA did approve one of the Pfizer shots, but the one they approved is not in circulation within the‚Ä¶ https://t.co/4Zj9xGle49"
@Deee_Veline @janninereid1 They are going to live on Uncharted ISLANDS to ensure Infectious Fauci and his posse can‚Ä¶ https://t.co/qg84j4e0s7
"Well Fact Check these reports Fauci, Biden and all other Democrat ü•ú job in a government position local or otherwise‚Ä¶ https://t.co/PK5g1BhXAi"
I trust Dr. Oz more than I trust Fauci.
@iMadgen01 Did you know that if there was the slightest possibility of a vaccination causing Harm it has to be Halt‚Ä¶ https://t.co/CMzDDMAMF7
"@ElectionWiz If you take Sen. Rand Paul's advice, ignore Dr. Fauci and ""live your life,"" you may not live your life‚Ä¶ https://t.co/p5HuE9NBhd"
@_Doki_Sayori As long as you are Vaccinated &amp; got your colvid Booster you don't have nothing to fear&amp;as long as you‚Ä¶ https://t.co/cWTQNgFYQk
Lara Logan responded to backlash over her comparison of Fauci to a Nazi war criminal by further attacking the medic‚Ä¶ https://t.co/yQDvZOKmiQ
WAKE THE HELL UP LIBERALS COVID IS A F@@KING  SCAM FOR CONTROL AND POWER OVER THE PUBLIC STOP BUYING IN TO THE MEDI‚Ä¶ https://t.co/08nYqzswLH
"@sigma_tao Steve Bannon threatened on Facebook , to behead the FBI Director Wray &amp; Dr. Fauci"
Fox News Disappears Lara Logan From the Air Following Fauci Attack https://t.co/7hqNKuZl6d
"@gorskon ""nazijew Fauci"". Wow. It takes a special kind of ignorance to invent that adjective, much less use it to r‚Ä¶ https://t.co/bSVLVRmqDT"
@textualdeviance @GovInslee At first maybe they are better at reducing death and hospitalizations but data from Net‚Ä¶ https://t.co/4AUuaOmytF
@INDprogressives Thank you Dr. Fauci.
Well I'll be damned..... Fox News is reportedly removing Lara Logan as a commentator after she compared Dr. Fauci t‚Ä¶ https://t.co/luxjvvqp75
Ted Cruz &amp; Rand Paul ROAST Dr Fauci For Calling Himself 'The Science' https://t.co/68sFK8dSjk via @YouTube
This has to do with how the research in China they were doing is being traced back to Fauci. https://t.co/xjjyuu42bt
@AnnCoulter pushes people to put POISON into their bodies- all because she listens to mainstream media w/ their lie‚Ä¶ https://t.co/DGHW69jyQW
@JVR926 I'd listen to Doctor No before I'd listen to Fauci
We need more @RandPaul and less Fauci https://t.co/5uKJopaj66
"@OpinionatedBurt @IanTrevelyan @rjarrettjr @DonaldJTrumpJr @joerogan He's also British, so it's irrelevant what Fau‚Ä¶ https://t.co/qSXb8AvOny"
Fuck fauci LMAO y'all keep following that ass hat off the cliff! https://t.co/oQ1gJFyaPZ
Hey .@jimmykimmel are you for Fauci‚Äôs chop shop?! https://t.co/p6c4zVRy5s
Look it's my new buddy Michael! He's hanging with dr. Fauci and Joe https://t.co/tBi40LhKSl
"Laura Logan‚Äôs planned, horrific attack on Dr. Fauci shoes how out of control some journalists &amp; reporters have beco‚Ä¶ https://t.co/Z4FUJZbwFA"
Fox News Disappears Lara Logan From the Air Following Fauci Attack https://t.co/HwahUqeJya
I guess Germany doesn‚Äôt have Dr. Anthony ‚ÄúIs Science‚Äù Fauci on their team though
"Just heard Fauci say the first true thing in a long time. He said its ""about control"".   Of course, he meant contro‚Ä¶ https://t.co/zBtylGzWSu"
"Is there any wonder there's vax hesitancy galore when Biden, Harris &amp; Cuomo said they didn't trust &amp;/or wouldn't ta‚Ä¶ https://t.co/jSnqoL7IoB"
Wow. Joe Biden &amp; his wife joke that Fauci is President  https://t.co/OCiUTrU0oy
"Ive always said #Fauci can kiss my ass, but this holiday season, more than ever. Beastie Boys didn't fight for our‚Ä¶ https://t.co/WOuqRoZwxj"
@peta @NIH Fauci should be gone! Everything he has said in done has been controversial. Why do they keep him around‚Ä¶ https://t.co/u554mTFcHY
@ebottcher Now talk about what Fauci pushed in the early 1990‚Äôs on gay men and the horrors that AZT wrecked on people
Ron Johnson Claims Fauci Has ‚ÄòOverhyped‚Äô Omicron: ‚ÄòDid the Exact Same Thing With AIDS‚Äô #SmartNews  https://t.co/OwM9b3Ka5C
@TeamCavuto The problem‚Ä¶Fauci speaks out both sides of his mouth.
@RosieUSAPatriot @TexasPatriot68 @Popcorn00Fresh Really?? He forced FDA to authorize EAU for the injections. Why no‚Ä¶ https://t.co/cKc0u6dmwi
"@wil_da_beast630 @a_centrism Remember that the expectations raised by Fauci, politicians &amp; the media was that they‚Ä¶ https://t.co/XUxeziNYnd"
Fauci Admits He Has No Idea What to Do About Thousands of Migrants Entering US With COVID https://t.co/cQM3rUkCa9 v‚Ä¶ https://t.co/JJHUIgJY0W
@komonews Five points only two which might help. Best things to do vaxxed or not is to boost your immune system. If‚Ä¶ https://t.co/mSifIvlron
@fm49685690 @TexasPatriot68 Why did he get trapped in a catch 22? Why are we making excuses for that?He knew Fauci‚Ä¶ https://t.co/0yYwde5Tt2
"@erin_mmg Thank you, now let‚Äôs go get our 5th booster. -Lord Fauci probably. üò¨ https://t.co/kUTcUVaVrn"
No one elected Fauci
@it_all_about_mi @halftwottered @YouTube Ha ha.  Yes.  I live in UK.  Who is Fauci?
@limnicky I believe that was a Fauci push too.
@Joanna26470270 @Donadeedooda So should I repost Fauci panel again before then
#LyingRafaelCancunFledCruz is spreading the virus of disinformation and distrust to the detriment of American healt‚Ä¶ https://t.co/wOCqFunTS5
@Softykjr The UW team &amp; staff is 100% double (or more) vaxxed. Go back &amp; listen to Fauci‚Äôs speeches when the vax ro‚Ä¶ https://t.co/asV6UkOJMM
@ebottcher And FAUCI was around back then‚Ä¶.#WakeUp He made people believe you needed masks to stop from getting AID‚Ä¶ https://t.co/MWCFpYi6ji
Ted Cruz Is the Disease - https://t.co/9TDBOlbWNN
"@JTS_1957 If Mengele were alive, I'm sure he would be offended, being compared to Fauci, too üòè"
Fox is an unbearable rot. Fauci has to be wearied to the bones. https://t.co/BOdOzzqmgw
Ted Cruz Is the Disease https://t.co/8vsXz8ixfr
"@JRubinBlogger How about we all stop blaming anyone but Fauci, Collins, Birx &amp; Walenski. They are the experts which‚Ä¶ https://t.co/VKDWoH9Qab"
Dr. Anthony Fauci pulled no punches while responding to Fox Nation host @laralogan comparing him to¬†infamous Nazi w‚Ä¶ https://t.co/JtgA4yVRBY
"When we run out of Greek letters for the virus variants (and we will), can we name them after famous idiots? Like c‚Ä¶ https://t.co/epvpxFTFD6"
@MoRocca You look like you‚Äôre cosplaying as dr Fauci and Nicole Kidman.
PETA to Fauci: Killing Monkeys in HIV/AIDS Experiments Must Stop https://t.co/1ecTaxDU9N
"Still no go. Check out KP Gig Harbor Family Clinic - it shows up as ""appointments available"" on WA Vax Locator. Now‚Ä¶ https://t.co/Hpx1pDSYnu"
@michael_hoerger @chrislhayes Thank you so much. Am in WA state and we do our best to follow proper CDC guidelines.‚Ä¶ https://t.co/RozzIIIB2J
The National Institute of Allergy and Infectious Diseases has spent 36 years infecting and killing monkeys to devel‚Ä¶ https://t.co/1heLWRUkqZ
@Franklin_Graham Why does your god of love use Covid to kill his sheep? Is it like that time with the flood? Is Dr Fauci the Noah this time?
@HealthyFla imagine if fauci just said this shit in the beginning...
@DenifLewesa @SharonGibson3 @AJPreziosi @michaelcash19 @JimmyKimmelLive Yeah. It‚Äôs all Fauci‚Äôs fault people aren‚Äôt‚Ä¶ https://t.co/OrAbNCZbu2
"@seattletimes Any comments about his ""gain of function"" discussion with Fauci?"
Nothing to see here folks. Move Along How Fauci fooled America | Opinion https://t.co/O9d267UxlH
I Perceive A Darker Agenda Behind the Fauci Documentary From Disney Plus https://t.co/johysstXqG via @YouTube
@KatiePavlich Biden is the law! Fauci is science! How many times do you people need this repeated?
You just can't fix stupid and this chick  Lara Logan is stupid  Fauci Fires Back at Lara Logan Over Nazi Comparison https://t.co/BfndzIaLjS
Fauci slams Fox News for not disciplining Lara Logan for comparing him to a Nazi doctor https://t.co/Yg9S6rAVXI via @YahooNews
"""Fauci seems to like his newfound celebrity far too much to be an effective face for fighting the pandemic,"" writes‚Ä¶ https://t.co/rJXebY6tAU"
"@MtnMD Here, here Jimmy K! Fauci rocks!"
Ted Cruz Is the Disease #SmartNews Voters in Texas Want Him Out! https://t.co/7IhHgzzzOm
"@JeffreyToobin yo pleasure boy, women have the right to chose an should never be bullied for their choice.   Scienc‚Ä¶ https://t.co/dOPKS437ST"
@Kim_mee_Lan @CarolCamaslp @ScienceWDrDoug And this is pretty explosive. Pepe Escobar is one of the best independen‚Ä¶ https://t.co/4oU0iAULiQ
@SenTedCruz @SenateGOP  Ted Cruz Is the Disease https://t.co/FaQQk05snJ
Fauci calls out Fox for its silence after host compares him to Nazi doctor https://t.co/k3oG0FMNju via @CurrentStatus
"@NotSoSilentBob1 The source documents in the Dropbox are from NAIAD, which Tony Fauci leads (not President Trump).‚Ä¶ https://t.co/dxAPwMlW96"
Fauci calls out Fox for its silence after host compares him to Nazi doctor https://t.co/9V0SQXVYgy
@JDCBurnhil @MikeStuchbery_ @PrisonPlanet WHO and CDC don't recommend lockdowns. Fauci hasn't called for a lockdown‚Ä¶ https://t.co/g8FL0yraQR
Dr. Anthony Fauci pulled no punches while responding to Fox Nation host Lara Logan comparing him to¬†infamous Nazi w‚Ä¶ https://t.co/XZQMot8lUR
"@john_sipher We need to see Fauci lawyer up and sue Fox News into oblivion. Rand Paul, too."
@NotSoSilentBob1 Source documents are also provided in a Dropbox link in the below.  The NAIAD is led by Fauci (not‚Ä¶ https://t.co/xQyCBKDers
@NotSoSilentBob1 This doesn‚Äôt disprove he tortured beagles. It‚Äôs a typical ‚Äúfact check‚Äù that argues against some an‚Ä¶ https://t.co/u7ws0PqBbY
@NotSoSilentBob1 This doesn‚Äôt disprove he tortured beagles. It‚Äôs a typical ‚Äúfact check‚Äù that argues against some an‚Ä¶ https://t.co/IbeqibxCXm
"Fauci, HHS officials discuss using new virus from China to enforce universal vaccines in footage https://t.co/hui2b2kjzI"
Fauci disgusts me. https://t.co/Ko5Ju2kDmm
@RonFilipkowski Rand still can't get past the fact Fauci is a real doctor and could probably hold his own if his neighbor attacked him.
"Sorry, Mr. Adams but some people with children knew about the poisonous nature of vaccines before COVID was a twink‚Ä¶ https://t.co/xjiW8Aye5Z"
@sarahbeth345 mass consensus to deceive.  Even if it was deemed for the good of the masses (√† la Fauci ‚Äúnoble lies‚Äù‚Ä¶ https://t.co/Zlq5M2k5AF
"@KatiePhang What a peculiar quote, which appears nowhere under Dr. Fauci's name in the article. Please don't spread‚Ä¶ https://t.co/zQnPcU7s4k"
"Fauci may perceive that he will not persuade very many by going on Fox, and will serve mainly as a foil for anti-va‚Ä¶ https://t.co/sJO6udrKRV"
Fauci calls out Fox for its silence after host compares him to Nazi doctor https://t.co/4P5wUzhE80
"It‚Äôs amazing how many people think Fauci, an octogenarian, is trying to control the world for the time he has left‚Ä¶ https://t.co/EJviBOLOj3"
@TMunderwear @donsknots @McMuppet69 @oliverdarcy @chrislhayes I‚Äôm not led around‚Ä¶ you‚Äôre literally doing as you‚Äôve‚Ä¶ https://t.co/W8zaKjYumD
@NotSoSilentBob1 Fauci and Collins decided how to spend my tax dollars.   Makes me pissed too!
@TMunderwear @donsknots @McMuppet69 @oliverdarcy @chrislhayes No that‚Äôs what he said buttercup‚Ä¶ ‚Äúwhen you criticize‚Ä¶ https://t.co/Do6U74P5Un
@scottdrum Dr Pepper has more science than Fauci
@donsknots @McMuppet69 @oliverdarcy @chrislhayes She‚Äôs just quoting lord Fauci
"He's not listening to science. He's listening to Bill, Fauci and the rest of the Chyna puppet masters. And he's dru‚Ä¶ https://t.co/A0XUdWEXlv"
@chrislhayes and others:  Stop having Dr. Anthony Fauci on your program to have him refute the insane rantings of t‚Ä¶ https://t.co/j95GHo0lfP
DR FAUCI &amp;amp; THE TRUTH EXPOSED ON FILM! MUST BE SHARED! https://t.co/VLxudZKsEU
"If that‚Äôs not enough, look at what this MONSTER did with the HIV Virus. Not only were we LIED TO REGARDING THE ORIG‚Ä¶ https://t.co/f72TwK2ftG"
Do you love animals? FACT: The person YOU‚ÄôRE TRUSTING TO INJECT (UNKNOWN) SUBSTANCES INTO YOUR BODY &amp; WEAR MASKS is‚Ä¶ https://t.co/0UuO94gSmd
üòÇReport: Fauci Refusing Interview Invites from Fox News https://t.co/4zTbpjb37p via @BreitbartNews
FOX &amp; Friends host @kilmeade tells me he doesn't agree with @foxnation host @laralogan comparing Dr. Anthony Fauci‚Ä¶ https://t.co/DjcLjChF1C
"The first U.S. case of the omicron COVID-19 variant was discovered in San Francisco, California. The patient report‚Ä¶ https://t.co/SsWgRGb9f5"
@Jim_Jordan Real America ISN'T done with COVID.  My brother-in-law just died of complications from the virus. Those‚Ä¶ https://t.co/5g9wwx3OPw
@NotSoSilentBob1 Decisions on torturing beagles and giving bioweapons to our enemy are made at the director level o‚Ä¶ https://t.co/0fAB6SSnAS
Fauci blasted by PETA for using monkeys in 'horrendous HIV experiments' https://t.co/InQ824Ng1b
@Sbh08Mae #DemocratsDeliver ‚Ä¶ while Rethuglicans screech about Big Bird and Dr. Fauci.  #EndTheGOP https://t.co/oFUQ9JwIUx
"@NotSoSilentBob1 How would I know?  You could ask Fauci, but he lies incessantly.   He even lied under oath to the‚Ä¶ https://t.co/vFIVbTnwSd"
@NotSoSilentBob1 I don‚Äôt think we fully know the extent to which Fauci and Collins were working with Chinese commie‚Ä¶ https://t.co/PmT7RlJcDT
"@NotSoSilentBob1 Fauci and Collins lead NIH.   Well, I should say just Fauci as Collins just quit (he knows what‚Äôs‚Ä¶ https://t.co/a2to1mnJtT"
@atensnut Fauci is a hero! How can this site claim to be science?
"Dr. Dreidel is boosted and emotional.   Thank you Moderna, Rite Aid, Dr. Fauci, the Academy of Motion Pictures, the‚Ä¶ https://t.co/ILlQK34F5o"
"@RandPaul Says the guy who created his own ‚Äúboard‚Äù to claim he was a board certified ophthalmologist. Then, went on‚Ä¶ https://t.co/klNI4120f8"
"@sharkyrae It‚Äôs as genuine as a fake CDC Covid vaccination card. But, hey, Gorsuch granted Hobby Lobby a religious‚Ä¶ https://t.co/i5qMPlPheb"
@NotSoSilentBob1 You don‚Äôt have a point.   You have a ridiculous assertion that President Trump is responsible for‚Ä¶ https://t.co/FTuiYy5UWY
"This was a confession,not a joke.  Now we just need to see who controls Fauci. https://t.co/3bPny9rYmr"
"He makes Mengele *almost* look like a saint.  That said, Fauci needs to be tried for crimes against humanity.  In t‚Ä¶ https://t.co/9ETd1QUIg4"
@RandPaul Jesus why does Rand Paul have such a hard on for Fauci is it because RP could never even hope to be as wi‚Ä¶ https://t.co/YTlnI7feV7
"@laurenboebert What if you got chlamydia? Would you call Dr. Fauci or Joe Rogan? Wait, Who are we kidding. It was p‚Ä¶ https://t.co/If3WvHaNPH"
@NotSoSilentBob1 Your logic is ridiculous.   You want to blame Fauci‚Äôs decision to fund the torturing of puppy beag‚Ä¶ https://t.co/kFEkPkAtMN
@DonaldJTrumpJr Because it's impossible to police that. You can't blame Biden and Fauci for things out of anyone's control.
But also they‚Äôre all tired of Fauci and Covid‚Ä¶ https://t.co/NgaLU4o0qK
"@KajAccord @tomselliott Remember how all those republican congress members were warned about how bad covid was, ear‚Ä¶ https://t.co/52bnsbTshk"
@MichaelPSenger How can we simply make Fauci go away?
Comment: How comparing Fauci to Nazi doctor helps Laura Logan https://t.co/9yg5vxntLi
Even Bob is not okay with torturing beagles. No one is okay with Fauci torturing beagles. Not cool! https://t.co/GXr2cTMicU
Dr. Fauci will be saving lives while Republicans keep doing what they do best LYING!! https://t.co/hqzLRmuJOS
"@JoeBiden just joked that Fauci was actually POTUS, not him...more truth in that than he could imagine."
"@LibertyJen If Fauci is Atlas, then I am definitely ""shrugging"" him üòâ"
Mad Dr. Fauci displays his arrogance and egomania once again. He should be fired and charged with crimes against hu‚Ä¶ https://t.co/U3magh2QSl
"@DrEricDing I'm a simple man.  I see Dr. Fauci speaking, I upvote."
@JoeConchaTV Ouchy Fauci.  He continues to injure himself every time he speaks.  His hypocrisy and confusion make J‚Ä¶ https://t.co/Gv6ke4ZZLV
"Piers Morgan Filets Fauci, Says He Needs to 'Put His Ego Away' and 'Shut Up' https://t.co/f7bf5Il8Pv"
@rachaelmbade @AlexThomp Wow. Are you f ing kidding me? They don‚Äôt give one shit about what Fauci or Biden says.
"@adrianleaks @GOP Fauci served all of Us his entire professional life These guys serve themselves only, end of stor‚Ä¶ https://t.co/hX9BW8OOKt"
Rand Paul: ‚ÄòFauci Should Go to Prison for Five Years for Lying to Congress [Video] https://t.co/me3iJ1QHRZ via @BreitbartNews
"If you do follow Fauci, be careful about getting too close. You might catch AIDS. https://t.co/dLlc9AdmFU"
@NotSoSilentBob1 Are you trying to blame President Trump for the torturing of innocent little beagle pups by Tony F‚Ä¶ https://t.co/VlQwo6BYcn
Dr. Fauci Explains How Unvaccinated Republicans Allow COVID Variants To Flourish https://t.co/qpv2nzjS6T via @politicususa
Senate's DUMBEST REPUBLICAN Pretty Sure Dr. Fauci Overreacted To AIDS Too https://t.co/pyo1UUr0yM
"It is the China Virus. Fauci provided gain of function and Xi weaponized. Thousands died,jobs destroyed, economies‚Ä¶ https://t.co/5ZpDRCtLiv"
Exclusive ‚Äî Sen. Rand Paul: ‚ÄòVaccine Hesitancy‚Äô Is ‚ÄòMostly a Response to Misinformation‚Äô from Fauci and ‚ÄòBig Govern‚Ä¶ https://t.co/Tb3s19PcpI
"Nope, it's not gonna work this time.  #FauciLiedMillionsDied #FauciLied #Fauci https://t.co/o85c06CupX"
@NotSoSilentBob1 President Trump stopped travel for Chinese nationals in Feb of 2020 against the advice of Fauci (w‚Ä¶ https://t.co/qwHlliTN6M
Dr Fauci warns Americans might have to receive COVID vaccine every year - but says it's STILL safe to travel for th‚Ä¶ https://t.co/3bTKXXoC5a
@MarkChangizi Do they know what a light bulb is without protocol from Fauci?
@NotSoSilentBob1 Are you asking me who was President when Fauci and Collins funded the torturing of beagles and GOF research in Wuhan?
"Thank YOU!  @jimmykimmel    Dr. Fauci has been there every step,of the way trying to keep us alive during #COVID19.‚Ä¶ https://t.co/gvPZ6Z9GBs"
"@NotSoSilentBob1 President Trump didn‚Äôt decide to fund GOF research in Wuhan or to torture beagles, but Tony Fauci‚Ä¶ https://t.co/2gN9EaRjOg"
@NotSoSilentBob1 The President of the United States of America is not responsible for the decision of Fauci and Col‚Ä¶ https://t.co/f0YRC1waZQ
@irritatedwoman @DonaldJTrumpJr Do you think Trump has any power to fire Fauci?
@Angry_Staffer I think Fauci should have resigned (along with Birx). Rather than lend any shred of credibility to individual 1.
New CDC guidelines for international travel expected amid spread of omicron variant https://t.co/ELVqIaehZq
People who compare Dr. Fauci to Josef Mengele... I just realized these are people who admire Mengele and his ideolo‚Ä¶ https://t.co/hA6ygqpwAP
"@mattyglesias Also, Fauci didn't ""push a vaccine"" for AIDS because there isn't one yet."
"@NigeriaNewsdesk @todayng Quick, shut the country down. Bring back all the cult practices. Wear the damn coffee fil‚Ä¶ https://t.co/5zZe8eSKlT"
"Omicron, Boosters, and Is Fauci a synonym for Science itself? https://t.co/ux7iPl0Qvq via @YouTube. Definitely wort‚Ä¶ https://t.co/AAslGgiyxP"
@ksorbs Maybe if you had listened to doctors like Dr. Fauci you wouldn't have had those massive strokes when in your 30s.
"It‚Äôs called the Fauci ouchi, not because of the vax, but because he oversees Monkey Island. It in-prisons thousands‚Ä¶ https://t.co/DJVCiZN9fE"
"@thehill At least it‚Äôs not Fauci. But, why Dolly?"
@Sloths7777 If Dr Fauci says I should üòâ
"@BuckSexton I got into it with a lady while filling my car with gas-she wanted me to mask up. I‚Äôm no scientist, but‚Ä¶ https://t.co/pLfAR8Y0Q5"
Ted Cruz called Dr Fauci 'the most dangerous bureaucrat' after the healthcare expert said he represented science‚Ä¶ https://t.co/wqdKKJ1Btr
"@MarshaBlackburn Well, Biden was going to let the horse paste guy run the show instead of Fauci, but he was in the‚Ä¶ https://t.co/Lh8z3G42MO"
"‚ÄúWe knew that it was just a matter of time before the first case,‚Äù Fauci said. ‚ÄúWe know what we need to do to prote‚Ä¶ https://t.co/N5xmgOAWOL"
@AriFleischer Of course not. Fauci said it himself today. Not sure why he is answering questions like that.
@j3ssi3 @UpdatesOil We should welcome Omni-CON w/ open arms!  Only mild symptoms (esp for those vax'd) &amp; very few h‚Ä¶ https://t.co/IyvcJgqujZ
"The more I read this book, the angrier I get. Fauci is pure evil."
@rummelwinkin @JohnRei15574087 You talking to me or the guy who thinks Fauci is evil?
Anthony Fauci hasn‚Äôt taken a day off in 20 months. Here‚Äôs how he stays so productive https://t.co/6Fc2oe59ln
"@86Biden @MarshaBlackburn what is your citation, and what is your point? How does this relate to Dr. Fauci?"
"@NotSoSilentBob1 You could ask Fauci, but of course he would by lying. He lies incessantly. He even lied under oath‚Ä¶ https://t.co/XubCyIggyq"
@NotSoSilentBob1 Fauci and Collins restarted the funding for GOF research in Wuhan.   Very stupid and vert evil.‚Ä¶ https://t.co/8jBk9bSLSN
"Sen. Ted Cruz: Fauci is ‚Äòthe most dangerous bureaucrat in the history of America,‚Äô has ‚Äòdelusions of grandeur‚Äô https://t.co/qUYVbwbH6B"
Fauci on CNN right now saying that Covid is our common enemy so everyone needs to do and trust whatever he says to‚Ä¶ https://t.co/ygUt3XtmhB
@NotSoSilentBob1 Yes. Fauci and Collins. They should be in federal prison.
So like if Fauci is science does that mean he can answer like any question about science?   How long until we can t‚Ä¶ https://t.co/qldP24x1Eu
@stoolpresidente We aren‚Äôt human to the radical left. We might as well be Fauci beagles if they had their way.
This seems unnecessary at this time doesn't it? Are we knee jerking this entire pandemic with hopes and dreams? Or‚Ä¶ https://t.co/ESYm5nz1Bk
Dr Birx (scarf wearing MD w/ Fauci) was apprehended months ago.  @realBradStaggs @RealRonPhillips @_battle4freedom‚Ä¶ https://t.co/eQExxMbNcQ
"Are these old white dudes on crack?   On World AIDS Day, no less. https://t.co/mEdJQN9ZQ5 via @HuffPostPol"
"@44MagnumBlue1 Omnicon is ruling too many minds trusting in big government. How many lies do they get under Obama, Fauci and Biden?"
Fauci is right: Science is not static. https://t.co/CpKigIejEb
@Brook3MH i got it before too. but be safe and yk follow the cdc guidelines n stuff
How did Fauci overhype aides üíÄ https://t.co/wOTvfLqYhR
"@NotSoSilentBob1 Honestly, I can‚Äôt believe you are okay with torturing cute little beagles.   Fauci = beagle tortur‚Ä¶ https://t.co/HJI6jgNd7g"
Masks scientifically have been proven NOT to work. The spread is both slowed or sped up by masked or maskless folks‚Ä¶ https://t.co/buylhfdyhl
"@timjhogan &gt;&gt;Fauci did the exact same thing with AIDS... ignoring therapy, pushing a vaccine""  @RonJohnsonWI way to‚Ä¶ https://t.co/fuG481lkV6"
"@NotSoSilentBob1 That‚Äôs when Fauci and Collins wanted to give money and technology to Chinese communists, who creat‚Ä¶ https://t.co/KdX2pxbU6b"
"""Dr. Anthony Fauci told reporters the person was a traveler who returned from South Africa on Nov. 22 and tested po‚Ä¶ https://t.co/K2uBZlSRz0"
@NotSoSilentBob1 It‚Äôs Fauci and Collins.   They run NIH and NIH funded GOF research in Wuhan through EcoHealth Alli‚Ä¶ https://t.co/SsBspAl30e
When will you realize that not everything is a conspiracy. I don‚Äôt like the worshipping of fauci either but this is‚Ä¶ https://t.co/XLdzyrdlWt
More evidence that @FoxNews is just propaganda.  https://t.co/J07NNnYoe1
Fox News should suspend commentator @laralogan (remember her debunked Benghazi story on 60 Minutes?) for her defama‚Ä¶ https://t.co/kCzJoxSHMe
@tomahawk784 @ABC Yes. Dr Fauci supports it and he is one of the top doctors
Where was the GOP anger when Trump was holding huge rallies with maskless people standing so close together they co‚Ä¶ https://t.co/lF6wQH7gcf
It‚Äôs here.   CDC: COVID-19 Omicron is in the US (SlashGear)  https://t.co/n0HjGXFvtS
"@RevShark Fauci said masks don‚Äôt help,once"
Trump and fauci weren't best friends at that point as I recall. That's when fauci used to stand behind Trump with h‚Ä¶ https://t.co/EDNXpTEnCB
"@redknitterPNW @thausman @RuthAPeterson BTW, you're lying about Fauci. https://t.co/XFnqd0lYkl"
(AP) A person in California who had been vaccinated against COVID-19 became the first in the U.S. to have an identi‚Ä¶ https://t.co/G07EOGqEn7
A person in California has become the first ¬†in the U.S. to have an identified case of the omicron variant of COVID‚Ä¶ https://t.co/oUTXzXzepO
A person in California has become the first ¬†in the U.S. to have an identified case of the omicron variant of COVID‚Ä¶ https://t.co/As1BZqkI7i
'This will end. I promise you. This will end.'  Dr. Anthony Fauci just now on the pandemic. https://t.co/XDVWDyFzQ3
"Listened to the SCOTUS Dobbs arguments today and came away with these things:  1. In the entire state of MS, there‚Äô‚Ä¶ https://t.co/FbGSGa9cjV"
@AeroDispatch @BobMcGwier_N4HY @Fendaren @TheProjectUnity False. Being vaccinated does not stop you from catching C‚Ä¶ https://t.co/VXRT0hIGMo
"""What justified a travel ban on [African] countries that had zero cases of Coronavirus?"" an African reporter asks F‚Ä¶ https://t.co/T2vH3Dgw3c"
Fauci says foreign travelers must get tested within 3 days of travel.
"Fauci says we should all get the booster for ""optimal"" protection."
Fauci: 1st US case of COVID-19 omicron variant identified https://t.co/dYpA2jY6VV via @seattletimes
FAUCI: We do not have enough infornation right now to determine if a separate shot for Omicron will be required.  H‚Ä¶ https://t.co/OGx6fTFj1Z
@FoxNews China absolutely should pay reparations for the entire world for unleashing the covid-19 fauci is also par‚Ä¶ https://t.co/LBKIFjAOVQ
Fauci: 1st US case of COVID-19 omicron variant identified https://t.co/EwAXRlyPoJ
Dr. Fauci:  Omicron variant confirmed in California form a traveler from South Africa.  This is the frist confirmed‚Ä¶ https://t.co/DlcB4TiI2P
Excellent book. A fine historical document of what really happened. Early rise of Birx and Fauci to god status real‚Ä¶ https://t.co/6z9TfvfL26
"Reading Ted Cruz's remarks against Dr. Fauci, shocked &amp; sickened that *ever* supported the former. At the same time‚Ä¶ https://t.co/02EiKDQy1G"
"@tenli12 @tomstoner3 @droelke @Schmides31 @jwestonharvey @Gregory01072022 At this point, with the wealth of informa‚Ä¶ https://t.co/Xeqv6GGK1n"
@EricBoehlert @MrWednesday11 FOX: It's just a harmless flu virus FOX: Fauci used the Wuhan Lab to develop a deadly‚Ä¶ https://t.co/xuNsRWkg3V
Jimmy Kimmel Has Had Enough of Scumbags Attacking Dr. Fauci for Trying t... https://t.co/OUTUrDAk8E via @YouTube
From what I understand lady was kicked out of some casino for not wearing mask. For this and all suing Fauci and FBI.
Lady at SF airport is severely planning to sue Dr. Fauci.
Holocaust survivor responds to Fox host comparing Fauci to a Nazi https://t.co/PxpKZ3ZNjL.   Look where the story c‚Ä¶ https://t.co/Rii3RL46aD
"Tom Cotton Slammed After Suggesting That Dr. Fauci Is Not a ""Public Health Professional"" https://t.co/2QXmBxiGgF via @politicususa"
Fox Nation's @laralogan has been denounced by several prominent Jewish groups and the @AuschwitzMuseum after she co‚Ä¶ https://t.co/sQL32aAMso
"Jimmy Kimmel explained exactly why he's done with right-wing ""screwballs"" attacking Anthony Fauci.‚Ä¶ https://t.co/FFFUr3OR1D"
@SageJustice138 @szarkooo @TheDannyCage Debunked huh?  Considering it was Fauci's reasoning for reevaluating and re‚Ä¶ https://t.co/hVXNEE7DCk
"@MickFluet @SageJustice138 @szarkooo @TheDannyCage Well, considering Fauci claimed the viral load was the same and‚Ä¶ https://t.co/wHtbvheHyQ"
"@NotSoSilentBob1 Fauci decided to fund EcoHealth Alliance, not President Trump."
Dr.Fauci thinks it's all about Pres.Trump's fans still¬ø https://t.co/4SvEsbdW1W
"@NotSoSilentBob1 The details of funding EcoHealth Alliance would be at the director level of the NIH, which was / is Tony Fauci."
@KOINNews Its not the GOP. Its obvious to anyone. Dr Fauci should resign.
"In case you needed the smallest of pick-me-ups this morning:  A Dr. Fauci ornament exists, &amp; he has a sparkly steth‚Ä¶ https://t.co/Bj3u6UHW9d"
"@ActualDemocrat1 Perhaps, it is the vaccinated who should stay out of the hospital. If the vaccine didn‚Äôt work, the‚Ä¶ https://t.co/uz1BYvAf7x"
"@saletan DIDN'T BIDEN FAUCI AND PELOSI ALL SAY NO MANDATE FOR VACCINE,     GO LOOK AT THEIR PREVIOUS COMMENTS"
@NotSoSilentBob1 Fauci approved the NIH budget. Obviously. It‚Äôs his budget. He sent the money to EcoHealth Alliance‚Ä¶ https://t.co/DuF2MWb4FR
@RockawayBH @ScottAdamsSays Fauci cultist I see https://t.co/cP3pARkuXo
@MirkoZapparoli Fauci is a saint compared to Mengele. It's no wonder that fascism started in Italy. It continues there to this day.
Fauci as Darth Vader of the Covid wars - Asia Times https://t.co/bK5IaLFebR
"This is abhorrent! It's Trump and his followers who support Nazis. In no way is Fauci acting like Mengele.  ""Lara L‚Ä¶ https://t.co/LQpK4sL5fR"
"@gmfk78 @Ebony84Rose @VP 800,000 american's have died of covid since Jan 2020. Fauci is our nations leading expert‚Ä¶ https://t.co/MSe7HjrKYh"
@newsmax @KamalaHarris and Fauci are only there to make sure he doesn't shit himself.
"@RockCandyMag Simple!! Edwin Starr's WAR  Bruce Springsteen covered it.. Prior said to the audience ""If you follow‚Ä¶ https://t.co/gN6mPamhqi"
.@TimesofIsrael is a POS gutter rag known for publishing serial hoaxes as real news. But this promotion of book by‚Ä¶ https://t.co/HEMbVyWXV2
Families at a pop-up COVID-19 clinic in Washington D.C. got a surprise as former President Barack Obama and Dr. Ant‚Ä¶ https://t.co/PoIiv4mUJr
"Omicron, Boosters, and Is Fauci a synonym for Science itself? https://t.co/KWbl9VqSsJ via @YouTube"
"@math_rachel I love this, it summarizes my thoughts very well, which have been hard to articulate without coming ac‚Ä¶ https://t.co/x0BYsky1Vw"
Auschwitz Museum Condemns Fox Nation Host Lara Logan For Fauci Comments | HuffPost Latest News https://t.co/tLJWmTQZt0
@GregNugget @DanCrenshawTX You are fooling yourself if you think Fauci is NOT a politician. The real question is wh‚Ä¶ https://t.co/L4xVMhUESl
@hodgetwins Because Dr Fauci funded gain of function research on Omicron Persei 8
"Open SmartNews and read ""Dr. Anthony Fauci says we should do 8 things to deal with the Omicron variant"" here:‚Ä¶ https://t.co/99muxfBrHW"
They already don't care about Fauci's deadly inaction during the early AIDS plague years. His inaction cost many li‚Ä¶ https://t.co/liOcuI6gXO
"@davidsirota At this point, it would be best to just let the mild omicron variant spread &amp; let human immune systems‚Ä¶ https://t.co/U3cm5Zviwi"
@JaniceBrauner Fauci's never heard the term 'non-sequitur' it seems.
"He's also 80 years old. At that age, you can't be a:  Pilot (age 65) FBI agent (57) Foreign service worker (65) UN‚Ä¶ https://t.co/2JAqjyGOPl"
"@RWMaloneMD Most excellent. In the meantime, read this: https://t.co/xgL3Rchdlf"
"@ggreenwald Glenn, please have @RealPepeEscobar on #SystemUpdate to discuss his review of RFK Jr.‚Äôs book. https://t.co/xgL3Rchdlf"
"YouTube Censored Silly Music Video About Dr. Fauci, Cult Of Fauci Goes NUTS https://t.co/E791NZv4bg via @YouTube"
@barstoolsports Is that fauci
"@LorenzoTheCat Google what Fauci did to Beagles, and you‚Äôll change your mind."
"@Breedlove22 @mattmurphylol69 yes, but immunity means ability to resist, does not mean you can‚Äôt test positive. ps,‚Ä¶ https://t.co/0gGWzkwlQ4"
@stilton54 @ProfessorShaw @DAaronovitch So for five straight years people can call white people in politics(and not‚Ä¶ https://t.co/cT2zV4hAvR
"Celebrating Hanukkah...Fox host compares Dr. Anthony Fauci to ‚ÄúJosef Mengele, the Nazi doctor who did experiments o‚Ä¶ https://t.co/FZ8loL6sWD"
"Racist Disney animated character Tom Cotton tells Fox News that Fauci ""became an open partisan"" with Cruz criticism‚Ä¶ https://t.co/9K7k96ByMG"
"Tom Cotton Slammed After Suggesting That Dr. Fauci Is Not a ""Public Health Professional"" https://t.co/2QXmBxiGgF via @politicususa"
I can't believe Laura Logan was allowed to be on 60 Minutes all those years. And now she's slipped over to the dark‚Ä¶ https://t.co/jejFz70aMP
You know what I always find so interesting? People like #Fauci say ‚Äúwe have to prepare for the worst‚Äù regarding a v‚Ä¶ https://t.co/uipMrfKRlD
@chrismartenson Everyone has abdicated to the üòà Fauci.  Someone has to be the fall guy in the end.  His ‚Äúfall from‚Ä¶ https://t.co/YFBqPHiFpq
@JoyceWhiteVance Be ready to deal with the anti mask trope that Fauci authored a study that showed wearing a mask c‚Ä¶ https://t.co/6wt4zPIFow
Ted Cruz: Fauci is the ‚ÄòMost Dangerous Bureaucrat‚Äò in U.S. History https://t.co/Xm2kSC9tOo via @BreitbartNews
Dr. Fauci fires back at the sniveling Trump bootlickers. https://t.co/T9qRMELdmA
@oliverdarcy Is she blaming Fauci for creating COVID? This clip doesn‚Äôt make any sense
@NotSoSilentBob1 Fauci did. It‚Äôs Fauci‚Äôs budget. He is the one that decides what gets funded. He is the money man.‚Ä¶ https://t.co/E8ZpuhihBd
"Ted Cruz Crowns Fauci ""The Most Dangerous Bureaucrat in American History;"" Says Gain of Function Lies Could Land Hi‚Ä¶ https://t.co/JfzaycDgd9"
.@CDCgov strengthened its recommendation for #college age students in response to the omicron variant ‚§µÔ∏è https://t.co/cOoWpqFqrK
@ThomasJ61314367 @Notorious_FCB @TheMystic777 @QasimRashid @BTrusty504ever @BotSentinel Lmao what does bot sentinel have to do with Fauci?
"Cruz, a Christian, saying Fauci has hurt the credibility of ‚Äúscience‚Äù more than anyone else.  *(I‚Äôm sure he‚Äôs refer‚Ä¶ https://t.co/9dybsvy4tX"
@NotSoSilentBob1 Yes. Tony Fauci and Francis Collins had / have all the power.
@NotSoSilentBob1 Nope. It was Fauci.
@DrEliDavid Imagine Fauci standing before God on judgment day. Wonder if his tone changes‚Ä¶ ü§î
@NotSoSilentBob1 Tony Fauci didn‚Äôt disclose to the President or top White House officials his restarting of GOF res‚Ä¶ https://t.co/VVj53e4kjI
@tedlieu @laralogan Thank you Ted Lieu. You are 200 percent correct.  I lost family in the holocaust.  Comparing th‚Ä¶ https://t.co/ujfh55XJBu
why do mutations occur which change the birus!?? It is a Medical War.  delta delter #proppaties Fauci the PR man is‚Ä¶ https://t.co/4G8Z0J6BQ3
@SteveSchmidtSES @laralogan @rupertmurdoch @FoxNews This now goes into illegality.  Dr Fauci needs to personally su‚Ä¶ https://t.co/Cy9bpX9Z7M
"Fauci: Importantly, it has not yet been detected in the United States.    It has been called ""Omicron"" by the WHO,‚Ä¶ https://t.co/WFuxjC0PQE"
Fauci on Omicron: The thing that got everyone's attention was the large number of mutations -- around 50 -- much la‚Ä¶ https://t.co/182hg1KRDA
"@DrEliDavid Science in response: ""I'm not Fauci!"" He conveniently forgot that there are doctors and researchers tha‚Ä¶ https://t.co/AQ5ur1Qt2j"
@DrEliDavid Dr. Anthony Fauci hasn't done science in decades. He's a bureaucrat.
@FaceTheNation @margbrennan The hostess is incapable of tough questions! I love Fauci! She enabled Cruz
CNN: Anti-Defamation League and Auschwitz Museum condemn Fox host for comparing Fauci to Nazi doctor who performed‚Ä¶ https://t.co/jitz7fvwBS
@NickAdamsinUSA Can Fauci and Wuhan make a variant that just give people rancid gas with a good case of the shits?
@NotSoSilentBob1 You have nothing here. Just a bunch of jumbled comments thrown together.   You give Fauci a comple‚Ä¶ https://t.co/NWFHOCSnoP
@TimesofIsrael The Doctor started somewhere.  Fauci is not science.  He helped China develop gain of function techn‚Ä¶ https://t.co/4fA5lrFO8I
"I see @DailyMailUK @DailyMail are really pushing the ""#Fauci is a bad guy"" narrative.  #DoBetter"
@KatePaulDillon 100% indisputable fact as is Kariko's work. I did not say that he deserves ALL the credit but Dr. F‚Ä¶ https://t.co/R52RZHMOzG
@Karoli Dr. Fauci is demonized for what? Most epidemiologists in and out of government say exactly the same things‚Ä¶ https://t.co/pWUQual2o1
A modest (I think) ask of the people who have spent the pandemic making Holocaust analogies/misappropriating yellow‚Ä¶ https://t.co/qB2e9XOBpI
ADL Denounces Fox‚Äôs Lara Logan for Comparing Fauci to Nazi War Criminal https://t.co/iznqNkXOHO via @thedailybeast
"@JReinerMD So if you ever get a chance to watch the network,it's not just her,the whole network verbally chastises‚Ä¶ https://t.co/57GfwjMQUZ"
MORON ALERT: ‚Å¶@TuckerCarlson‚Å© Makes Unhinged Comparison To Anthony Fauci  https://t.co/YMgU4gqJtZ
@laralogan compared Dr. Fauci to a Nazi doctor. Lara's mom compared her to a fucking idiot. so there's that!
PIERS MORGAN: Fauci should park his gigantic ego and shut up¬† https://t.co/vJb7grNu4H via @MailOnline
@scottm00re We all have a great deal of sympathy for her ordeal those many years ago.  But that ordeal doesn't expl‚Ä¶ https://t.co/Hnwed1U9SD
"@stuartpstevens This is crazy stuff! Fox / gop is using Fauci as scape goat because they have killed 509,000 with t‚Ä¶ https://t.co/Yrr7JMtaKH"
Critics of Dr. Fauci who say he is a fraud fail to realize that most of what we know ab the Coronavirus came from h‚Ä¶ https://t.co/BFPrEPtQuj
"What Dr. Fauci says: ‚ÄúI am Science.‚Äù  What someone who has studied history, religion, or free thought hears: ‚ÄúBow b‚Ä¶ https://t.co/aKQv9ERIJQ"
Piers Morgan Says Fauci Should ‚ÄòPut His Ego Away‚Ä¶ And Shut The F*** Up‚Äô (VIDEO) https://t.co/NjbFxkWvOi via @gatewaypundit
@NBCNews It's linked to Host # 1 ...What else was present in Host # 1...Then emerged from Host # 1 with 32 Gain Of‚Ä¶ https://t.co/efkudKuyWS
@randpaul The quack who certified himself as a doctor because he couldn't get a real Medical Board to do it thinks‚Ä¶ https://t.co/1GhuJWeXAD
"Paul, Cotton, and Cruz Go to Town on Fauci's Egomania https://t.co/YBfN9aKPwB   @RandPaul @SenTomCotton @SenTedCruz"
@tedcruz Start with Trump https://t.co/bfvQFCNbaK
YouTube Censors Song Exposing Fauci As A ‚ÄòSad Little Man‚Äô https://t.co/qScXc3V2H8
Watch: FNC‚Äôs Carlson: ‚ÄòTony Fauci Has Morphed into an Even Shorter Version of Benito Mussolini‚Äô https://t.co/6VNonuIvZR
@MAST_Cyber Remember ‚ÄúDr‚Äù Fauci was there saying it also until about May.
Rand Paul: Fauci Science Declaration ‚ÄòConjures Up Images of the Medieval Church‚Äò [Video] https://t.co/iW4iH4p3Q3 vi‚Ä¶ https://t.co/OEBpbD2h1Z
"I agree with Cotton here.  Fauci has literally said too much, and should no longer be the front person. https://t.co/TIZJvxWRVX"
"‚ÄúIf you damage science, you are doing something detrimental to science, long after I leave.‚Äù ‚Äî Dr. Fauci  This is t‚Ä¶ https://t.co/xMcORreHvP"
Fauci fires back at Cruz over COVID claims about Chinese lab https://t.co/6duyYHJ4h0
#Fauci claiming he is science is the equivalent of a Priest claiming he is #God
